{
	"format_version": "1.12.0",
	"minecraft:geometry": [
		{
			"description": {
				"identifier": "geometry.unknown",
				"texture_width": 128,
				"texture_height": 128,
				"visible_bounds_width": 2,
				"visible_bounds_height": 1.5,
				"visible_bounds_offset": [0, 0.25, 0]
			},
			"bones": [
				{
					"name": "chainsaw",
					"pivot": [-0.025, 0.06875, 0.56],
					"cubes": [
						{
							"origin": [-0.445, -0.14125, -1.54],
							"size": [0.84, 0.35, 4.2],
							"uv": {
								"north": {"uv": [33, 44], "uv_size": [1.5, 0.5]},
								"east": {"uv": [42, 23], "uv_size": [7.5, 0.5]},
								"south": {"uv": [35, 44], "uv_size": [1.5, 0.5]},
								"west": {"uv": [42, 24], "uv_size": [7.5, 0.5]},
								"up": {"uv": [5, 36], "uv_size": [1.5, 7.5]},
								"down": {"uv": [24, 43.5], "uv_size": [1.5, -7.5]}
							}
						},
						{
							"origin": [-0.55, -0.31625, 0.42],
							"size": [1.05, 0.49, 0.28],
							"uv": {
								"north": {"uv": [42, 41], "uv_size": [2, 1]},
								"east": {"uv": [45, 22], "uv_size": [0.5, 1]},
								"south": {"uv": [43, 21], "uv_size": [2, 1]},
								"west": {"uv": [24, 45], "uv_size": [0.5, 1]},
								"up": {"uv": [44, 17], "uv_size": [2, 0.5]},
								"down": {"uv": [44, 18.5], "uv_size": [2, -0.5]}
							}
						},
						{
							"origin": [-0.55, -0.31625, 2.1],
							"size": [1.05, 0.49, 0.28],
							"uv": {
								"north": {"uv": [43, 22], "uv_size": [2, 1]},
								"east": {"uv": [25, 45], "uv_size": [0.5, 1]},
								"south": {"uv": [33, 43], "uv_size": [2, 1]},
								"west": {"uv": [30, 45], "uv_size": [0.5, 1]},
								"up": {"uv": [44, 19], "uv_size": [2, 0.5]},
								"down": {"uv": [20, 44.5], "uv_size": [2, -0.5]}
							}
						},
						{
							"origin": [-0.55, -0.31625, -1.26],
							"size": [1.05, 0.49, 0.28],
							"uv": {
								"north": {"uv": [35, 43], "uv_size": [2, 1]},
								"east": {"uv": [31, 45], "uv_size": [0.5, 1]},
								"south": {"uv": [37, 43], "uv_size": [2, 1]},
								"west": {"uv": [33, 45], "uv_size": [0.5, 1]},
								"up": {"uv": [44, 20], "uv_size": [2, 0.5]},
								"down": {"uv": [22, 44.5], "uv_size": [2, -0.5]}
							}
						},
						{
							"origin": [-0.96897, -2.73228, -3.36],
							"size": [1.88794, 1.68103, 6.60625],
							"uv": {
								"north": {"uv": [36, 26], "uv_size": [3.5, 3]},
								"east": {"uv": [24, 8], "uv_size": [12, 3]},
								"south": {"uv": [36, 29], "uv_size": [3.5, 3]},
								"west": {"uv": [24, 11], "uv_size": [12, 3]},
								"up": {"uv": [16, 18], "uv_size": [3.5, 12]},
								"down": {"uv": [20, 20], "uv_size": [3.5, -12]}
							}
						},
						{
							"origin": [-0.96888, -3.21548, -4.09757],
							"size": [1.88782, 2.20603, 0.595],
							"pivot": [-0.025, -0.45661, -4.08956],
							"rotation": [15.5, 0, 0],
							"uv": {
								"north": {"uv": [28, 2], "uv_size": [3.5, 4]},
								"east": {"uv": [15, 42], "uv_size": [1, 4]},
								"south": {"uv": [32, 2], "uv_size": [3.5, 4]},
								"west": {"uv": [16, 42], "uv_size": [1, 4]},
								"up": {"uv": [42, 25], "uv_size": [3.5, 1]},
								"down": {"uv": [33, 43], "uv_size": [3.5, -1]}
							}
						}
					]
				},
				{
					"name": "bone",
					"parent": "chainsaw",
					"pivot": [-0.025, -2.13625, 0],
					"cubes": [
						{
							"origin": [-0.375, -0.49125, -6.72],
							"size": [0.7, 0.42, 9.96625],
							"uv": {
								"north": {"uv": [5, 44], "uv_size": [1.5, 1]},
								"east": {"uv": [28, 0], "uv_size": [18, 1]},
								"south": {"uv": [44, 16], "uv_size": [1.5, 1]},
								"west": {"uv": [28, 1], "uv_size": [18, 1]},
								"up": {"uv": [24, 14], "uv_size": [1.5, 18]},
								"down": {"uv": [26, 32], "uv_size": [1.5, -18]}
							}
						},
						{
							"origin": [-0.63098, -0.45419, -6.71994],
							"size": [0.84, 0.315, 9.96615],
							"pivot": [-0.07098, -1.25919, 0],
							"rotation": [0, 0, 45],
							"uv": {
								"north": {"uv": [37, 44], "uv_size": [1.5, 0.5]},
								"east": {"uv": [36, 32], "uv_size": [18, 0.5]},
								"south": {"uv": [39, 44], "uv_size": [1.5, 0.5]},
								"west": {"uv": [36, 33], "uv_size": [18, 0.5]},
								"up": {"uv": [28, 14], "uv_size": [1.5, 18]},
								"down": {"uv": [8, 48], "uv_size": [1.5, -18]}
							}
						},
						{
							"origin": [-0.25902, -0.45419, -6.71994],
							"size": [0.84, 0.315, 9.96615],
							"pivot": [0.02098, -1.25919, 0],
							"rotation": [0, 0, -45],
							"uv": {
								"north": {"uv": [41, 44], "uv_size": [1.5, 0.5]},
								"east": {"uv": [36, 34], "uv_size": [18, 0.5]},
								"south": {"uv": [44, 41], "uv_size": [1.5, 0.5]},
								"west": {"uv": [36, 35], "uv_size": [18, 0.5]},
								"up": {"uv": [10, 30], "uv_size": [1.5, 18]},
								"down": {"uv": [12, 48], "uv_size": [1.5, -18]}
							}
						},
						{
							"origin": [-0.96897, -1.05125, -6.72],
							"size": [1.88794, 0.38603, 9.96625],
							"uv": {
								"north": {"uv": [39, 43], "uv_size": [3.5, 0.5]},
								"east": {"uv": [36, 36], "uv_size": [18, 0.5]},
								"south": {"uv": [43, 43], "uv_size": [3.5, 0.5]},
								"west": {"uv": [37, 2], "uv_size": [18, 0.5]},
								"up": {"uv": [0, 18], "uv_size": [3.5, 18]},
								"down": {"uv": [4, 36], "uv_size": [3.5, -18]}
							}
						},
						{
							"origin": [-0.61897, -0.66625, -6.72],
							"size": [1.18794, 0.17603, 9.96625],
							"uv": {
								"north": {"uv": [24, 44], "uv_size": [2, 0.5]},
								"east": {"uv": [37, 3], "uv_size": [18, 0.5]},
								"south": {"uv": [30, 44], "uv_size": [2, 0.5]},
								"west": {"uv": [37, 4], "uv_size": [18, 0.5]},
								"up": {"uv": [20, 20], "uv_size": [2, 18]},
								"down": {"uv": [22, 38], "uv_size": [2, -18]}
							}
						}
					]
				},
				{
					"name": "bone2",
					"parent": "chainsaw",
					"pivot": [-0.025, -1.64625, 0],
					"cubes": [
						{
							"origin": [-0.26052, -3.56861, -3.36],
							"size": [0.47104, 0.27736, 6.60625],
							"uv": {
								"north": {"uv": [34, 45], "uv_size": [1, 0.5]},
								"east": {"uv": [37, 5], "uv_size": [12, 0.5]},
								"south": {"uv": [35, 45], "uv_size": [1, 0.5]},
								"west": {"uv": [37, 6], "uv_size": [12, 0.5]},
								"up": {"uv": [36, 2], "uv_size": [1, 12]},
								"down": {"uv": [4, 48], "uv_size": [1, -12]}
							}
						},
						{
							"origin": [-0.47896, -3.44313, -3.36],
							"size": [0.84, 0.315, 6.60625],
							"pivot": [0.08104, -2.32313, 0],
							"rotation": [0, 0, -32.5],
							"uv": {
								"north": {"uv": [44, 42], "uv_size": [1.5, 0.5]},
								"east": {"uv": [37, 7], "uv_size": [12, 0.5]},
								"south": {"uv": [43, 44], "uv_size": [1.5, 0.5]},
								"west": {"uv": [37, 8], "uv_size": [12, 0.5]},
								"up": {"uv": [14, 30], "uv_size": [1.5, 12]},
								"down": {"uv": [30, 26], "uv_size": [1.5, -12]}
							}
						},
						{
							"origin": [-0.41104, -3.44313, -3.36],
							"size": [0.84, 0.315, 6.60625],
							"pivot": [-0.13104, -2.32313, 0],
							"rotation": [0, 0, 32.5],
							"uv": {
								"north": {"uv": [5, 45], "uv_size": [1.5, 0.5]},
								"east": {"uv": [37, 9], "uv_size": [12, 0.5]},
								"south": {"uv": [20, 45], "uv_size": [1.5, 0.5]},
								"west": {"uv": [37, 10], "uv_size": [12, 0.5]},
								"up": {"uv": [16, 30], "uv_size": [1.5, 12]},
								"down": {"uv": [18, 42], "uv_size": [1.5, -12]}
							}
						},
						{
							"origin": [-0.96897, -3.11728, -3.36],
							"size": [1.88794, 0.38603, 6.60625],
							"uv": {
								"north": {"uv": [44, 14], "uv_size": [3.5, 0.5]},
								"east": {"uv": [37, 11], "uv_size": [12, 0.5]},
								"south": {"uv": [44, 15], "uv_size": [3.5, 0.5]},
								"west": {"uv": [37, 12], "uv_size": [12, 0.5]},
								"up": {"uv": [8, 18], "uv_size": [3.5, 12]},
								"down": {"uv": [12, 30], "uv_size": [3.5, -12]}
							}
						},
						{
							"origin": [-0.40897, -3.29228, -3.36],
							"size": [0.76794, 0.17603, 6.60625],
							"uv": {
								"north": {"uv": [45, 21], "uv_size": [1.5, 0.5]},
								"east": {"uv": [37, 13], "uv_size": [12, 0.5]},
								"south": {"uv": [22, 45], "uv_size": [1.5, 0.5]},
								"west": {"uv": [36, 37], "uv_size": [12, 0.5]},
								"up": {"uv": [30, 26], "uv_size": [1.5, 12]},
								"down": {"uv": [32, 26], "uv_size": [1.5, -12]}
							}
						}
					]
				},
				{
					"name": "octagon",
					"parent": "chainsaw",
					"pivot": [0.71, -1.82125, 1.12],
					"cubes": [
						{
							"origin": [-1.0764, -2.19934, 0.2072],
							"size": [2.1028, 0.75619, 1.8256],
							"pivot": [0.71, -1.82125, 1.12],
							"rotation": [-45, 0, 0],
							"uv": {
								"north": {"uv": [28, 6], "uv_size": [4, 1.5]},
								"east": {"uv": [38, 24], "uv_size": [3.5, 1.5]},
								"south": {"uv": [32, 6], "uv_size": [4, 1.5]},
								"west": {"uv": [30, 38], "uv_size": [3.5, 1.5]},
								"up": {"uv": [24, 32], "uv_size": [4, 3.5]},
								"down": {"uv": [32, 29.5], "uv_size": [4, -3.5]}
							}
						},
						{
							"origin": [-1.0764, -2.19934, 0.2072],
							"size": [2.1028, 0.75619, 1.8256],
							"uv": {
								"north": {"uv": [38, 14], "uv_size": [4, 1.5]},
								"east": {"uv": [34, 38], "uv_size": [3.5, 1.5]},
								"south": {"uv": [38, 16], "uv_size": [4, 1.5]},
								"west": {"uv": [38, 38], "uv_size": [3.5, 1.5]},
								"up": {"uv": [32, 30], "uv_size": [4, 3.5]},
								"down": {"uv": [34, 17.5], "uv_size": [4, -3.5]}
							}
						},
						{
							"origin": [0.69023, -1.95434, -3.0128],
							"size": [0.26617, 0.26619, 5.7456],
							"pivot": [0.82332, -1.82125, -0.56],
							"rotation": [0, 0, 45],
							"uv": {
								"north": {"uv": [36, 45], "uv_size": [0.5, 0.5]},
								"east": {"uv": [40, 26], "uv_size": [10.5, 0.5]},
								"south": {"uv": [37, 45], "uv_size": [0.5, 0.5]},
								"west": {"uv": [40, 27], "uv_size": [10.5, 0.5]},
								"up": {"uv": [7, 36], "uv_size": [0.5, 10.5]},
								"down": {"uv": [26, 46.5], "uv_size": [0.5, -10.5]}
							}
						},
						{
							"origin": [0.69023, -2.58434, -2.1728],
							"size": [0.26617, 0.26619, 4.7306],
							"pivot": [0.82332, -2.45125, -0.28],
							"rotation": [0, 0, 45],
							"uv": {
								"north": {"uv": [38, 45], "uv_size": [0.5, 0.5]},
								"east": {"uv": [40, 30], "uv_size": [8.5, 0.5]},
								"south": {"uv": [39, 45], "uv_size": [0.5, 0.5]},
								"west": {"uv": [40, 31], "uv_size": [8.5, 0.5]},
								"up": {"uv": [3, 40], "uv_size": [0.5, 8.5]},
								"down": {"uv": [32, 48.5], "uv_size": [0.5, -8.5]}
							}
						},
						{
							"origin": [0.69023, -1.32434, -1.4728],
							"size": [0.26617, 0.26619, 3.6456],
							"pivot": [0.82332, -1.19125, -0.28],
							"rotation": [0, 0, 45],
							"uv": {
								"north": {"uv": [40, 45], "uv_size": [0.5, 0.5]},
								"east": {"uv": [37, 42], "uv_size": [6.5, 0.5]},
								"south": {"uv": [41, 45], "uv_size": [0.5, 0.5]},
								"west": {"uv": [42, 38], "uv_size": [6.5, 0.5]},
								"up": {"uv": [17, 42], "uv_size": [0.5, 6.5]},
								"down": {"uv": [18, 48.5], "uv_size": [0.5, -6.5]}
							}
						},
						{
							"origin": [-1.00727, -2.58434, -2.1728],
							"size": [0.26617, 0.26619, 4.7306],
							"pivot": [-0.87418, -2.45125, -0.28],
							"rotation": [0, 0, 45],
							"uv": {
								"north": {"uv": [42, 45], "uv_size": [0.5, 0.5]},
								"east": {"uv": [33, 40], "uv_size": [8.5, 0.5]},
								"south": {"uv": [43, 45], "uv_size": [0.5, 0.5]},
								"west": {"uv": [33, 41], "uv_size": [8.5, 0.5]},
								"up": {"uv": [14, 42], "uv_size": [0.5, 8.5]},
								"down": {"uv": [42, 22.5], "uv_size": [0.5, -8.5]}
							}
						},
						{
							"origin": [-1.00727, -1.95434, -3.0128],
							"size": [0.26617, 0.26619, 5.7456],
							"pivot": [-0.87418, -1.82125, -0.56],
							"rotation": [0, 0, 45],
							"uv": {
								"north": {"uv": [44, 45], "uv_size": [0.5, 0.5]},
								"east": {"uv": [40, 28], "uv_size": [10.5, 0.5]},
								"south": {"uv": [45, 44], "uv_size": [0.5, 0.5]},
								"west": {"uv": [40, 29], "uv_size": [10.5, 0.5]},
								"up": {"uv": [27, 36], "uv_size": [0.5, 10.5]},
								"down": {"uv": [0, 50.5], "uv_size": [0.5, -10.5]}
							}
						},
						{
							"origin": [-1.00727, -1.32434, -1.4728],
							"size": [0.26617, 0.26619, 3.6456],
							"pivot": [-0.87418, -1.19125, -0.28],
							"rotation": [0, 0, 45],
							"uv": {
								"north": {"uv": [45, 45], "uv_size": [0.5, 0.5]},
								"east": {"uv": [42, 39], "uv_size": [6.5, 0.5]},
								"south": {"uv": [46, 0], "uv_size": [0.5, 0.5]},
								"west": {"uv": [42, 40], "uv_size": [6.5, 0.5]},
								"up": {"uv": [19, 42], "uv_size": [0.5, 6.5]},
								"down": {"uv": [43, 20.5], "uv_size": [0.5, -6.5]}
							}
						},
						{
							"origin": [-1.0764, -2.73405, 0.74191],
							"size": [2.1028, 1.8256, 0.75619],
							"pivot": [0.71, -1.82125, 1.12],
							"rotation": [-45, 0, 0],
							"uv": {
								"north": {"uv": [34, 18], "uv_size": [4, 3.5]},
								"east": {"uv": [1, 40], "uv_size": [1.5, 3.5]},
								"south": {"uv": [34, 22], "uv_size": [4, 3.5]},
								"west": {"uv": [20, 40], "uv_size": [1.5, 3.5]},
								"up": {"uv": [38, 18], "uv_size": [4, 1.5]},
								"down": {"uv": [20, 39.5], "uv_size": [4, -1.5]}
							}
						},
						{
							"origin": [-1.0764, -2.73405, 0.74191],
							"size": [2.1028, 1.8256, 0.75619],
							"uv": {
								"north": {"uv": [32, 34], "uv_size": [4, 3.5]},
								"east": {"uv": [22, 40], "uv_size": [1.5, 3.5]},
								"south": {"uv": [0, 36], "uv_size": [4, 3.5]},
								"west": {"uv": [30, 40], "uv_size": [1.5, 3.5]},
								"up": {"uv": [38, 20], "uv_size": [4, 1.5]},
								"down": {"uv": [38, 23.5], "uv_size": [4, -1.5]}
							}
						},
						{
							"origin": [-1.1072, -2.06345, 0.8778],
							"size": [2.1644, 0.4844, 0.4844],
							"pivot": [0.71, -1.82125, 1.12],
							"rotation": [-45, 0, 0],
							"uv": {
								"north": {"uv": [46, 1], "uv_size": [4, 1]},
								"east": {"uv": [5, 46], "uv_size": [1, 1]},
								"south": {"uv": [46, 16], "uv_size": [4, 1]},
								"west": {"uv": [6, 46], "uv_size": [1, 1]},
								"up": {"uv": [46, 17], "uv_size": [4, 1]},
								"down": {"uv": [46, 19], "uv_size": [4, -1]}
							}
						}
					]
				},
				{
					"name": "bone3",
					"parent": "chainsaw",
					"pivot": [-0.025, -1.15625, 0],
					"cubes": [
						{
							"origin": [-0.20207, -3.08228, -12.32],
							"size": [0.35207, 1.96103, 15.54],
							"uv": {
								"north": {"uv": [1, 44], "uv_size": [0.5, 3.5]},
								"east": {"uv": [0, 0], "uv_size": [28, 3.5]},
								"south": {"uv": [2, 44], "uv_size": [0.5, 3.5]},
								"west": {"uv": [0, 4], "uv_size": [28, 3.5]},
								"up": {"uv": [28, 32], "uv_size": [0.5, 28]},
								"down": {"uv": [29, 60], "uv_size": [0.5, -28]}
							}
						},
						{
							"origin": [-0.02397, -3.46728, -12.74],
							"size": [-0.00206, 2.73103, 10.92],
							"uv": {
								"north": {"uv": [20, 46], "uv_size": [0.5, 5]},
								"east": {"uv": [33, 46], "uv_size": [19.5, 5]},
								"south": {"uv": [20, 46], "uv_size": [0.5, 5]},
								"west": {"uv": [47, 41], "uv_size": [19.5, 5]},
								"up": {"uv": [15, 46], "uv_size": [0.5, 19.5]},
								"down": {"uv": [16, 65.5], "uv_size": [0.5, -19.5]}
							}
						}
					]
				}
			]
		}
	]
}