{
	"format_version": "1.12.0",
	"minecraft:geometry": [
		{
			"description": {
				"identifier": "geometry.unknown",
				"texture_width": 32,
				"texture_height": 32,
				"visible_bounds_width": 2,
				"visible_bounds_height": 2,
				"visible_bounds_offset": [0, 0, 0]
			},
			"bones": [
				{
					"name": "canted",
					"pivot": [0.5, -4.625, -7],
					"cubes": [
						{
							"origin": [-0.5, 0.1875, -0.1875],
							"size": [1, 0.375, 2],
							"uv": {
								"north": {"uv": [16, 9], "uv_size": [1, 0.5]},
								"east": {"uv": [9, 4], "uv_size": [2, 0.5]},
								"south": {"uv": [16, 10], "uv_size": [1, 0.5]},
								"west": {"uv": [9, 5], "uv_size": [2, 0.5]},
								"up": {"uv": [2, 7], "uv_size": [1, 2]},
								"down": {"uv": [3, 9], "uv_size": [1, -2]}
							}
						},
						{
							"origin": [-0.6875, -0.125, 0.6875],
							"size": [1.375, 0.25, 0.25],
							"pivot": [0, 0, 0.8125],
							"rotation": [45, 0, 0],
							"uv": {
								"north": {"uv": [12, 10], "uv_size": [1.5, 0.5]},
								"east": {"uv": [19, 6], "uv_size": [0.5, 0.5]},
								"south": {"uv": [0, 13], "uv_size": [1.5, 0.5]},
								"west": {"uv": [7, 19], "uv_size": [0.5, 0.5]},
								"up": {"uv": [13, 0], "uv_size": [1.5, 0.5]},
								"down": {"uv": [13, 1.5], "uv_size": [1.5, -0.5]}
							}
						},
						{
							"origin": [-0.625, -0.25, -0.1875],
							"size": [1.25, 0.4375, 2],
							"uv": {
								"north": {"uv": [2, 13], "uv_size": [1.5, 0.5]},
								"east": {"uv": [9, 6], "uv_size": [2, 0.5]},
								"south": {"uv": [13, 2], "uv_size": [1.5, 0.5]},
								"west": {"uv": [9, 7], "uv_size": [2, 0.5]},
								"up": {"uv": [6, 2], "uv_size": [1.5, 2]},
								"down": {"uv": [6, 6], "uv_size": [1.5, -2]}
							}
						},
						{
							"origin": [-0.5, 0.1875, -5.1875],
							"size": [1, 0.375, 2],
							"uv": {
								"north": {"uv": [16, 11], "uv_size": [1, 0.5]},
								"east": {"uv": [9, 8], "uv_size": [2, 0.5]},
								"south": {"uv": [16, 12], "uv_size": [1, 0.5]},
								"west": {"uv": [9, 9], "uv_size": [2, 0.5]},
								"up": {"uv": [8, 2], "uv_size": [1, 2]},
								"down": {"uv": [8, 6], "uv_size": [1, -2]}
							}
						},
						{
							"origin": [-0.6875, -0.125, -4.3125],
							"size": [1.375, 0.25, 0.25],
							"pivot": [0, 0, -4.1875],
							"rotation": [45, 0, 0],
							"uv": {
								"north": {"uv": [15, 8], "uv_size": [1.5, 0.5]},
								"east": {"uv": [7, 26], "uv_size": [0.5, 0.5]},
								"south": {"uv": [15, 15], "uv_size": [1.5, 0.5]},
								"west": {"uv": [26, 7], "uv_size": [0.5, 0.5]},
								"up": {"uv": [1, 16], "uv_size": [1.5, 0.5]},
								"down": {"uv": [16, 1.5], "uv_size": [1.5, -0.5]}
							}
						},
						{
							"origin": [-0.625, -0.25, -5.1875],
							"size": [1.25, 0.4375, 2],
							"uv": {
								"north": {"uv": [16, 2], "uv_size": [1.5, 0.5]},
								"east": {"uv": [3, 12], "uv_size": [2, 0.5]},
								"south": {"uv": [16, 3], "uv_size": [1.5, 0.5]},
								"west": {"uv": [12, 5], "uv_size": [2, 0.5]},
								"up": {"uv": [6, 6], "uv_size": [1.5, 2]},
								"down": {"uv": [0, 9], "uv_size": [1.5, -2]}
							}
						},
						{
							"origin": [0.5, 0.1875, -5.1875],
							"size": [0.125, 0.39528, 2],
							"pivot": [0.625, 0.1875, -3.1875],
							"rotation": [0, 0, -28.43445],
							"uv": {
								"north": {"uv": [8, 26], "uv_size": [0.5, 0.5]},
								"east": {"uv": [6, 12], "uv_size": [2, 0.5]},
								"south": {"uv": [26, 8], "uv_size": [0.5, 0.5]},
								"west": {"uv": [12, 6], "uv_size": [2, 0.5]},
								"up": {"uv": [8, 12], "uv_size": [0.5, 2]},
								"down": {"uv": [9, 14], "uv_size": [0.5, -2]}
							}
						},
						{
							"origin": [0.5, 0.18751, -0.1875],
							"size": [0.125, 0.39528, 2],
							"pivot": [0.625, 0.1875, 1.8125],
							"rotation": [0, 0, -28.43478],
							"uv": {
								"north": {"uv": [9, 26], "uv_size": [0.5, 0.5]},
								"east": {"uv": [12, 7], "uv_size": [2, 0.5]},
								"south": {"uv": [26, 9], "uv_size": [0.5, 0.5]},
								"west": {"uv": [12, 9], "uv_size": [2, 0.5]},
								"up": {"uv": [11, 12], "uv_size": [0.5, 2]},
								"down": {"uv": [12, 14], "uv_size": [0.5, -2]}
							}
						}
					]
				},
				{
					"name": "cant",
					"parent": "canted",
					"pivot": [-4, 0, 0],
					"rotation": [0, 0, -45]
				},
				{
					"name": "rail",
					"parent": "cant",
					"pivot": [-4.02492, 0.45462, -1.733],
					"cubes": [
						{
							"origin": [-2.15863, -1.86775, -5.18749],
							"size": [1, 0.001, 7],
							"uv": {
								"north": {"uv": [0, 0], "uv_size": [1, 0]},
								"east": {"uv": [0, 0], "uv_size": [7, 0]},
								"south": {"uv": [0, 0], "uv_size": [1, 0]},
								"west": {"uv": [0, 0], "uv_size": [7, 0]},
								"up": {"uv": [0, 0], "uv_size": [1, 7]},
								"down": {"uv": [1, 7], "uv_size": [1, -7]}
							}
						},
						{
							"origin": [-2.03363, -2.15525, -5.18749],
							"size": [0.75, 0.2875, 7],
							"uv": {
								"north": {"uv": [16, 13], "uv_size": [1, 0.5]},
								"east": {"uv": [4, 0], "uv_size": [7, 0.5]},
								"south": {"uv": [16, 14], "uv_size": [1, 0.5]},
								"west": {"uv": [4, 1], "uv_size": [7, 0.5]},
								"up": {"uv": [2, 0], "uv_size": [1, 7]},
								"down": {"uv": [3, 7], "uv_size": [1, -7]}
							}
						},
						{
							"origin": [-1.4528, -2.23707, -4.42187],
							"size": [0.18821, 0.17607, 0.25],
							"pivot": [-1.65863, -1.924, -0.11718],
							"rotation": [0, 0, -45],
							"uv": {
								"north": {"uv": [19, 7], "uv_size": [0.5, 0.5]},
								"east": {"uv": [8, 19], "uv_size": [0.5, 0.5]},
								"south": {"uv": [19, 8], "uv_size": [0.5, 0.5]},
								"west": {"uv": [9, 19], "uv_size": [0.5, 0.5]},
								"up": {"uv": [19, 9], "uv_size": [0.5, 0.5]}
							}
						},
						{
							"origin": [-2.05267, -2.23707, -4.42187],
							"size": [0.18821, 0.17607, 0.25],
							"pivot": [-1.65863, -1.924, -0.11718],
							"rotation": [0, 0, 45],
							"uv": {
								"north": {"uv": [10, 19], "uv_size": [0.5, 0.5]},
								"east": {"uv": [19, 10], "uv_size": [0.5, 0.5]},
								"south": {"uv": [11, 19], "uv_size": [0.5, 0.5]},
								"west": {"uv": [19, 11], "uv_size": [0.5, 0.5]},
								"up": {"uv": [12, 19], "uv_size": [0.5, 0.5]}
							}
						},
						{
							"origin": [-2.03363, -1.86775, -4.42187],
							"size": [0.75, 0.125, 0.25],
							"uv": {
								"north": {"uv": [15, 16], "uv_size": [1, 0.5]},
								"east": {"uv": [19, 12], "uv_size": [0.5, 0.5]},
								"south": {"uv": [16, 16], "uv_size": [1, 0.5]},
								"west": {"uv": [13, 19], "uv_size": [0.5, 0.5]},
								"up": {"uv": [0, 17], "uv_size": [1, 0.5]},
								"down": {"uv": [17, 0.5], "uv_size": [1, -0.5]}
							}
						},
						{
							"origin": [-1.4528, -2.23707, -3.92187],
							"size": [0.18821, 0.17607, 1.25],
							"pivot": [-1.65863, -1.924, -0.11718],
							"rotation": [0, 0, -45],
							"uv": {
								"north": {"uv": [19, 13], "uv_size": [0.5, 0.5]},
								"east": {"uv": [13, 3], "uv_size": [1.5, 0.5]},
								"south": {"uv": [14, 19], "uv_size": [0.5, 0.5]},
								"west": {"uv": [4, 13], "uv_size": [1.5, 0.5]},
								"up": {"uv": [6, 13], "uv_size": [0.5, 1.5]}
							}
						},
						{
							"origin": [-2.05267, -2.23707, -3.92187],
							"size": [0.18821, 0.17607, 1.25],
							"pivot": [-1.65863, -1.924, -0.11718],
							"rotation": [0, 0, 45],
							"uv": {
								"north": {"uv": [19, 14], "uv_size": [0.5, 0.5]},
								"east": {"uv": [13, 4], "uv_size": [1.5, 0.5]},
								"south": {"uv": [15, 19], "uv_size": [0.5, 0.5]},
								"west": {"uv": [13, 8], "uv_size": [1.5, 0.5]},
								"up": {"uv": [7, 13], "uv_size": [0.5, 1.5]}
							}
						},
						{
							"origin": [-2.03363, -1.86775, -3.92187],
							"size": [0.75, 0.125, 1.25],
							"uv": {
								"north": {"uv": [1, 17], "uv_size": [1, 0.5]},
								"east": {"uv": [13, 11], "uv_size": [1.5, 0.5]},
								"south": {"uv": [2, 17], "uv_size": [1, 0.5]},
								"west": {"uv": [13, 12], "uv_size": [1.5, 0.5]},
								"up": {"uv": [0, 9], "uv_size": [1, 1.5]},
								"down": {"uv": [1, 10.5], "uv_size": [1, -1.5]}
							}
						},
						{
							"origin": [-2.05266, -2.23707, -5.18749],
							"size": [0.1882, 0.17607, 0.51562],
							"pivot": [-1.65863, -1.924, -2.11718],
							"rotation": [0, 0, 45],
							"uv": {
								"north": {"uv": [19, 15], "uv_size": [0.5, 0.5]},
								"east": {"uv": [16, 19], "uv_size": [0.5, 0.5]},
								"south": {"uv": [19, 16], "uv_size": [0.5, 0.5]},
								"west": {"uv": [17, 19], "uv_size": [0.5, 0.5]},
								"up": {"uv": [19, 17], "uv_size": [0.5, 0.5]}
							}
						},
						{
							"origin": [-2.03363, -1.86776, -5.18749],
							"size": [0.75, 0.125, 0.51562],
							"uv": {
								"north": {"uv": [18, 19], "uv_size": [0.5, 0.5]},
								"east": {"uv": [19, 18], "uv_size": [0.5, 0.5]},
								"south": {"uv": [19, 19], "uv_size": [0.5, 0.5]},
								"west": {"uv": [0, 20], "uv_size": [0.5, 0.5]},
								"up": {"uv": [20, 0], "uv_size": [0.5, 0.5]},
								"down": {"uv": [1, 20.5], "uv_size": [0.5, -0.5]}
							}
						},
						{
							"origin": [-1.4528, -2.23708, -5.18749],
							"size": [0.18821, 0.17608, 0.51562],
							"pivot": [-1.65863, -1.924, -2.11718],
							"rotation": [0, 0, -45],
							"uv": {
								"north": {"uv": [20, 1], "uv_size": [0.5, 0.5]},
								"east": {"uv": [2, 20], "uv_size": [0.5, 0.5]},
								"south": {"uv": [20, 2], "uv_size": [0.5, 0.5]},
								"west": {"uv": [3, 20], "uv_size": [0.5, 0.5]},
								"up": {"uv": [20, 3], "uv_size": [0.5, 0.5]}
							}
						},
						{
							"origin": [-1.4528, -2.23707, -2.42187],
							"size": [0.18821, 0.17607, 0.25],
							"pivot": [-1.65863, -1.924, -0.11718],
							"rotation": [0, 0, -45],
							"uv": {
								"north": {"uv": [4, 20], "uv_size": [0.5, 0.5]},
								"east": {"uv": [20, 4], "uv_size": [0.5, 0.5]},
								"south": {"uv": [5, 20], "uv_size": [0.5, 0.5]},
								"west": {"uv": [20, 5], "uv_size": [0.5, 0.5]},
								"up": {"uv": [6, 20], "uv_size": [0.5, 0.5]}
							}
						},
						{
							"origin": [-2.05267, -2.23707, -2.42187],
							"size": [0.18821, 0.17607, 0.25],
							"pivot": [-1.65863, -1.924, -0.11718],
							"rotation": [0, 0, 45],
							"uv": {
								"north": {"uv": [20, 6], "uv_size": [0.5, 0.5]},
								"east": {"uv": [7, 20], "uv_size": [0.5, 0.5]},
								"south": {"uv": [20, 7], "uv_size": [0.5, 0.5]},
								"west": {"uv": [8, 20], "uv_size": [0.5, 0.5]},
								"up": {"uv": [20, 8], "uv_size": [0.5, 0.5]}
							}
						},
						{
							"origin": [-2.03363, -1.86775, -2.42187],
							"size": [0.75, 0.125, 0.25],
							"uv": {
								"north": {"uv": [3, 17], "uv_size": [1, 0.5]},
								"east": {"uv": [9, 20], "uv_size": [0.5, 0.5]},
								"south": {"uv": [4, 17], "uv_size": [1, 0.5]},
								"west": {"uv": [20, 9], "uv_size": [0.5, 0.5]},
								"up": {"uv": [17, 4], "uv_size": [1, 0.5]},
								"down": {"uv": [5, 17.5], "uv_size": [1, -0.5]}
							}
						},
						{
							"origin": [-1.4528, -2.23707, -1.92187],
							"size": [0.18821, 0.17607, 1.25],
							"pivot": [-1.65863, -1.924, -0.11718],
							"rotation": [0, 0, -45],
							"uv": {
								"north": {"uv": [10, 20], "uv_size": [0.5, 0.5]},
								"east": {"uv": [13, 13], "uv_size": [1.5, 0.5]},
								"south": {"uv": [20, 10], "uv_size": [0.5, 0.5]},
								"west": {"uv": [0, 14], "uv_size": [1.5, 0.5]},
								"up": {"uv": [10, 13], "uv_size": [0.5, 1.5]}
							}
						},
						{
							"origin": [-2.05267, -2.23707, -1.92187],
							"size": [0.18821, 0.17607, 1.25],
							"pivot": [-1.65863, -1.924, -0.11718],
							"rotation": [0, 0, 45],
							"uv": {
								"north": {"uv": [11, 20], "uv_size": [0.5, 0.5]},
								"east": {"uv": [2, 14], "uv_size": [1.5, 0.5]},
								"south": {"uv": [20, 11], "uv_size": [0.5, 0.5]},
								"west": {"uv": [4, 14], "uv_size": [1.5, 0.5]},
								"up": {"uv": [14, 5], "uv_size": [0.5, 1.5]}
							}
						},
						{
							"origin": [-2.03363, -1.86775, -1.92187],
							"size": [0.75, 0.125, 1.25],
							"uv": {
								"north": {"uv": [17, 5], "uv_size": [1, 0.5]},
								"east": {"uv": [14, 7], "uv_size": [1.5, 0.5]},
								"south": {"uv": [6, 17], "uv_size": [1, 0.5]},
								"west": {"uv": [8, 14], "uv_size": [1.5, 0.5]},
								"up": {"uv": [2, 9], "uv_size": [1, 1.5]},
								"down": {"uv": [9, 3.5], "uv_size": [1, -1.5]}
							}
						},
						{
							"origin": [-2.03363, -1.86775, 0.07813],
							"size": [0.75, 0.125, 1.25],
							"uv": {
								"north": {"uv": [17, 6], "uv_size": [1, 0.5]},
								"east": {"uv": [14, 9], "uv_size": [1.5, 0.5]},
								"south": {"uv": [7, 17], "uv_size": [1, 0.5]},
								"west": {"uv": [14, 10], "uv_size": [1.5, 0.5]},
								"up": {"uv": [3, 9], "uv_size": [1, 1.5]},
								"down": {"uv": [4, 10.5], "uv_size": [1, -1.5]}
							}
						},
						{
							"origin": [-2.05267, -2.23707, 0.07813],
							"size": [0.18821, 0.17607, 1.25],
							"pivot": [-1.65863, -1.924, -0.11718],
							"rotation": [0, 0, 45],
							"uv": {
								"north": {"uv": [12, 20], "uv_size": [0.5, 0.5]},
								"east": {"uv": [11, 14], "uv_size": [1.5, 0.5]},
								"south": {"uv": [20, 12], "uv_size": [0.5, 0.5]},
								"west": {"uv": [13, 14], "uv_size": [1.5, 0.5]},
								"up": {"uv": [0, 15], "uv_size": [0.5, 1.5]}
							}
						},
						{
							"origin": [-1.4528, -2.23707, 0.07813],
							"size": [0.18821, 0.17607, 1.25],
							"pivot": [-1.65863, -1.924, -0.11718],
							"rotation": [0, 0, -45],
							"uv": {
								"north": {"uv": [13, 20], "uv_size": [0.5, 0.5]},
								"east": {"uv": [15, 0], "uv_size": [1.5, 0.5]},
								"south": {"uv": [20, 13], "uv_size": [0.5, 0.5]},
								"west": {"uv": [1, 15], "uv_size": [1.5, 0.5]},
								"up": {"uv": [15, 1], "uv_size": [0.5, 1.5]}
							}
						},
						{
							"origin": [-2.03363, -1.86775, -0.42187],
							"size": [0.75, 0.125, 0.25],
							"uv": {
								"north": {"uv": [17, 7], "uv_size": [1, 0.5]},
								"east": {"uv": [14, 20], "uv_size": [0.5, 0.5]},
								"south": {"uv": [8, 17], "uv_size": [1, 0.5]},
								"west": {"uv": [20, 14], "uv_size": [0.5, 0.5]},
								"up": {"uv": [17, 8], "uv_size": [1, 0.5]},
								"down": {"uv": [9, 17.5], "uv_size": [1, -0.5]}
							}
						},
						{
							"origin": [-2.05267, -2.23707, -0.42187],
							"size": [0.18821, 0.17607, 0.25],
							"pivot": [-1.65863, -1.924, -0.11718],
							"rotation": [0, 0, 45],
							"uv": {
								"north": {"uv": [15, 20], "uv_size": [0.5, 0.5]},
								"east": {"uv": [20, 15], "uv_size": [0.5, 0.5]},
								"south": {"uv": [16, 20], "uv_size": [0.5, 0.5]},
								"west": {"uv": [20, 16], "uv_size": [0.5, 0.5]},
								"up": {"uv": [17, 20], "uv_size": [0.5, 0.5]}
							}
						},
						{
							"origin": [-1.4528, -2.23707, -0.42187],
							"size": [0.18821, 0.17607, 0.25],
							"pivot": [-1.65863, -1.924, -0.11718],
							"rotation": [0, 0, -45],
							"uv": {
								"north": {"uv": [20, 17], "uv_size": [0.5, 0.5]},
								"east": {"uv": [18, 20], "uv_size": [0.5, 0.5]},
								"south": {"uv": [20, 18], "uv_size": [0.5, 0.5]},
								"west": {"uv": [19, 20], "uv_size": [0.5, 0.5]},
								"up": {"uv": [20, 19], "uv_size": [0.5, 0.5]}
							}
						},
						{
							"origin": [-1.4528, -2.23707, 1.57813],
							"size": [0.18821, 0.17607, 0.23438],
							"pivot": [-1.65863, -1.924, -0.11718],
							"rotation": [0, 0, -45],
							"uv": {
								"north": {"uv": [20, 20], "uv_size": [0.5, 0.5]},
								"east": {"uv": [0, 21], "uv_size": [0.5, 0.5]},
								"south": {"uv": [21, 0], "uv_size": [0.5, 0.5]},
								"west": {"uv": [1, 21], "uv_size": [0.5, 0.5]},
								"up": {"uv": [21, 1], "uv_size": [0.5, 0.5]}
							}
						},
						{
							"origin": [-2.05267, -2.23707, 1.57813],
							"size": [0.18821, 0.17607, 0.23438],
							"pivot": [-1.65863, -1.924, -0.11718],
							"rotation": [0, 0, 45],
							"uv": {
								"north": {"uv": [2, 21], "uv_size": [0.5, 0.5]},
								"east": {"uv": [21, 2], "uv_size": [0.5, 0.5]},
								"south": {"uv": [3, 21], "uv_size": [0.5, 0.5]},
								"west": {"uv": [21, 3], "uv_size": [0.5, 0.5]},
								"up": {"uv": [4, 21], "uv_size": [0.5, 0.5]}
							}
						},
						{
							"origin": [-2.03363, -1.86775, 1.57813],
							"size": [0.75, 0.125, 0.23438],
							"uv": {
								"north": {"uv": [17, 9], "uv_size": [1, 0.5]},
								"east": {"uv": [21, 4], "uv_size": [0.5, 0.5]},
								"south": {"uv": [10, 17], "uv_size": [1, 0.5]},
								"west": {"uv": [5, 21], "uv_size": [0.5, 0.5]},
								"up": {"uv": [17, 10], "uv_size": [1, 0.5]},
								"down": {"uv": [11, 17.5], "uv_size": [1, -0.5]}
							}
						},
						{
							"origin": [-2.05196, -2.23777, -5.18749],
							"size": [0.1875, 0.001, 7],
							"pivot": [-1.65863, -1.924, -0.11718],
							"rotation": [0, 0, 45],
							"uv": {
								"north": {"uv": [0, 0], "uv_size": [0.5, 0]},
								"east": {"uv": [0, 0], "uv_size": [7, 0]},
								"south": {"uv": [0, 0], "uv_size": [0.5, 0]},
								"west": {"uv": [0, 0], "uv_size": [7, 0]},
								"down": {"uv": [4, 9], "uv_size": [0.5, -7]}
							}
						},
						{
							"origin": [-1.4528, -2.23777, -5.18749],
							"size": [0.1875, 0.001, 7],
							"pivot": [-1.65863, -1.924, -0.11718],
							"rotation": [0, 0, -45],
							"uv": {
								"north": {"uv": [0, 0], "uv_size": [0.5, 0]},
								"east": {"uv": [0, 0], "uv_size": [7, 0]},
								"south": {"uv": [0, 0], "uv_size": [0.5, 0]},
								"west": {"uv": [0, 0], "uv_size": [7, 0]},
								"down": {"uv": [5, 9], "uv_size": [0.5, -7]}
							}
						},
						{
							"origin": [-2.03363, -2.34275, -0.1875],
							"size": [0.90625, 0.26563, 2],
							"uv": {
								"north": {"uv": [17, 11], "uv_size": [1, 0.5]},
								"east": {"uv": [10, 2], "uv_size": [2, 0.5]},
								"south": {"uv": [12, 17], "uv_size": [1, 0.5]},
								"west": {"uv": [10, 3], "uv_size": [2, 0.5]},
								"up": {"uv": [6, 8], "uv_size": [1, 2]},
								"down": {"uv": [8, 8], "uv_size": [1, -2]}
							}
						},
						{
							"origin": [-2.03363, -2.34275, -5.1875],
							"size": [0.90625, 0.26563, 2],
							"uv": {
								"north": {"uv": [17, 12], "uv_size": [1, 0.5]},
								"east": {"uv": [5, 10], "uv_size": [2, 0.5]},
								"south": {"uv": [13, 17], "uv_size": [1, 0.5]},
								"west": {"uv": [7, 10], "uv_size": [2, 0.5]},
								"up": {"uv": [7, 8], "uv_size": [1, 2]},
								"down": {"uv": [8, 10], "uv_size": [1, -2]}
							}
						},
						{
							"origin": [-2.03363, -2.34637, -3.16401],
							"size": [0.75, 0.1875, 0.625],
							"pivot": [-2.03363, -2.42088, -3.1875],
							"rotation": [17.5, 0, 0],
							"uv": {
								"north": {"uv": [17, 13], "uv_size": [1, 0.5]},
								"east": {"uv": [21, 5], "uv_size": [0.5, 0.5]},
								"south": {"uv": [14, 17], "uv_size": [1, 0.5]},
								"west": {"uv": [6, 21], "uv_size": [0.5, 0.5]},
								"up": {"uv": [17, 14], "uv_size": [1, 0.5]},
								"down": {"uv": [15, 17.5], "uv_size": [1, -0.5]}
							}
						},
						{
							"origin": [-2.03363, -2.34637, -0.85162],
							"size": [0.75, 0.1875, 0.64063],
							"pivot": [-2.03363, -2.42088, -0.1875],
							"rotation": [-17.5, 0, 0],
							"uv": {
								"north": {"uv": [17, 15], "uv_size": [1, 0.5]},
								"east": {"uv": [21, 6], "uv_size": [0.5, 0.5]},
								"south": {"uv": [16, 17], "uv_size": [1, 0.5]},
								"west": {"uv": [7, 21], "uv_size": [0.5, 0.5]},
								"up": {"uv": [17, 16], "uv_size": [1, 0.5]},
								"down": {"uv": [17, 17.5], "uv_size": [1, -0.5]}
							}
						},
						{
							"origin": [-2.22145, -2.26495, -5.1875],
							"size": [0.18783, 0.18783, 2],
							"pivot": [-2.03363, -2.07713, -5.1875],
							"rotation": [0, 0, -45],
							"uv": {
								"north": {"uv": [21, 7], "uv_size": [0.5, 0.5]},
								"east": {"uv": [9, 10], "uv_size": [2, 0.5]},
								"south": {"uv": [8, 21], "uv_size": [0.5, 0.5]},
								"west": {"uv": [0, 11], "uv_size": [2, 0.5]},
								"up": {"uv": [11, 0], "uv_size": [0.5, 2]},
								"down": {"uv": [2, 13], "uv_size": [0.5, -2]}
							}
						},
						{
							"origin": [-2.22145, -2.26495, -0.1875],
							"size": [0.18783, 0.18783, 2],
							"pivot": [-2.03363, -2.07713, -0.1875],
							"rotation": [0, 0, -45],
							"uv": {
								"north": {"uv": [21, 8], "uv_size": [0.5, 0.5]},
								"east": {"uv": [3, 11], "uv_size": [2, 0.5]},
								"south": {"uv": [9, 21], "uv_size": [0.5, 0.5]},
								"west": {"uv": [11, 4], "uv_size": [2, 0.5]},
								"up": {"uv": [5, 11], "uv_size": [0.5, 2]},
								"down": {"uv": [11, 7], "uv_size": [0.5, -2]}
							}
						}
					]
				},
				{
					"name": "bone2",
					"parent": "cant",
					"pivot": [0, 0, 0]
				},
				{
					"name": "rearsight",
					"parent": "bone2",
					"pivot": [-4, -2.375, -4.9375]
				},
				{
					"name": "group7",
					"parent": "rearsight",
					"pivot": [-4, 0.875, -15.625],
					"cubes": [
						{
							"origin": [-2.20908, -2.05729, 0.1875],
							"size": [1, 0.5, 1],
							"uv": {
								"north": {"uv": [0, 18], "uv_size": [1, 0.5]},
								"east": {"uv": [18, 0], "uv_size": [1, 0.5]},
								"south": {"uv": [1, 18], "uv_size": [1, 0.5]},
								"west": {"uv": [18, 1], "uv_size": [1, 0.5]},
								"up": {"uv": [5, 9], "uv_size": [1, 1]},
								"down": {"uv": [6, 12], "uv_size": [1, -1]}
							}
						},
						{
							"origin": [-2.20908, -1.55729, 0.8125],
							"size": [1, 0.25, 0.375],
							"uv": {
								"north": {"uv": [2, 18], "uv_size": [1, 0.5]},
								"east": {"uv": [21, 9], "uv_size": [0.5, 0.5]},
								"south": {"uv": [18, 2], "uv_size": [1, 0.5]},
								"west": {"uv": [10, 21], "uv_size": [0.5, 0.5]},
								"up": {"uv": [3, 18], "uv_size": [1, 0.5]},
								"down": {"uv": [18, 3.5], "uv_size": [1, -0.5]}
							}
						},
						{
							"origin": [-2.20908, -1.64345, 0.20749],
							"size": [1, 0.25, 0.67188],
							"pivot": [-1.64658, -1.51845, 0.62937],
							"rotation": [22.5, 0, 0],
							"uv": {
								"north": {"uv": [4, 18], "uv_size": [1, 0.5]},
								"east": {"uv": [21, 10], "uv_size": [0.5, 0.5]},
								"south": {"uv": [18, 4], "uv_size": [1, 0.5]},
								"west": {"uv": [11, 21], "uv_size": [0.5, 0.5]},
								"up": {"uv": [5, 18], "uv_size": [1, 0.5]},
								"down": {"uv": [18, 5.5], "uv_size": [1, -0.5]}
							}
						},
						{
							"origin": [-1.20908, -2.05729, 0.1875],
							"size": [0.125, 0.5, 1],
							"uv": {
								"north": {"uv": [21, 11], "uv_size": [0.5, 0.5]},
								"east": {"uv": [6, 18], "uv_size": [1, 0.5]},
								"south": {"uv": [12, 21], "uv_size": [0.5, 0.5]},
								"west": {"uv": [18, 6], "uv_size": [1, 0.5]},
								"up": {"uv": [7, 18], "uv_size": [0.5, 1]},
								"down": {"uv": [18, 8], "uv_size": [0.5, -1]}
							}
						},
						{
							"origin": [-1.33408, -1.72916, 1.1875],
							"size": [0.125, 0.42187, 0.375],
							"uv": {
								"north": {"uv": [21, 12], "uv_size": [0.5, 0.5]},
								"east": {"uv": [13, 21], "uv_size": [0.5, 0.5]},
								"south": {"uv": [21, 13], "uv_size": [0.5, 0.5]},
								"west": {"uv": [14, 21], "uv_size": [0.5, 0.5]},
								"up": {"uv": [21, 14], "uv_size": [0.5, 0.5]},
								"down": {"uv": [15, 21.5], "uv_size": [0.5, -0.5]}
							}
						},
						{
							"origin": [-2.08408, -1.72916, 1.1875],
							"size": [0.125, 0.42187, 0.375],
							"uv": {
								"north": {"uv": [21, 15], "uv_size": [0.5, 0.5]},
								"east": {"uv": [16, 21], "uv_size": [0.5, 0.5]},
								"south": {"uv": [21, 16], "uv_size": [0.5, 0.5]},
								"west": {"uv": [17, 21], "uv_size": [0.5, 0.5]},
								"up": {"uv": [21, 17], "uv_size": [0.5, 0.5]},
								"down": {"uv": [18, 21.5], "uv_size": [0.5, -0.5]}
							}
						},
						{
							"origin": [-2.20908, -1.64345, 0.87937],
							"size": [0.125, 0.25, 0.48437],
							"pivot": [-1.64658, -1.51845, 0.62937],
							"rotation": [22.5, 0, 0],
							"uv": {
								"north": {"uv": [21, 18], "uv_size": [0.5, 0.5]},
								"east": {"uv": [19, 21], "uv_size": [0.5, 0.5]},
								"south": {"uv": [21, 19], "uv_size": [0.5, 0.5]},
								"west": {"uv": [20, 21], "uv_size": [0.5, 0.5]},
								"up": {"uv": [21, 20], "uv_size": [0.5, 0.5]},
								"down": {"uv": [21, 21.5], "uv_size": [0.5, -0.5]}
							}
						},
						{
							"origin": [-2.20908, -2.05729, 1.1875],
							"size": [0.125, 0.81143, 0.49893],
							"uv": {
								"north": {"uv": [8, 18], "uv_size": [0.5, 1]},
								"east": {"uv": [18, 8], "uv_size": [0.5, 1]},
								"south": {"uv": [9, 18], "uv_size": [0.5, 1]},
								"west": {"uv": [18, 9], "uv_size": [0.5, 1]},
								"up": {"uv": [0, 22], "uv_size": [0.5, 0.5]},
								"down": {"uv": [22, 0.5], "uv_size": [0.5, -0.5]}
							}
						},
						{
							"origin": [-1.08408, -1.99479, 0.5],
							"size": [0.125, 0.375, 0.375],
							"pivot": [-0.52158, -1.80729, 0.6875],
							"rotation": [-45, 0, 0],
							"uv": {
								"north": {"uv": [1, 22], "uv_size": [0.5, 0.5]},
								"east": {"uv": [22, 1], "uv_size": [0.5, 0.5]},
								"south": {"uv": [2, 22], "uv_size": [0.5, 0.5]},
								"west": {"uv": [22, 2], "uv_size": [0.5, 0.5]},
								"up": {"uv": [3, 22], "uv_size": [0.5, 0.5]},
								"down": {"uv": [22, 3.5], "uv_size": [0.5, -0.5]}
							}
						},
						{
							"origin": [-1.95908, -1.55729, 1.3125],
							"size": [0.625, 0.125, 0.125],
							"pivot": [-1.64658, -1.49479, 1.375],
							"rotation": [-45, 0, 0],
							"uv": {
								"north": {"uv": [4, 22], "uv_size": [0.5, 0.5]},
								"east": {"uv": [22, 4], "uv_size": [0.5, 0.5]},
								"south": {"uv": [5, 22], "uv_size": [0.5, 0.5]},
								"west": {"uv": [22, 5], "uv_size": [0.5, 0.5]},
								"up": {"uv": [6, 22], "uv_size": [0.5, 0.5]},
								"down": {"uv": [22, 6.5], "uv_size": [0.5, -0.5]}
							}
						},
						{
							"origin": [-2.20908, -1.24586, 1.26],
							"size": [0.125, 0.12393, 0.3025],
							"uv": {
								"north": {"uv": [7, 22], "uv_size": [0.5, 0.5]},
								"east": {"uv": [22, 7], "uv_size": [0.5, 0.5]},
								"south": {"uv": [8, 22], "uv_size": [0.5, 0.5]},
								"west": {"uv": [22, 8], "uv_size": [0.5, 0.5]},
								"up": {"uv": [9, 22], "uv_size": [0.5, 0.5]},
								"down": {"uv": [22, 9.5], "uv_size": [0.5, -0.5]}
							}
						},
						{
							"origin": [-1.33408, -1.7067, 1.47757],
							"size": [0.125, 0.38976, 0.16144],
							"pivot": [-1.27158, -1.50444, 1.57651],
							"rotation": [22.5, 0, 0],
							"uv": {
								"north": {"uv": [10, 22], "uv_size": [0.5, 0.5]},
								"east": {"uv": [22, 10], "uv_size": [0.5, 0.5]},
								"south": {"uv": [11, 22], "uv_size": [0.5, 0.5]},
								"west": {"uv": [22, 11], "uv_size": [0.5, 0.5]},
								"up": {"uv": [12, 22], "uv_size": [0.5, 0.5]},
								"down": {"uv": [22, 12.5], "uv_size": [0.5, -0.5]}
							}
						},
						{
							"origin": [-2.08408, -1.7067, 1.47757],
							"size": [0.125, 0.38976, 0.16144],
							"pivot": [-2.02158, -1.50444, 1.57651],
							"rotation": [22.5, 0, 0],
							"uv": {
								"north": {"uv": [13, 22], "uv_size": [0.5, 0.5]},
								"east": {"uv": [22, 13], "uv_size": [0.5, 0.5]},
								"south": {"uv": [14, 22], "uv_size": [0.5, 0.5]},
								"west": {"uv": [22, 14], "uv_size": [0.5, 0.5]},
								"up": {"uv": [15, 22], "uv_size": [0.5, 0.5]},
								"down": {"uv": [22, 15.5], "uv_size": [0.5, -0.5]}
							}
						},
						{
							"origin": [-2.20908, -1.33375, 1.47476],
							"size": [0.125, 0.12287, 0.17527],
							"pivot": [-2.14658, -1.27231, 1.62601],
							"rotation": [-45, 0, 0],
							"uv": {
								"north": {"uv": [16, 22], "uv_size": [0.5, 0.5]},
								"east": {"uv": [22, 16], "uv_size": [0.5, 0.5]},
								"south": {"uv": [17, 22], "uv_size": [0.5, 0.5]},
								"west": {"uv": [22, 17], "uv_size": [0.5, 0.5]},
								"up": {"uv": [18, 22], "uv_size": [0.5, 0.5]},
								"down": {"uv": [22, 18.5], "uv_size": [0.5, -0.5]}
							}
						},
						{
							"origin": [-1.27158, -1.61979, 1.25],
							"size": [0.125, 0.25, 0.25],
							"pivot": [-1.64658, -1.49479, 1.375],
							"rotation": [-45, 0, 0],
							"uv": {
								"north": {"uv": [19, 22], "uv_size": [0.5, 0.5]},
								"east": {"uv": [22, 19], "uv_size": [0.5, 0.5]},
								"south": {"uv": [20, 22], "uv_size": [0.5, 0.5]},
								"west": {"uv": [22, 20], "uv_size": [0.5, 0.5]},
								"up": {"uv": [21, 22], "uv_size": [0.5, 0.5]},
								"down": {"uv": [22, 21.5], "uv_size": [0.5, -0.5]}
							}
						}
					]
				},
				{
					"name": "octagon13",
					"parent": "rearsight",
					"pivot": [-4, -2.375, -4.9375],
					"cubes": [
						{
							"origin": [-2.45908, -1.65012, 1.125],
							"size": [0.25, 0.31066, 0.75],
							"pivot": [-1.89658, -1.49479, 1.5],
							"rotation": [-45, 0, 0],
							"uv": {
								"north": {"uv": [22, 22], "uv_size": [0.5, 0.5]},
								"east": {"uv": [10, 18], "uv_size": [1, 0.5]},
								"south": {"uv": [0, 23], "uv_size": [0.5, 0.5]},
								"west": {"uv": [18, 10], "uv_size": [1, 0.5]},
								"up": {"uv": [11, 18], "uv_size": [0.5, 1]},
								"down": {"uv": [18, 12], "uv_size": [0.5, -1]}
							}
						},
						{
							"origin": [-2.45908, -1.65012, 1.125],
							"size": [0.25, 0.31066, 0.75],
							"uv": {
								"north": {"uv": [23, 0], "uv_size": [0.5, 0.5]},
								"east": {"uv": [12, 18], "uv_size": [1, 0.5]},
								"south": {"uv": [1, 23], "uv_size": [0.5, 0.5]},
								"west": {"uv": [18, 12], "uv_size": [1, 0.5]},
								"up": {"uv": [13, 18], "uv_size": [0.5, 1]},
								"down": {"uv": [18, 14], "uv_size": [0.5, -1]}
							}
						},
						{
							"origin": [-2.45908, -1.86979, 1.34467],
							"size": [0.25, 0.75, 0.31066],
							"pivot": [-1.89658, -1.49479, 1.5],
							"rotation": [-45, 0, 0],
							"uv": {
								"north": {"uv": [14, 18], "uv_size": [0.5, 1]},
								"east": {"uv": [18, 14], "uv_size": [0.5, 1]},
								"south": {"uv": [15, 18], "uv_size": [0.5, 1]},
								"west": {"uv": [18, 15], "uv_size": [0.5, 1]},
								"up": {"uv": [23, 1], "uv_size": [0.5, 0.5]},
								"down": {"uv": [2, 23.5], "uv_size": [0.5, -0.5]}
							}
						},
						{
							"origin": [-2.45908, -1.86979, 1.34467],
							"size": [0.25, 0.75, 0.31066],
							"uv": {
								"north": {"uv": [16, 18], "uv_size": [0.5, 1]},
								"east": {"uv": [18, 16], "uv_size": [0.5, 1]},
								"south": {"uv": [17, 18], "uv_size": [0.5, 1]},
								"west": {"uv": [18, 17], "uv_size": [0.5, 1]},
								"up": {"uv": [23, 2], "uv_size": [0.5, 0.5]},
								"down": {"uv": [3, 23.5], "uv_size": [0.5, -0.5]}
							}
						}
					]
				},
				{
					"name": "rotate2",
					"parent": "rearsight",
					"pivot": [-4, -2.375, -5.0625],
					"cubes": [
						{
							"origin": [-1.77158, -1.30729, 1.28125],
							"size": [0.25, 1.25, 0.1875],
							"uv": {
								"north": {"uv": [3, 15], "uv_size": [0.5, 1.5]},
								"east": {"uv": [15, 3], "uv_size": [0.5, 1.5]},
								"south": {"uv": [4, 15], "uv_size": [0.5, 1.5]},
								"west": {"uv": [5, 15], "uv_size": [0.5, 1.5]},
								"up": {"uv": [23, 3], "uv_size": [0.5, 0.5]},
								"down": {"uv": [4, 23.5], "uv_size": [0.5, -0.5]}
							}
						},
						{
							"origin": [-1.75013, -0.08854, 1.28125],
							"size": [0.2071, 0.075, 0.1875],
							"pivot": [-1.64658, 0.16146, 1.84375],
							"rotation": [0, 0, 45],
							"uv": {
								"north": {"uv": [23, 4], "uv_size": [0.5, 0.5]},
								"east": {"uv": [5, 23], "uv_size": [0.5, 0.5]},
								"south": {"uv": [23, 5], "uv_size": [0.5, 0.5]},
								"west": {"uv": [6, 23], "uv_size": [0.5, 0.5]},
								"up": {"uv": [23, 6], "uv_size": [0.5, 0.5]},
								"down": {"uv": [7, 23.5], "uv_size": [0.5, -0.5]}
							}
						},
						{
							"origin": [-1.75013, -0.08854, 1.28125],
							"size": [0.2071, 0.075, 0.1875],
							"uv": {
								"north": {"uv": [23, 7], "uv_size": [0.5, 0.5]},
								"east": {"uv": [8, 23], "uv_size": [0.5, 0.5]},
								"south": {"uv": [23, 8], "uv_size": [0.5, 0.5]},
								"west": {"uv": [9, 23], "uv_size": [0.5, 0.5]},
								"up": {"uv": [23, 9], "uv_size": [0.5, 0.5]},
								"down": {"uv": [10, 23.5], "uv_size": [0.5, -0.5]}
							}
						},
						{
							"origin": [-1.75013, 0.33646, 1.28125],
							"size": [0.2071, 0.075, 0.1875],
							"pivot": [-1.64658, 0.16146, 1.84375],
							"rotation": [0, 0, 45],
							"uv": {
								"north": {"uv": [23, 10], "uv_size": [0.5, 0.5]},
								"east": {"uv": [11, 23], "uv_size": [0.5, 0.5]},
								"south": {"uv": [23, 11], "uv_size": [0.5, 0.5]},
								"west": {"uv": [12, 23], "uv_size": [0.5, 0.5]},
								"up": {"uv": [23, 12], "uv_size": [0.5, 0.5]},
								"down": {"uv": [13, 23.5], "uv_size": [0.5, -0.5]}
							}
						},
						{
							"origin": [-1.75013, 0.33646, 1.28125],
							"size": [0.2071, 0.075, 0.1875],
							"uv": {
								"north": {"uv": [23, 13], "uv_size": [0.5, 0.5]},
								"east": {"uv": [14, 23], "uv_size": [0.5, 0.5]},
								"south": {"uv": [23, 14], "uv_size": [0.5, 0.5]},
								"west": {"uv": [15, 23], "uv_size": [0.5, 0.5]},
								"up": {"uv": [23, 15], "uv_size": [0.5, 0.5]},
								"down": {"uv": [16, 23.5], "uv_size": [0.5, -0.5]}
							}
						},
						{
							"origin": [-1.47158, 0.05791, 1.28125],
							"size": [0.075, 0.2071, 0.1875],
							"pivot": [-1.64658, 0.16146, 1.84375],
							"rotation": [0, 0, 45],
							"uv": {
								"north": {"uv": [23, 16], "uv_size": [0.5, 0.5]},
								"east": {"uv": [17, 23], "uv_size": [0.5, 0.5]},
								"south": {"uv": [23, 17], "uv_size": [0.5, 0.5]},
								"west": {"uv": [18, 23], "uv_size": [0.5, 0.5]},
								"up": {"uv": [23, 18], "uv_size": [0.5, 0.5]},
								"down": {"uv": [19, 23.5], "uv_size": [0.5, -0.5]}
							}
						},
						{
							"origin": [-1.47158, 0.05791, 1.28125],
							"size": [0.075, 0.2071, 0.1875],
							"uv": {
								"north": {"uv": [23, 19], "uv_size": [0.5, 0.5]},
								"east": {"uv": [20, 23], "uv_size": [0.5, 0.5]},
								"south": {"uv": [23, 20], "uv_size": [0.5, 0.5]},
								"west": {"uv": [21, 23], "uv_size": [0.5, 0.5]},
								"up": {"uv": [23, 21], "uv_size": [0.5, 0.5]},
								"down": {"uv": [22, 23.5], "uv_size": [0.5, -0.5]}
							}
						},
						{
							"origin": [-1.89658, 0.05791, 1.28125],
							"size": [0.075, 0.2071, 0.1875],
							"pivot": [-1.64658, 0.16146, 1.84375],
							"rotation": [0, 0, 45],
							"uv": {
								"north": {"uv": [23, 22], "uv_size": [0.5, 0.5]},
								"east": {"uv": [23, 23], "uv_size": [0.5, 0.5]},
								"south": {"uv": [0, 24], "uv_size": [0.5, 0.5]},
								"west": {"uv": [24, 0], "uv_size": [0.5, 0.5]},
								"up": {"uv": [1, 24], "uv_size": [0.5, 0.5]},
								"down": {"uv": [24, 1.5], "uv_size": [0.5, -0.5]}
							}
						},
						{
							"origin": [-1.89658, 0.05791, 1.28125],
							"size": [0.075, 0.2071, 0.1875],
							"uv": {
								"north": {"uv": [2, 24], "uv_size": [0.5, 0.5]},
								"east": {"uv": [24, 2], "uv_size": [0.5, 0.5]},
								"south": {"uv": [3, 24], "uv_size": [0.5, 0.5]},
								"west": {"uv": [24, 3], "uv_size": [0.5, 0.5]},
								"up": {"uv": [4, 24], "uv_size": [0.5, 0.5]},
								"down": {"uv": [24, 4.5], "uv_size": [0.5, -0.5]}
							}
						},
						{
							"origin": [-1.83408, -1.61979, 1.25],
							"size": [0.375, 0.3125, 0.25],
							"uv": {
								"north": {"uv": [5, 24], "uv_size": [0.5, 0.5]},
								"east": {"uv": [24, 5], "uv_size": [0.5, 0.5]},
								"south": {"uv": [6, 24], "uv_size": [0.5, 0.5]},
								"west": {"uv": [24, 6], "uv_size": [0.5, 0.5]},
								"up": {"uv": [7, 24], "uv_size": [0.5, 0.5]},
								"down": {"uv": [24, 7.5], "uv_size": [0.5, -0.5]}
							}
						}
					]
				},
				{
					"name": "foresight",
					"parent": "bone2",
					"pivot": [-4, -2.375, 6.6875]
				},
				{
					"name": "group6",
					"parent": "foresight",
					"pivot": [-4, 0.875, -3.875],
					"cubes": [
						{
							"origin": [-2.20908, -2.05729, -5.0625],
							"size": [1, 0.5, 1],
							"uv": {
								"north": {"uv": [18, 18], "uv_size": [1, 0.5]},
								"east": {"uv": [0, 19], "uv_size": [1, 0.5]},
								"south": {"uv": [19, 0], "uv_size": [1, 0.5]},
								"west": {"uv": [1, 19], "uv_size": [1, 0.5]},
								"up": {"uv": [7, 11], "uv_size": [1, 1]},
								"down": {"uv": [11, 8], "uv_size": [1, -1]}
							}
						},
						{
							"origin": [-2.20908, -1.55729, -4.4375],
							"size": [1, 0.25, 0.375],
							"uv": {
								"north": {"uv": [16, 4], "uv_size": [1, 0.5]},
								"east": {"uv": [19, 5], "uv_size": [0.5, 0.5]},
								"south": {"uv": [16, 5], "uv_size": [1, 0.5]},
								"west": {"uv": [6, 19], "uv_size": [0.5, 0.5]},
								"up": {"uv": [16, 6], "uv_size": [1, 0.5]},
								"down": {"uv": [16, 7.5], "uv_size": [1, -0.5]}
							}
						},
						{
							"origin": [-2.20908, -1.64345, -5.04251],
							"size": [1, 0.25, 0.67188],
							"inflate": -0.0001,
							"pivot": [-1.64658, -1.51845, -4.62063],
							"rotation": [22.5, 0, 0],
							"uv": {
								"north": {"uv": [19, 1], "uv_size": [1, 0.5]},
								"east": {"uv": [8, 24], "uv_size": [0.5, 0.5]},
								"south": {"uv": [2, 19], "uv_size": [1, 0.5]},
								"west": {"uv": [24, 8], "uv_size": [0.5, 0.5]},
								"up": {"uv": [19, 2], "uv_size": [1, 0.5]},
								"down": {"uv": [3, 19.5], "uv_size": [1, -0.5]}
							}
						},
						{
							"origin": [-1.20908, -2.05729, -5.0625],
							"size": [0.125, 0.5, 1],
							"uv": {
								"north": {"uv": [9, 24], "uv_size": [0.5, 0.5]},
								"east": {"uv": [19, 3], "uv_size": [1, 0.5]},
								"south": {"uv": [24, 9], "uv_size": [0.5, 0.5]},
								"west": {"uv": [4, 19], "uv_size": [1, 0.5]},
								"up": {"uv": [19, 4], "uv_size": [0.5, 1]},
								"down": {"uv": [5, 20], "uv_size": [0.5, -1]}
							}
						},
						{
							"origin": [-1.33408, -1.72916, -4.0625],
							"size": [0.125, 0.42187, 1.875],
							"uv": {
								"north": {"uv": [10, 24], "uv_size": [0.5, 0.5]},
								"east": {"uv": [8, 11], "uv_size": [2, 0.5]},
								"south": {"uv": [24, 10], "uv_size": [0.5, 0.5]},
								"west": {"uv": [11, 8], "uv_size": [2, 0.5]},
								"up": {"uv": [11, 9], "uv_size": [0.5, 2]},
								"down": {"uv": [10, 13], "uv_size": [0.5, -2]}
							}
						},
						{
							"origin": [-2.08408, -1.72916, -4.0625],
							"size": [0.125, 0.42187, 1.875],
							"uv": {
								"north": {"uv": [11, 24], "uv_size": [0.5, 0.5]},
								"east": {"uv": [11, 11], "uv_size": [2, 0.5]},
								"south": {"uv": [24, 11], "uv_size": [0.5, 0.5]},
								"west": {"uv": [0, 12], "uv_size": [2, 0.5]},
								"up": {"uv": [12, 0], "uv_size": [0.5, 2]},
								"down": {"uv": [12, 4], "uv_size": [0.5, -2]}
							}
						},
						{
							"origin": [-1.08408, -1.99479, -4.75],
							"size": [0.125, 0.375, 0.375],
							"pivot": [-0.52158, -1.80729, -4.5625],
							"rotation": [-45, 0, 0],
							"uv": {
								"north": {"uv": [12, 24], "uv_size": [0.5, 0.5]},
								"east": {"uv": [24, 12], "uv_size": [0.5, 0.5]},
								"south": {"uv": [13, 24], "uv_size": [0.5, 0.5]},
								"west": {"uv": [24, 13], "uv_size": [0.5, 0.5]},
								"up": {"uv": [14, 24], "uv_size": [0.5, 0.5]},
								"down": {"uv": [24, 14.5], "uv_size": [0.5, -0.5]}
							}
						},
						{
							"origin": [-1.33408, -1.7067, -2.27243],
							"size": [0.125, 0.38976, 0.16144],
							"pivot": [-1.27158, -1.50444, -2.17349],
							"rotation": [22.5, 0, 0],
							"uv": {
								"north": {"uv": [15, 24], "uv_size": [0.5, 0.5]},
								"east": {"uv": [24, 15], "uv_size": [0.5, 0.5]},
								"south": {"uv": [16, 24], "uv_size": [0.5, 0.5]},
								"west": {"uv": [24, 16], "uv_size": [0.5, 0.5]},
								"up": {"uv": [17, 24], "uv_size": [0.5, 0.5]},
								"down": {"uv": [24, 17.5], "uv_size": [0.5, -0.5]}
							}
						},
						{
							"origin": [-2.08408, -1.7067, -2.27243],
							"size": [0.125, 0.38976, 0.16144],
							"pivot": [-2.02158, -1.50444, -2.17349],
							"rotation": [22.5, 0, 0],
							"uv": {
								"north": {"uv": [18, 24], "uv_size": [0.5, 0.5]},
								"east": {"uv": [24, 18], "uv_size": [0.5, 0.5]},
								"south": {"uv": [19, 24], "uv_size": [0.5, 0.5]},
								"west": {"uv": [24, 19], "uv_size": [0.5, 0.5]},
								"up": {"uv": [20, 24], "uv_size": [0.5, 0.5]},
								"down": {"uv": [24, 20.5], "uv_size": [0.5, -0.5]}
							}
						}
					]
				},
				{
					"name": "rotate",
					"parent": "foresight",
					"pivot": [4, -7.125, -11.875],
					"cubes": [
						{
							"origin": [-1.52158, -1.61979, -4.0625],
							"size": [0.125, 1.3125, 0.375],
							"uv": {
								"north": {"uv": [15, 5], "uv_size": [0.5, 1.5]},
								"east": {"uv": [6, 15], "uv_size": [0.5, 1.5]},
								"south": {"uv": [7, 15], "uv_size": [0.5, 1.5]},
								"west": {"uv": [8, 15], "uv_size": [0.5, 1.5]},
								"up": {"uv": [21, 24], "uv_size": [0.5, 0.5]},
								"down": {"uv": [24, 21.5], "uv_size": [0.5, -0.5]}
							}
						},
						{
							"origin": [-1.95908, -1.55729, -3.9375],
							"size": [0.625, 0.125, 0.125],
							"pivot": [-1.64658, -1.49479, -3.875],
							"rotation": [-45, 0, 0],
							"uv": {
								"north": {"uv": [22, 24], "uv_size": [0.5, 0.5]},
								"east": {"uv": [24, 22], "uv_size": [0.5, 0.5]},
								"south": {"uv": [23, 24], "uv_size": [0.5, 0.5]},
								"west": {"uv": [24, 23], "uv_size": [0.5, 0.5]},
								"up": {"uv": [24, 24], "uv_size": [0.5, 0.5]},
								"down": {"uv": [0, 25.5], "uv_size": [0.5, -0.5]}
							}
						},
						{
							"origin": [-1.27158, -1.61979, -4],
							"size": [0.125, 0.25, 0.25],
							"pivot": [-1.64658, -1.49479, -3.875],
							"rotation": [-45, 0, 0],
							"uv": {
								"north": {"uv": [25, 0], "uv_size": [0.5, 0.5]},
								"east": {"uv": [1, 25], "uv_size": [0.5, 0.5]},
								"south": {"uv": [25, 1], "uv_size": [0.5, 0.5]},
								"west": {"uv": [2, 25], "uv_size": [0.5, 0.5]},
								"up": {"uv": [25, 2], "uv_size": [0.5, 0.5]},
								"down": {"uv": [3, 25.5], "uv_size": [0.5, -0.5]}
							}
						},
						{
							"origin": [-2.14658, -1.61979, -4],
							"size": [0.125, 0.25, 0.25],
							"pivot": [-1.64658, -1.49479, -3.875],
							"rotation": [-45, 0, 0],
							"uv": {
								"north": {"uv": [25, 3], "uv_size": [0.5, 0.5]},
								"east": {"uv": [4, 25], "uv_size": [0.5, 0.5]},
								"south": {"uv": [25, 4], "uv_size": [0.5, 0.5]},
								"west": {"uv": [5, 25], "uv_size": [0.5, 0.5]},
								"up": {"uv": [25, 5], "uv_size": [0.5, 0.5]},
								"down": {"uv": [6, 25.5], "uv_size": [0.5, -0.5]}
							}
						},
						{
							"origin": [-1.89658, -1.61979, -4.0625],
							"size": [0.125, 1.3125, 0.375],
							"uv": {
								"north": {"uv": [9, 15], "uv_size": [0.5, 1.5]},
								"east": {"uv": [10, 15], "uv_size": [0.5, 1.5]},
								"south": {"uv": [11, 15], "uv_size": [0.5, 1.5]},
								"west": {"uv": [15, 11], "uv_size": [0.5, 1.5]},
								"up": {"uv": [25, 6], "uv_size": [0.5, 0.5]},
								"down": {"uv": [7, 25.5], "uv_size": [0.5, -0.5]}
							}
						},
						{
							"origin": [-1.77158, -1.61979, -4],
							"size": [0.25, 1.625, 0.25],
							"uv": {
								"north": {"uv": [12, 15], "uv_size": [0.5, 1.5]},
								"east": {"uv": [13, 15], "uv_size": [0.5, 1.5]},
								"south": {"uv": [15, 13], "uv_size": [0.5, 1.5]},
								"west": {"uv": [14, 15], "uv_size": [0.5, 1.5]},
								"up": {"uv": [25, 7], "uv_size": [0.5, 0.5]},
								"down": {"uv": [8, 25.5], "uv_size": [0.5, -0.5]}
							}
						},
						{
							"origin": [-1.026, -0.49289, -4.0625],
							"size": [0.0625, 0.17187, 0.375],
							"pivot": [-1.64658, -1.48871, -3.875],
							"rotation": [0, 0, -22.5],
							"uv": {
								"north": {"uv": [25, 8], "uv_size": [0.5, 0.5]},
								"east": {"uv": [9, 25], "uv_size": [0.5, 0.5]},
								"south": {"uv": [25, 9], "uv_size": [0.5, 0.5]},
								"west": {"uv": [10, 25], "uv_size": [0.5, 0.5]},
								"up": {"uv": [25, 10], "uv_size": [0.5, 0.5]},
								"down": {"uv": [11, 25.5], "uv_size": [0.5, -0.5]}
							}
						},
						{
							"origin": [-1.67783, 0.00521, -3.95],
							"size": [0.0625, 0.125, 0.15],
							"uv": {
								"north": {"uv": [25, 11], "uv_size": [0.5, 0.5]},
								"east": {"uv": [12, 25], "uv_size": [0.5, 0.5]},
								"south": {"uv": [25, 12], "uv_size": [0.5, 0.5]},
								"west": {"uv": [13, 25], "uv_size": [0.5, 0.5]},
								"up": {"uv": [25, 13], "uv_size": [0.5, 0.5]},
								"down": {"uv": [14, 25.5], "uv_size": [0.5, -0.5]}
							}
						},
						{
							"origin": [-1.52158, -0.30729, -4.0625],
							"size": [0.0625, 0.375, 0.375],
							"uv": {
								"north": {"uv": [25, 14], "uv_size": [0.5, 0.5]},
								"east": {"uv": [15, 25], "uv_size": [0.5, 0.5]},
								"south": {"uv": [25, 15], "uv_size": [0.5, 0.5]},
								"west": {"uv": [16, 25], "uv_size": [0.5, 0.5]},
								"up": {"uv": [25, 16], "uv_size": [0.5, 0.5]},
								"down": {"uv": [17, 25.5], "uv_size": [0.5, -0.5]}
							}
						},
						{
							"origin": [-2.12671, -0.00293, -4.0625],
							"size": [0.0625, 0.1875, 0.375],
							"pivot": [-1.64658, -1.48871, -3.875],
							"rotation": [0, 0, 22.5],
							"uv": {
								"north": {"uv": [25, 17], "uv_size": [0.5, 0.5]},
								"east": {"uv": [18, 25], "uv_size": [0.5, 0.5]},
								"south": {"uv": [25, 18], "uv_size": [0.5, 0.5]},
								"west": {"uv": [19, 25], "uv_size": [0.5, 0.5]},
								"up": {"uv": [25, 19], "uv_size": [0.5, 0.5]},
								"down": {"uv": [20, 25.5], "uv_size": [0.5, -0.5]}
							}
						},
						{
							"origin": [-2.32966, -0.49289, -4.0625],
							"size": [0.0625, 0.17187, 0.375],
							"pivot": [-1.64658, -1.48871, -3.875],
							"rotation": [0, 0, 22.5],
							"uv": {
								"north": {"uv": [25, 20], "uv_size": [0.5, 0.5]},
								"east": {"uv": [21, 25], "uv_size": [0.5, 0.5]},
								"south": {"uv": [25, 21], "uv_size": [0.5, 0.5]},
								"west": {"uv": [22, 25], "uv_size": [0.5, 0.5]},
								"up": {"uv": [25, 22], "uv_size": [0.5, 0.5]},
								"down": {"uv": [23, 25.5], "uv_size": [0.5, -0.5]}
							}
						},
						{
							"origin": [-1.83408, -0.30729, -4.0625],
							"size": [0.0625, 0.375, 0.375],
							"uv": {
								"north": {"uv": [25, 23], "uv_size": [0.5, 0.5]},
								"east": {"uv": [24, 25], "uv_size": [0.5, 0.5]},
								"south": {"uv": [25, 24], "uv_size": [0.5, 0.5]},
								"west": {"uv": [25, 25], "uv_size": [0.5, 0.5]},
								"up": {"uv": [0, 26], "uv_size": [0.5, 0.5]},
								"down": {"uv": [26, 0.5], "uv_size": [0.5, -0.5]}
							}
						},
						{
							"origin": [-1.22895, -0.00293, -4.0625],
							"size": [0.0625, 0.1875, 0.375],
							"pivot": [-1.64658, -1.48871, -3.875],
							"rotation": [0, 0, -22.5],
							"uv": {
								"north": {"uv": [1, 26], "uv_size": [0.5, 0.5]},
								"east": {"uv": [26, 1], "uv_size": [0.5, 0.5]},
								"south": {"uv": [2, 26], "uv_size": [0.5, 0.5]},
								"west": {"uv": [26, 2], "uv_size": [0.5, 0.5]},
								"up": {"uv": [3, 26], "uv_size": [0.5, 0.5]},
								"down": {"uv": [26, 3.5], "uv_size": [0.5, -0.5]}
							}
						}
					]
				},
				{
					"name": "sight_illuminated",
					"parent": "rotate",
					"pivot": [-4, 2.5, -3.875],
					"cubes": [
						{
							"origin": [-1.67783, 0.09896, -3.96562],
							"size": [0.0625, 0.0625, 0.18125],
							"pivot": [-1.64658, 0.13021, -3.875],
							"rotation": [0, 0, -45],
							"uv": {
								"north": {"uv": [4, 26], "uv_size": [0.5, 0.5]},
								"east": {"uv": [26, 4], "uv_size": [0.5, 0.5]},
								"south": {"uv": [5, 26], "uv_size": [0.5, 0.5]},
								"west": {"uv": [26, 5], "uv_size": [0.5, 0.5]},
								"up": {"uv": [6, 26], "uv_size": [0.5, 0.5]},
								"down": {"uv": [26, 6.5], "uv_size": [0.5, -0.5]}
							}
						}
					]
				},
				{
					"name": "scope_view",
					"parent": "bone2",
					"pivot": [-1.64666, 0.13104, 6.3063]
				}
			]
		}
	]
}