{
	"format_version": "1.12.0",
	"minecraft:geometry": [
		{
			"description": {
				"identifier": "geometry.unknown",
				"texture_width": 32,
				"texture_height": 32,
				"visible_bounds_width": 2,
				"visible_bounds_height": 1.5,
				"visible_bounds_offset": [0, 0.25, 0]
			},
			"bones": [
				{
					"name": "a3",
					"pivot": [-0.04929, 9.49935, -8.49219],
					"cubes": [
						{
							"origin": [-0.67599, 0.07956, -0.65938],
							"size": [0.48438, 0.375, 1.67188],
							"pivot": [-1.06662, 0.11081, 0.83281],
							"rotation": [0, 0, 45],
							"uv": {
								"north": {"uv": [16, 17], "uv_size": [0.5, 0.5]},
								"east": {"uv": [12, 3], "uv_size": [1.5, 0.5]},
								"south": {"uv": [17, 16], "uv_size": [0.5, 0.5]},
								"west": {"uv": [12, 8], "uv_size": [1.5, 0.5]},
								"up": {"uv": [12, 9], "uv_size": [0.5, 1.5]},
								"down": {"uv": [12, 12.5], "uv_size": [0.5, -1.5]}
							}
						},
						{
							"origin": [-0.8125, -0.1875, -1.15938],
							"size": [1.625, 0.625, 3.98438],
							"uv": {
								"north": {"uv": [13, 0], "uv_size": [1.5, 0.5]},
								"east": {"uv": [10, 4], "uv_size": [4, 0.5]},
								"south": {"uv": [1, 13], "uv_size": [1.5, 0.5]},
								"west": {"uv": [10, 5], "uv_size": [4, 0.5]},
								"up": {"uv": [4, 0], "uv_size": [1.5, 4]},
								"down": {"uv": [4, 8], "uv_size": [1.5, -4]}
							}
						},
						{
							"origin": [-0.85937, -1.29687, -1.22188],
							"size": [1.6875, 0.25, 0.25],
							"pivot": [0, -1.17187, 0.77031],
							"rotation": [-45, 0, 0],
							"uv": {
								"north": {"uv": [16, 10], "uv_size": [1.5, 0.5]},
								"east": {"uv": [14, 20], "uv_size": [0.5, 0.5]},
								"south": {"uv": [16, 11], "uv_size": [1.5, 0.5]},
								"west": {"uv": [20, 14], "uv_size": [0.5, 0.5]},
								"up": {"uv": [16, 12], "uv_size": [1.5, 0.5]},
								"down": {"uv": [16, 13.5], "uv_size": [1.5, -0.5]}
							}
						},
						{
							"origin": [0.82813, -1.23437, -1.15938],
							"size": [0.01563, 0.125, 0.125],
							"pivot": [-0.04687, -1.17187, 0.77031],
							"rotation": [-45, 0, 0],
							"uv": {
								"west": {"uv": [17, 20], "uv_size": [0.5, 0.5]}
							}
						},
						{
							"origin": [0.82813, -1.23437, 0.27812],
							"size": [0.01563, 0.125, 0.125],
							"pivot": [-0.04687, -1.17187, 2.20781],
							"rotation": [-45, 0, 0],
							"uv": {
								"west": {"uv": [20, 17], "uv_size": [0.5, 0.5]}
							}
						},
						{
							"origin": [0.64063, 0.07813, -0.45625],
							"size": [0.1875, 0.14063, 1.25],
							"uv": {
								"north": {"uv": [16, 20], "uv_size": [0.5, 0.5]},
								"east": {"uv": [17, 2], "uv_size": [1.5, 0.5]},
								"south": {"uv": [20, 16], "uv_size": [0.5, 0.5]},
								"west": {"uv": [17, 3], "uv_size": [1.5, 0.5]},
								"up": {"uv": [12, 16], "uv_size": [0.5, 1.5]},
								"down": {"uv": [4, 18.5], "uv_size": [0.5, -1.5]}
							}
						},
						{
							"origin": [-0.84375, -1.29687, 0.21562],
							"size": [1.67188, 0.25, 0.25],
							"pivot": [0, -1.17187, 2.20781],
							"rotation": [-45, 0, 0],
							"uv": {
								"north": {"uv": [15, 16], "uv_size": [1.5, 0.5]},
								"east": {"uv": [15, 20], "uv_size": [0.5, 0.5]},
								"south": {"uv": [17, 0], "uv_size": [1.5, 0.5]},
								"west": {"uv": [20, 15], "uv_size": [0.5, 0.5]},
								"up": {"uv": [17, 1], "uv_size": [1.5, 0.5]},
								"down": {"uv": [2, 17.5], "uv_size": [1.5, -0.5]}
							}
						},
						{
							"origin": [-0.8125, -4.75, 0.40312],
							"size": [1.625, 4.75, 0.29688],
							"pivot": [0, 0.125, 0.89531],
							"rotation": [22.5, 0, 0],
							"uv": {
								"north": {"uv": [0, 0], "uv_size": [1.5, 5]},
								"east": {"uv": [2, 5], "uv_size": [0.5, 5]},
								"south": {"uv": [2, 0], "uv_size": [1.5, 5]},
								"west": {"uv": [3, 5], "uv_size": [0.5, 5]},
								"up": {"uv": [13, 1], "uv_size": [1.5, 0.5]},
								"down": {"uv": [4, 13.5], "uv_size": [1.5, -0.5]}
							}
						},
						{
							"origin": [-0.8125, -0.85937, 0.80937],
							"size": [1.625, 0.67188, 0.28125],
							"uv": {
								"north": {"uv": [14, 5], "uv_size": [1.5, 0.5]},
								"east": {"uv": [19, 17], "uv_size": [0.5, 0.5]},
								"south": {"uv": [7, 14], "uv_size": [1.5, 0.5]},
								"west": {"uv": [18, 19], "uv_size": [0.5, 0.5]},
								"up": {"uv": [14, 8], "uv_size": [1.5, 0.5]},
								"down": {"uv": [9, 14.5], "uv_size": [1.5, -0.5]}
							}
						},
						{
							"origin": [-0.8125, -0.5, 0.96562],
							"size": [1.625, 0.45313, 0.26563],
							"pivot": [0, -0.3125, 1.11406],
							"rotation": [-40, 0, 0],
							"uv": {
								"north": {"uv": [14, 9], "uv_size": [1.5, 0.5]},
								"east": {"uv": [19, 18], "uv_size": [0.5, 0.5]},
								"south": {"uv": [14, 10], "uv_size": [1.5, 0.5]},
								"west": {"uv": [19, 19], "uv_size": [0.5, 0.5]},
								"up": {"uv": [11, 14], "uv_size": [1.5, 0.5]},
								"down": {"uv": [14, 11.5], "uv_size": [1.5, -0.5]}
							}
						},
						{
							"origin": [-0.8125, -4.83538, 1.77248],
							"size": [1.625, 0.25, 0.6875],
							"pivot": [0.8125, -4.58538, 1.77248],
							"rotation": [65, 0, 0],
							"uv": {
								"north": {"uv": [14, 12], "uv_size": [1.5, 0.5]},
								"east": {"uv": [0, 20], "uv_size": [0.5, 0.5]},
								"south": {"uv": [13, 14], "uv_size": [1.5, 0.5]},
								"west": {"uv": [20, 0], "uv_size": [0.5, 0.5]},
								"up": {"uv": [14, 13], "uv_size": [1.5, 0.5]},
								"down": {"uv": [0, 15.5], "uv_size": [1.5, -0.5]}
							}
						},
						{
							"origin": [-0.8125, -4.92913, 2.02248],
							"size": [1.625, 0.09375, 0.20313],
							"pivot": [0.8125, -4.58538, 1.77248],
							"rotation": [65, 0, 0],
							"uv": {
								"north": {"uv": [15, 0], "uv_size": [1.5, 0.5]},
								"east": {"uv": [1, 20], "uv_size": [0.5, 0.5]},
								"south": {"uv": [15, 1], "uv_size": [1.5, 0.5]},
								"west": {"uv": [20, 1], "uv_size": [0.5, 0.5]},
								"up": {"uv": [15, 2], "uv_size": [1.5, 0.5]},
								"down": {"uv": [3, 15.5], "uv_size": [1.5, -0.5]}
							}
						},
						{
							"origin": [-0.8125, -4.67007, 1.78933],
							"size": [1.625, 0.1875, 0.5],
							"pivot": [0, -4.57632, 2.03933],
							"rotation": [22.5, 0, 0],
							"uv": {
								"north": {"uv": [15, 3], "uv_size": [1.5, 0.5]},
								"east": {"uv": [2, 20], "uv_size": [0.5, 0.5]},
								"south": {"uv": [15, 6], "uv_size": [1.5, 0.5]},
								"west": {"uv": [20, 2], "uv_size": [0.5, 0.5]},
								"up": {"uv": [7, 15], "uv_size": [1.5, 0.5]},
								"down": {"uv": [15, 7.5], "uv_size": [1.5, -0.5]}
							}
						},
						{
							"origin": [-0.56943, -4.75, 0.16006],
							"size": [1.13886, 4.59375, 0.28994],
							"pivot": [0, 0.125, 0.89531],
							"rotation": [22.5, 0, 0],
							"uv": {
								"north": {"uv": [0, 5], "uv_size": [1, 4.5]},
								"east": {"uv": [6, 0], "uv_size": [0.5, 4.5]},
								"south": {"uv": [1, 5], "uv_size": [1, 4.5]},
								"west": {"uv": [6, 5], "uv_size": [0.5, 4.5]},
								"up": {"uv": [9, 17], "uv_size": [1, 0.5]},
								"down": {"uv": [10, 17.5], "uv_size": [1, -0.5]}
							}
						},
						{
							"origin": [0.49193, -4.81778, 1.02415],
							"size": [0.34375, 4.73437, 0.29688],
							"pivot": [0.39818, -2.36466, 1.17258],
							"rotation": [30.36119, -40.78947, -20.94102],
							"uv": {
								"north": {"uv": [7, 0], "uv_size": [0.5, 4.5]},
								"east": {"uv": [7, 5], "uv_size": [0.5, 4.5]},
								"south": {"uv": [8, 0], "uv_size": [0.5, 4.5]},
								"west": {"uv": [4, 8], "uv_size": [0.5, 4.5]},
								"up": {"uv": [3, 20], "uv_size": [0.5, 0.5]},
								"down": {"uv": [20, 3.5], "uv_size": [0.5, -0.5]}
							}
						},
						{
							"origin": [-0.83568, -4.81778, 1.02415],
							"size": [0.34375, 4.73437, 0.29688],
							"pivot": [-0.39818, -2.36466, 1.17258],
							"rotation": [30.36119, 40.78947, 20.94102],
							"uv": {
								"north": {"uv": [5, 8], "uv_size": [0.5, 4.5]},
								"east": {"uv": [8, 5], "uv_size": [0.5, 4.5]},
								"south": {"uv": [9, 0], "uv_size": [0.5, 4.5]},
								"west": {"uv": [9, 5], "uv_size": [0.5, 4.5]},
								"up": {"uv": [4, 20], "uv_size": [0.5, 0.5]},
								"down": {"uv": [20, 4.5], "uv_size": [0.5, -0.5]}
							}
						},
						{
							"origin": [-0.47, -0.53, -0.65938],
							"size": [0.93999, 0.3425, 1.67188],
							"uv": {
								"north": {"uv": [11, 17], "uv_size": [1, 0.5]},
								"east": {"uv": [9, 15], "uv_size": [1.5, 0.5]},
								"south": {"uv": [13, 17], "uv_size": [1, 0.5]},
								"west": {"uv": [11, 15], "uv_size": [1.5, 0.5]},
								"up": {"uv": [0, 12], "uv_size": [1, 1.5]},
								"down": {"uv": [12, 1.5], "uv_size": [1, -1.5]}
							}
						},
						{
							"origin": [-0.8125, -1.5, -1.15938],
							"size": [1.625, 1.3125, 0.17188],
							"pivot": [0.8125, -0.1875, -1.15938],
							"rotation": [7.5, 0, 0],
							"uv": {
								"north": {"uv": [0, 10], "uv_size": [1.5, 1.5]},
								"east": {"uv": [13, 15], "uv_size": [0.5, 1.5]},
								"south": {"uv": [10, 0], "uv_size": [1.5, 1.5]},
								"west": {"uv": [14, 15], "uv_size": [0.5, 1.5]},
								"up": {"uv": [15, 14], "uv_size": [1.5, 0.5]},
								"down": {"uv": [15, 15.5], "uv_size": [1.5, -0.5]}
							}
						},
						{
							"origin": [-0.8125, -1.48877, -0.98806],
							"size": [1.625, 1.30127, 0.37556],
							"uv": {
								"north": {"uv": [2, 10], "uv_size": [1.5, 1.5]},
								"east": {"uv": [0, 16], "uv_size": [0.5, 1.5]},
								"south": {"uv": [10, 2], "uv_size": [1.5, 1.5]},
								"west": {"uv": [1, 16], "uv_size": [0.5, 1.5]},
								"up": {"uv": [2, 16], "uv_size": [1.5, 0.5]},
								"down": {"uv": [4, 16.5], "uv_size": [1.5, -0.5]}
							}
						},
						{
							"origin": [0.34134, -0.9069, -0.65938],
							"size": [0.48438, 0.375, 1.67188],
							"pivot": [-0.04929, -0.56315, 0.83281],
							"rotation": [0, 0, -45],
							"uv": {
								"north": {"uv": [5, 20], "uv_size": [0.5, 0.5]},
								"east": {"uv": [16, 4], "uv_size": [1.5, 0.5]},
								"south": {"uv": [20, 5], "uv_size": [0.5, 0.5]},
								"west": {"uv": [16, 5], "uv_size": [1.5, 0.5]},
								"up": {"uv": [6, 16], "uv_size": [0.5, 1.5]},
								"down": {"uv": [7, 17.5], "uv_size": [0.5, -1.5]}
							}
						},
						{
							"origin": [-0.8125, -0.29861, -0.86502],
							"size": [1.625, 0.13938, 0.28125],
							"inflate": -0.0001,
							"pivot": [0.3425, -0.06107, -0.63846],
							"rotation": [47.5, 0, 0],
							"uv": {
								"north": {"uv": [8, 16], "uv_size": [1.5, 0.5]},
								"east": {"uv": [6, 20], "uv_size": [0.5, 0.5]},
								"south": {"uv": [16, 8], "uv_size": [1.5, 0.5]},
								"west": {"uv": [20, 6], "uv_size": [0.5, 0.5]},
								"up": {"uv": [16, 9], "uv_size": [1.5, 0.5]},
								"down": {"uv": [10, 16.5], "uv_size": [1.5, -0.5]}
							}
						},
						{
							"origin": [-0.47, -0.53, -0.9875],
							"size": [0.93999, 0.3425, 0.65625],
							"pivot": [0, -0.29246, -0.38594],
							"rotation": [47.5, 0, 0],
							"uv": {
								"north": {"uv": [14, 17], "uv_size": [1, 0.5]},
								"east": {"uv": [7, 20], "uv_size": [0.5, 0.5]},
								"south": {"uv": [17, 14], "uv_size": [1, 0.5]},
								"west": {"uv": [20, 7], "uv_size": [0.5, 0.5]},
								"up": {"uv": [15, 17], "uv_size": [1, 0.5]},
								"down": {"uv": [17, 15.5], "uv_size": [1, -0.5]}
							}
						},
						{
							"origin": [0.16437, -0.79277, -0.9875],
							"size": [0.48438, 0.375, 0.65625],
							"pivot": [0, -0.29246, -0.38594],
							"rotation": [37.65635, 31.42176, -34.04258],
							"uv": {
								"north": {"uv": [8, 20], "uv_size": [0.5, 0.5]},
								"east": {"uv": [20, 8], "uv_size": [0.5, 0.5]},
								"south": {"uv": [9, 20], "uv_size": [0.5, 0.5]},
								"west": {"uv": [20, 9], "uv_size": [0.5, 0.5]},
								"up": {"uv": [10, 20], "uv_size": [0.5, 0.5]},
								"down": {"uv": [20, 10.5], "uv_size": [0.5, -0.5]}
							}
						},
						{
							"origin": [-0.64874, -0.79277, -0.9875],
							"size": [0.48437, 0.375, 0.65625],
							"pivot": [0, -0.29246, -0.38594],
							"rotation": [37.65635, -31.42176, 34.04258],
							"uv": {
								"north": {"uv": [11, 20], "uv_size": [0.5, 0.5]},
								"east": {"uv": [20, 11], "uv_size": [0.5, 0.5]},
								"south": {"uv": [12, 20], "uv_size": [0.5, 0.5]},
								"west": {"uv": [20, 12], "uv_size": [0.5, 0.5]},
								"up": {"uv": [13, 20], "uv_size": [0.5, 0.5]},
								"down": {"uv": [20, 13.5], "uv_size": [0.5, -0.5]}
							}
						}
					]
				},
				{
					"name": "inset",
					"parent": "a3",
					"pivot": [0, 10.3125, -7.49219],
					"cubes": [
						{
							"origin": [-0.25, -4.54687, 0.71562],
							"size": [0.5, 3.92188, 0.65625],
							"inflate": 0.0001,
							"pivot": [0, 0.125, 1.20781],
							"rotation": [22.5, 0, 0],
							"uv": {
								"north": {"uv": [6, 10], "uv_size": [0.5, 4]},
								"east": {"uv": [10, 6], "uv_size": [0.5, 4]},
								"south": {"uv": [7, 10], "uv_size": [0.5, 4]},
								"west": {"uv": [8, 10], "uv_size": [0.5, 4]},
								"up": {"uv": [17, 17], "uv_size": [0.5, 0.5]},
								"down": {"uv": [0, 18.5], "uv_size": [0.5, -0.5]}
							}
						},
						{
							"origin": [-0.25, -4.45773, 2.54094],
							"size": [0.5, 0.32813, 1.48438],
							"uv": {
								"north": {"uv": [1, 18], "uv_size": [0.5, 0.5]},
								"east": {"uv": [13, 6], "uv_size": [1.5, 0.5]},
								"south": {"uv": [2, 18], "uv_size": [0.5, 0.5]},
								"west": {"uv": [13, 7], "uv_size": [1.5, 0.5]},
								"up": {"uv": [13, 9], "uv_size": [0.5, 1.5]},
								"down": {"uv": [13, 12.5], "uv_size": [0.5, -1.5]}
							}
						},
						{
							"origin": [-0.25, -4.1367, 3.02492],
							"size": [0.5, 0.07813, 0.21875],
							"pivot": [0, -4.15232, 3.1343],
							"rotation": [-35, 0, 0],
							"uv": {
								"north": {"uv": [3, 18], "uv_size": [0.5, 0.5]},
								"east": {"uv": [18, 4], "uv_size": [0.5, 0.5]},
								"south": {"uv": [5, 18], "uv_size": [0.5, 0.5]},
								"west": {"uv": [18, 5], "uv_size": [0.5, 0.5]},
								"up": {"uv": [6, 18], "uv_size": [0.5, 0.5]},
								"down": {"uv": [18, 6.5], "uv_size": [0.5, -0.5]}
							}
						},
						{
							"origin": [-0.25, -3.98411, 3.86606],
							"size": [0.5, 0.34375, 0.78388],
							"pivot": [0.25, -3.98411, 4.64994],
							"rotation": [37.17087, 0, 0],
							"uv": {
								"north": {"uv": [7, 18], "uv_size": [0.5, 0.5]},
								"east": {"uv": [5, 17], "uv_size": [1, 0.5]},
								"south": {"uv": [18, 7], "uv_size": [0.5, 0.5]},
								"west": {"uv": [17, 6], "uv_size": [1, 0.5]},
								"up": {"uv": [17, 7], "uv_size": [0.5, 1]},
								"down": {"uv": [8, 18], "uv_size": [0.5, -1]}
							}
						},
						{
							"origin": [-0.25, -4.39062, 2.66875],
							"size": [0.5, 3.82813, 0.26563],
							"pivot": [0, 0.125, 2.77031],
							"rotation": [22.5, 0, 0],
							"uv": {
								"north": {"uv": [9, 10], "uv_size": [0.5, 4]},
								"east": {"uv": [10, 10], "uv_size": [0.5, 4]},
								"south": {"uv": [11, 6], "uv_size": [0.5, 4]},
								"west": {"uv": [11, 10], "uv_size": [0.5, 4]},
								"up": {"uv": [8, 18], "uv_size": [0.5, 0.5]},
								"down": {"uv": [18, 8.5], "uv_size": [0.5, -0.5]}
							}
						},
						{
							"origin": [-0.25, -3.34835, 2.71281],
							"size": [0.5, 0.25, 1.39063],
							"uv": {
								"north": {"uv": [9, 18], "uv_size": [0.5, 0.5]},
								"east": {"uv": [12, 13], "uv_size": [1.5, 0.5]},
								"south": {"uv": [18, 9], "uv_size": [0.5, 0.5]},
								"west": {"uv": [0, 14], "uv_size": [1.5, 0.5]},
								"up": {"uv": [2, 14], "uv_size": [0.5, 1.5]},
								"down": {"uv": [14, 3.5], "uv_size": [0.5, -1.5]}
							}
						},
						{
							"origin": [-0.25, -3.2546, 3.82219],
							"size": [0.5, 0.21875, 0.3125],
							"pivot": [0, -3.22335, 3.84563],
							"rotation": [45, 0, 0],
							"uv": {
								"north": {"uv": [10, 18], "uv_size": [0.5, 0.5]},
								"east": {"uv": [18, 10], "uv_size": [0.5, 0.5]},
								"south": {"uv": [11, 18], "uv_size": [0.5, 0.5]},
								"west": {"uv": [18, 11], "uv_size": [0.5, 0.5]},
								"up": {"uv": [12, 18], "uv_size": [0.5, 0.5]},
								"down": {"uv": [18, 12.5], "uv_size": [0.5, -0.5]}
							}
						},
						{
							"origin": [-0.25, -3.46482, 2.74367],
							"size": [0.5, 0.21875, 0.3125],
							"pivot": [0, -3.35545, 2.89992],
							"rotation": [50, 0, 0],
							"uv": {
								"north": {"uv": [13, 18], "uv_size": [0.5, 0.5]},
								"east": {"uv": [18, 13], "uv_size": [0.5, 0.5]},
								"south": {"uv": [14, 18], "uv_size": [0.5, 0.5]},
								"west": {"uv": [18, 14], "uv_size": [0.5, 0.5]},
								"up": {"uv": [15, 18], "uv_size": [0.5, 0.5]},
								"down": {"uv": [18, 15.5], "uv_size": [0.5, -0.5]}
							}
						},
						{
							"origin": [-0.25, -1.97335, 2.08781],
							"size": [0.5, 0.25, 1.48438],
							"pivot": [0, -1.84835, 2.92375],
							"rotation": [50, 0, 0],
							"uv": {
								"north": {"uv": [16, 18], "uv_size": [0.5, 0.5]},
								"east": {"uv": [3, 14], "uv_size": [1.5, 0.5]},
								"south": {"uv": [18, 16], "uv_size": [0.5, 0.5]},
								"west": {"uv": [14, 4], "uv_size": [1.5, 0.5]},
								"up": {"uv": [5, 14], "uv_size": [0.5, 1.5]},
								"down": {"uv": [6, 15.5], "uv_size": [0.5, -1.5]}
							}
						},
						{
							"origin": [-0.25, -2.29687, 2.30937],
							"size": [0.5, 0.17762, 0.23498],
							"uv": {
								"north": {"uv": [17, 18], "uv_size": [0.5, 0.5]},
								"east": {"uv": [18, 17], "uv_size": [0.5, 0.5]},
								"south": {"uv": [18, 18], "uv_size": [0.5, 0.5]},
								"west": {"uv": [0, 19], "uv_size": [0.5, 0.5]},
								"up": {"uv": [19, 0], "uv_size": [0.5, 0.5]},
								"down": {"uv": [1, 19.5], "uv_size": [0.5, -0.5]}
							}
						},
						{
							"origin": [-0.25, -1.70312, 3.2],
							"size": [0.5, 0.17762, 0.23498],
							"uv": {
								"north": {"uv": [19, 1], "uv_size": [0.5, 0.5]},
								"east": {"uv": [2, 19], "uv_size": [0.5, 0.5]},
								"south": {"uv": [19, 2], "uv_size": [0.5, 0.5]},
								"west": {"uv": [3, 19], "uv_size": [0.5, 0.5]},
								"up": {"uv": [19, 3], "uv_size": [0.5, 0.5]},
								"down": {"uv": [4, 19.5], "uv_size": [0.5, -0.5]}
							}
						},
						{
							"origin": [-0.25, -0.91795, 1.80617],
							"size": [0.5, 0.21875, 0.3125],
							"inflate": -0.0001,
							"pivot": [0, -0.9492, 1.96242],
							"rotation": [50, 0, 0],
							"uv": {
								"north": {"uv": [19, 4], "uv_size": [0.5, 0.5]},
								"east": {"uv": [5, 19], "uv_size": [0.5, 0.5]},
								"south": {"uv": [19, 5], "uv_size": [0.5, 0.5]},
								"west": {"uv": [6, 19], "uv_size": [0.5, 0.5]},
								"up": {"uv": [19, 6], "uv_size": [0.5, 0.5]},
								"down": {"uv": [7, 19.5], "uv_size": [0.5, -0.5]}
							}
						},
						{
							"origin": [-0.25, -0.8125, 0.96562],
							"size": [0.5, 0.625, 1.85938],
							"uv": {
								"north": {"uv": [19, 7], "uv_size": [0.5, 0.5]},
								"east": {"uv": [1, 12], "uv_size": [2, 0.5]},
								"south": {"uv": [8, 19], "uv_size": [0.5, 0.5]},
								"west": {"uv": [12, 2], "uv_size": [2, 0.5]},
								"up": {"uv": [3, 12], "uv_size": [0.5, 2]},
								"down": {"uv": [12, 8], "uv_size": [0.5, -2]}
							}
						},
						{
							"origin": [-0.25, -0.90568, 2.95155],
							"size": [0.5, 0.07813, 0.23438],
							"pivot": [0, -0.7963, 3.09218],
							"rotation": [-35, 0, 0],
							"uv": {
								"north": {"uv": [19, 8], "uv_size": [0.5, 0.5]},
								"east": {"uv": [9, 19], "uv_size": [0.5, 0.5]},
								"south": {"uv": [19, 9], "uv_size": [0.5, 0.5]},
								"west": {"uv": [10, 19], "uv_size": [0.5, 0.5]},
								"up": {"uv": [19, 10], "uv_size": [0.5, 0.5]},
								"down": {"uv": [11, 19.5], "uv_size": [0.5, -0.5]}
							}
						},
						{
							"origin": [-0.25, -0.8125, 2.825],
							"size": [0.5, 0.36512, 0.35998],
							"uv": {
								"north": {"uv": [19, 11], "uv_size": [0.5, 0.5]},
								"east": {"uv": [12, 19], "uv_size": [0.5, 0.5]},
								"south": {"uv": [19, 12], "uv_size": [0.5, 0.5]},
								"west": {"uv": [13, 19], "uv_size": [0.5, 0.5]},
								"up": {"uv": [19, 13], "uv_size": [0.5, 0.5]},
								"down": {"uv": [14, 19.5], "uv_size": [0.5, -0.5]}
							}
						},
						{
							"origin": [-0.25, -0.90625, 2.12187],
							"size": [0.5, 0.29688, 0.125],
							"pivot": [0, 0.25, 2.12969],
							"rotation": [45, 0, 0],
							"uv": {
								"north": {"uv": [19, 14], "uv_size": [0.5, 0.5]},
								"east": {"uv": [15, 19], "uv_size": [0.5, 0.5]},
								"south": {"uv": [19, 15], "uv_size": [0.5, 0.5]},
								"west": {"uv": [16, 19], "uv_size": [0.5, 0.5]},
								"up": {"uv": [19, 16], "uv_size": [0.5, 0.5]},
								"down": {"uv": [17, 19.5], "uv_size": [0.5, -0.5]}
							}
						}
					]
				}
			]
		}
	]
}