{
	"format_version": "1.8.0",
	"animations": {
		"static_idle": {
			"animation_length": 0.1,
			"bones": {
				"righthand": {
					"rotation": [100.03742, 4.92385, -179.12962],
					"position": [-6.8, -14.2, 7.4],
					"scale": [1, 1.5, 1]
				},
				"lefthand": {
					"rotation": [90.4533, -389.73135, -129.57361],
					"position": [7.4, -11.7, -8.5],
					"scale": [1, 1.5, 1]
				},
				"constraint": {
					"rotation": [0.2, 0.2, 0.4],
					"position": [0.1, 0.1, 0.1]
				}
			}
		},
		"draw": {
			"animation_length": 0.85,
			"bones": {
				"righthand": {
					"rotation": {
						"0.25": [100.72722, -2.77836, -170.38597],
						"0.4": [100.03742, 4.92385, -179.12962],
						"0.45": [100.03742, 4.92385, -179.12962]
					},
					"position": {
						"0.15": [-10.07, -17.7, 6.73],
						"0.25": [-8.5, -14.2, 6.4],
						"0.4": [-6.6, -14.2, 6.7],
						"0.45": [-6.8, -14.2, 7.4]
					},
					"scale": [1, 1.5, 1]
				},
				"lefthand": {
					"rotation": {
						"0.0": [57.22, -380.04, -110.23],
						"0.05": [60.82, -381.84, -112.57],
						"0.1": [66.06, -384.48, -115.98],
						"0.15": [72.13, -387.54, -119.93],
						"0.2": [78.26, -390.56, -123.88],
						"0.25": [83.64, -393.11, -127.29],
						"0.3": [87.48, -394.73, -129.62],
						"0.35": [91.14, -394.56, -130.82],
						"0.4": [90.96, -392.23, -129.6],
						"0.45": [91.07, -391.3, -129.59],
						"0.5": [90.73, -390.38, -129.58],
						"0.55": [90.45, -389.73, -129.57]
					},
					"position": {
						"0.0": [7.4, -13.2, -8.5],
						"0.05": [7.4, -12.95, -8.5],
						"0.1": [7.4, -12.7, -8.5],
						"0.15": [7.4, -12.45, -8.5],
						"0.2": [7.4, -12.2, -8.5],
						"0.25": [7.4, -11.95, -8.5],
						"0.3": [7.4, -11.7, -8.5]
					},
					"scale": [1, 1.5, 1]
				},
				"root": {
					"rotation": {
						"0.0": [22.5, -22.5, 32.5],
						"0.05": [20.06, -18.7, 31.22],
						"0.1": [16.81, -14.77, 27.74],
						"0.15": [13.95, -14.79, 18.79],
						"0.2": [10.39, -13.75, 10.06],
						"0.25": [4.22, -5.52, 8.04],
						"0.3": [-0.89, 2.46, 7.09],
						"0.35": [-1.11, 3.39, 4.02],
						"0.4": [0.15, 2.42, 0.27],
						"0.45": [1.11, 1.43, -2],
						"0.5": [0.39, 0.29, 2.28],
						"0.55": [0.04, 0.2, -1.89],
						"0.6": [0.01, 0.16, -0.83],
						"0.65": [0.03, 0.12, 0.67],
						"0.7": [0.02, 0.09, 0.71],
						"0.75": [0.01, 0.05, 0.5],
						"0.8": [0.01, 0.02, 0.2],
						"0.85": [0, 0, 0]
					},
					"position": {
						"0.0": [-5, -14, 0],
						"0.05": [-4.77, -12.25, -0.1],
						"0.1": [-4.41, -9.74, -0.25],
						"0.15": [-3.79, -7.23, -0.38],
						"0.2": [-2.68, -4.71, -0.51],
						"0.25": [-1.31, -2.18, -0.63],
						"0.3": [-0.3, -0.4, -0.6],
						"0.35": [0.01, 0.1, -0.37],
						"0.4": [0.07, 0.06, -0.01],
						"0.45": [0.03, -0.18, 0.33],
						"0.5": [0.01, -0.3, 0.5],
						"0.55": [0.02, -0.18, 0.14],
						"0.6": [-0.01, -0.07, -0.32],
						"0.65": [-0.01, -0.03, -0.29],
						"0.7": [0, -0.01, -0.13],
						"0.75": [0, 0, 0]
					}
				},
				"camera": {
					"rotation": {
						"0.0": [0, 0, 0],
						"0.05": [0.24, -0.01, 0.01],
						"0.1": [0.55, -0.05, 0.1],
						"0.15": [0.88, -0.18, 0.43],
						"0.2": [1.1, -0.3, 0.7],
						"0.25": [1.08, -0.3, 0.66],
						"0.3": [0.98, -0.28, 0.53],
						"0.35": [0.85, -0.24, 0.39],
						"0.4": [0.7, -0.2, 0.3],
						"0.45": [0.26, -0.1, 0.37],
						"0.5": [-0.1, 0, 0.4],
						"0.55": [0.2, 0.1, -0.3],
						"0.6": [0.12, 0.06, -0.14],
						"0.65": [0, 0, 0.1],
						"0.7": [-0.01, -0.01, 0.07],
						"0.75": [0, 0, 0]
					}
				}
			},
			"sound_effects": {
				"0.05": {
					"effect": "ar_akilo_drop"
				},
				"0.4": {
					"effect": "ar_akilo_raise_shoulder"
				}
			}
		},
		"put_away": {
			"loop": "hold_on_last_frame",
			"animation_length": 0.4667,
			"bones": {
				"righthand": {
					"rotation": [100.03742, 4.92385, -179.12962],
					"position": [-6.8, -14.2, 7.4],
					"scale": [1, 1.5, 1]
				},
				"lefthand": {
					"rotation": {
						"0.0": [90.45, -389.73, -129.57],
						"0.0333": [125.75, -383.9, -174.6],
						"0.0667": [135.6, -376.74, -192.58],
						"0.1": [144.23, -367.72, -211.05],
						"0.1333": [150.15, -361.22, -224.03]
					},
					"position": {
						"0.0": [7.4, -11.7, -8.5],
						"0.0333": [8.57, -10.83, -5.85],
						"0.0667": [8.73, -10.05, -4.84],
						"0.1": [8.79, -9.09, -3.82],
						"0.1333": [8.82, -8.4, -3.1]
					},
					"scale": [1, 1.5, 1]
				},
				"root": {
					"rotation": {
						"0.0": [0, 0, 0],
						"0.0333": [-0.47, -1.28, -1.35],
						"0.0667": [-0.64, -3.66, -2.19],
						"0.1": [-0.13, -6.1, -1.43],
						"0.1333": [0.72, -9.1, 0.04],
						"0.1667": [1.8, -12.38, 1.96],
						"0.2": [2.75, -14.8, 3.7],
						"0.2333": [3.83, -17.28, 5.74],
						"0.2667": [5.02, -20.11, 7.96],
						"0.3": [6.24, -23.59, 10.25],
						"0.3333": [7.57, -28.02, 12.73],
						"0.3667": [9, -33.18, 15.42],
						"0.4": [10.4, -38.56, 18.03],
						"0.4333": [11.64, -43.66, 20.29],
						"0.4667": [12.74, -48.81, 22.19]
					},
					"position": {
						"0.0": [0, 0, 0],
						"0.0333": [-0.21, -0.18, 0.14],
						"0.0667": [-0.45, -0.49, 0.28],
						"0.1": [-0.56, -0.77, 0.33],
						"0.1333": [-0.64, -1.11, 0.35],
						"0.1667": [-0.67, -1.47, 0.34],
						"0.2": [-0.67, -1.72, 0.3],
						"0.2333": [-0.65, -1.98, 0.23],
						"0.2667": [-0.58, -2.27, 0.15],
						"0.3": [-0.43, -2.62, 0.06],
						"0.3333": [-0.22, -3.06, -0.04],
						"0.3667": [0.06, -3.56, -0.15],
						"0.4": [0.42, -4.1, -0.26],
						"0.4333": [0.92, -4.65, -0.33],
						"0.4667": [1.49, -5.13, -0.36]
					}
				},
				"camera": {
					"rotation": {
						"0.0": [0, 0, 0],
						"0.0333": [0.05, 0, -0.04],
						"0.0667": [0.13, 0, -0.09],
						"0.1": [0.22, 0, -0.13],
						"0.1333": [0.3, 0, -0.12],
						"0.1667": [0.43, 0, 0],
						"0.2": [0.56, 0, 0.18],
						"0.2333": [0.64, 0, 0.3],
						"0.2667": [0.65, 0, 0.3],
						"0.3": [0.62, 0, 0.26],
						"0.3333": [0.57, 0, 0.2],
						"0.4667": [0, 0, 0]
					}
				}
			}
		},
		"reload_tactical": {
			"animation_length": 2.4,
			"bones": {
				"righthand": {
					"rotation": [100.03742, 4.92385, -179.12962],
					"position": [-6.8, -14.2, 7.4],
					"scale": [1, 1.5, 1]
				},
				"lefthand": {
					"rotation": {
						"0.0": [90.4533, -389.73135, -129.57361],
						"0.2": [115.86294, -369.66693, -226.54105],
						"0.25": [125.86, -369.67, -226.54],
						"0.35": [124.6961, -372.30642, -225.49724],
						"0.4": [128.31734, -369.84622, -228.71128],
						"0.45": [138.38718, -356.86335, -225.22772],
						"0.5": [120.39, -356.86, -225.23],
						"0.6": [126.09169, -372.96193, -233.33241],
						"0.7": [134.09, -372.96, -233.33],
						"1.05": [129.58369, -371.05809, -235.70211],
						"1.15": [102.80277, -370.9337, -231.62718],
						"1.2": [121.67748, -352.38944, -227.45689],
						"1.3": [122.80147, -343.92535, -222.01407],
						"1.35": [125.56293, -344.59461, -209.92823],
						"1.45": [129.56, -344.59, -209.93],
						"1.5": [138.56, -344.59, -209.93],
						"1.55": [111.69207, -355.85215, -211.18316],
						"1.6": [113.69, -355.85, -211.18],
						"1.7": [115.79932, -356.8725, -209.45764],
						"1.75": [115.8, -356.87, -209.46],
						"1.8": [101.17115, -377.16947, -166.95326],
						"1.9": [85.95657, -385.69387, -122.07969],
						"2.0": [86.45, -389.73, -129.57],
						"2.15": [90.46793, -392.73125, -129.60181],
						"2.25": [90.45, -389.73, -129.57]
					},
					"position": {
						"0.0": [7.4, -11.7, -8.5],
						"0.1": [7.18, -15.45, -5.05],
						"0.2": [7.15781, -14.6, -1.6],
						"0.35": [7.34609, -14.8, -1.6],
						"0.4": [7.94609, -15.2, -1.6],
						"0.45": [7.94609, -15.2, -3],
						"0.5": [10.14609, -20.5, -6.6],
						"0.6": [11.04609, -31.5, -4.18047],
						"0.7": [11.04609, -39.6, 6.3],
						"1.05": [12.66563, -42.1, 4.4],
						"1.15": [10.56563, -20.3, 0.2],
						"1.2": [10.36563, -17.2, -1.6],
						"1.3": [8.75781, -16.18437, -3.80781],
						"1.35": [7.76563, -16.58438, -5.91172],
						"1.4": [7.66563, -16.68437, -6.01172],
						"1.45": [7.66563, -16.98437, -6.21172],
						"1.5": [7.36563, -16.28437, -5.51172],
						"1.55": [7.76563, -16.28437, -2.31172],
						"1.7": [7.25781, -17.3, -1.8],
						"1.75": [7.25781, -17.1, -1.6],
						"1.85": [8.25781, -14.1, -7.87],
						"1.9": [7.25781, -13.5, -7.9],
						"2.0": [7.4, -11.7, -8.5],
						"2.2": [7.4, -11.7, -8.5]
					},
					"scale": [1, 1.5, 1]
				},
				"root": {
					"relative_to": {
						"rotation": "entity"
					},
					"rotation": {
						"0.0": [0, 0, 0.01],
						"0.05": [-8.17, -0.78, -8.27],
						"0.1": [-16.86, -2.17, -17.42],
						"0.15": [-19.96, -4.58, -21.71],
						"0.2": [-21.04, -6.99, -24.55],
						"0.25": [-21.69, -9.2, -30.29],
						"0.3": [-22.86, -9.83, -31.73],
						"0.35": [-23.93, -10.51, -33.1],
						"0.4": [-23.82, -13.23, -38.32],
						"0.45": [-26.69, -9.37, -34.23],
						"0.5": [-25.15, -9.32, -35.23],
						"0.55": [-23.48, -9.72, -31.74],
						"0.6": [-23.59, -10.34, -33.7],
						"0.65": [-24.04, -10.98, -36.09],
						"0.7": [-24.69, -11.38, -36.3],
						"0.75": [-25.08, -11.46, -36.08],
						"0.8": [-24.97, -11.29, -36.09],
						"0.85": [-24.72, -10.97, -36.02],
						"0.9": [-24.39, -10.63, -36.04],
						"0.95": [-24.01, -10.36, -36.32],
						"1.0": [-23.6, -10.27, -37.02],
						"1.05": [-22.72, -10.68, -39.79],
						"1.1": [-21.72, -11.4, -43.42],
						"1.15": [-21.08, -11.83, -45.72],
						"1.2": [-21.23, -11.54, -44.82],
						"1.25": [-21.84, -10.83, -42.44],
						"1.3": [-22.17, -10.23, -41.31],
						"1.35": [-22.55, -9.55, -40.19],
						"1.4": [-23.02, -9.06, -39.21],
						"1.45": [-24.38, -9.23, -38.72],
						"1.5": [-25.01, -9.03, -37.23],
						"1.55": [-20.36, -4.28, -25.97],
						"1.6": [-19.38, -7.45, -35.76],
						"1.65": [-22.53, -4.98, -29.94],
						"1.7": [-23.28, -4.13, -24.27],
						"1.75": [-23.58, -3.29, -17.06],
						"1.8": [-21.63, -2.58, -10.25],
						"1.85": [-15.4, -2.11, -3.93],
						"1.9": [-6.91, -1.79, 2],
						"1.95": [-0.5, -1.44, 5.92],
						"2.0": [2.13, -0.73, 6.34],
						"2.05": [2, -0.14, 4],
						"2.1": [1.65, 0.01, 0.75],
						"2.15": [1, 0, -2],
						"2.2": [1, -0.02, 0],
						"2.25": [0.7, -0.01, 0.15],
						"2.3": [0.3, -0.01, 0.07],
						"2.35": [0, 0, 0.01]
					},
					"position": {
						"0.0": [0, 0, 0],
						"0.05": [0.15, -0.11, 0.61],
						"0.1": [0.2, -0.28, 1.31],
						"0.15": [-0.19, -0.55, 1.79],
						"0.2": [-0.6, -0.8, 2.1],
						"0.25": [-0.6, -0.9, 2.1],
						"0.3": [-0.59, -0.81, 2.1],
						"0.35": [-0.6, -0.7, 2.1],
						"0.4": [-0.7, -0.7, 2.1],
						"0.45": [-0.33, -0.91, 2.1],
						"0.5": [-0.2, -0.7, 2.1],
						"0.55": [-0.29, -0.64, 2.1],
						"0.6": [-0.44, -0.59, 2.1],
						"0.65": [-0.6, -0.6, 2.1],
						"0.7": [-0.76, -0.73, 2.1],
						"0.75": [-0.92, -0.93, 2.1],
						"0.8": [-1.04, -1.07, 2.1],
						"0.85": [-1.1, -1.12, 2.1],
						"0.9": [-1.12, -1.1, 2.1],
						"0.95": [-1.12, -1.07, 2.1],
						"1.0": [-1.13, -1.04, 2.1],
						"1.05": [-1.13, -0.98, 2.1],
						"1.1": [-1.11, -0.92, 2.1],
						"1.15": [-1.05, -0.85, 2.1],
						"1.2": [-0.97, -0.77, 2.1],
						"1.25": [-0.9, -0.7, 2.1],
						"1.3": [-0.86, -0.64, 2.1],
						"1.35": [-0.85, -0.6, 2.1],
						"1.4": [-0.83, -0.54, 2.1],
						"1.45": [-0.82, -0.5, 2.1],
						"1.5": [-0.92, -0.5, 2.1],
						"1.55": [-0.81, -0.65, 2.07],
						"1.6": [-0.72, -0.8, 2.1],
						"1.65": [-0.79, -0.77, 2.24],
						"1.7": [-0.91, -0.71, 2.45],
						"1.75": [-1, -0.8, 2.65],
						"1.8": [-1.06, -1.28, 2.99],
						"1.85": [-1.08, -1.91, 3.33],
						"1.9": [-1, -2.2, 3.2],
						"1.95": [-0.7, -1.81, 2.11],
						"2.0": [-0.3, -1.09, 0.54],
						"2.05": [0, -0.5, -0.5],
						"2.1": [0.06, -0.19, -0.2],
						"2.15": [0, -0.1, 0.5],
						"2.2": [0, -0.07, 0.28],
						"2.25": [0, -0.09, -0.07],
						"2.3": [0, -0.06, -0.19],
						"2.35": [0, -0.03, -0.1],
						"2.4": [0, 0, 0]
					}
				},
				"mag_and_bullet": {
					"rotation": {
						"0.35": [0, 0, 0],
						"0.4": [-1.99878, -0.06978, -1.99878],
						"0.45": [-18.00078, -0.18928, -10.04084],
						"0.5": [-30.21098, -4.88201, -35.06163],
						"0.6": [-16.41579, 9.6013, -39.02549],
						"0.7": [-17.30246, 7.85816, -44.83918],
						"1.05": [-17.3, 7.86, -44.84],
						"1.15": [27.02932, 7.27156, -34.76939],
						"1.2": [-9.91205, 0, -26.17873],
						"1.3": [-16.50045, 0, -13.72416],
						"1.35": [-26, 0, 0],
						"1.4": [-24.5, 0, 0],
						"1.45": [-22.5, 0, 0],
						"1.5": [-25.25, 0, 0],
						"1.55": [0, 0, 0]
					},
					"position": {
						"0.35": [0, 0, 0],
						"0.4": [0, -0.3, -0.1],
						"0.45": [0.3, -0.6, -0.6],
						"0.5": [1.4, -6.7, -5.4],
						"0.6": [2.5, -16.8, -2.60625],
						"0.7": [2.5, -25.8, 8.2],
						"1.05": [2.5, -25.8, 8.2],
						"1.15": [1.1, -4.8, -0.1],
						"1.2": [1.1, -2, -0.1],
						"1.3": [0.4, -1, -0.4],
						"1.35": [0.1, -1, -0.5],
						"1.4": [0.1, -1, -0.7],
						"1.45": [0.1, -1, -0.7],
						"1.5": [0.05, -0.5, -0.25],
						"1.55": [0, 0, 0]
					}
				},
				"additional_magazine": {
					"position": [0, -3, 32]
				},
				"magrelease": {
					"rotation": {
						"0.25": [0, 0, 0],
						"0.3": [-20, 0, 0],
						"0.45": [-20, 0, 0],
						"0.55": [0, 0, 0],
						"1.5": [0, 0, 0],
						"1.55": [-20, 0, 0],
						"1.65": [0, 0, 0]
					}
				},
				"constraint": {
					"rotation": {
						"0.0": [0, 0, 0],
						"2.25": [0, 0, 0],
						"2.4": [0.2, 0.2, 0.4]
					},
					"position": {
						"0.0": [0.02, 0.02, 0.02],
						"2.25": [0.02, 0.02, 0.02],
						"2.4": [0.1, 0.1, 0.1]
					}
				},
				"bullet": {
					"scale": {
						"0.0": [0, 0, 0],
						"0.95": {
							"pre": [0, 0, 0],
							"post": [1, 1, 1]
						}
					}
				},
				"camera": {
					"rotation": {
						"0.0": [0, 0, 0],
						"0.05": [0.3, 0, -0.12],
						"0.1": [0.72, 0.01, -0.3],
						"0.15": [1, 0.05, -0.5],
						"0.2": [1.02, 0.1, -0.65],
						"0.25": [0.96, 0.18, -0.83],
						"0.3": [0.87, 0.26, -1],
						"0.35": [0.8, 0.33, -1.14],
						"0.4": [0.8, 0.38, -1.2],
						"0.45": [1.6, 0.25, -0.62],
						"0.5": [1.38, 0.2, -1.1],
						"0.55": [1.08, 0.13, -1.57],
						"0.6": [1.08, 0.04, -1.45],
						"0.65": [1.16, -0.05, -1.15],
						"0.7": [1.2, -0.12, -0.95],
						"0.75": [1.16, -0.15, -0.95],
						"0.8": [1.09, -0.17, -1.02],
						"0.85": [1.02, -0.18, -1.12],
						"0.9": [1, -0.17, -1.2],
						"0.95": [1.04, -0.18, -1.26],
						"1.0": [1.12, -0.18, -1.32],
						"1.05": [1.2, -0.18, -1.38],
						"1.1": [1.27, -0.16, -1.44],
						"1.15": [1.3, -0.1, -1.47],
						"1.2": [1.25, 0.04, -1.5],
						"1.25": [1.15, 0.25, -1.5],
						"1.3": [1.04, 0.45, -1.49],
						"1.35": [0.94, 0.59, -1.47],
						"1.4": [0.79, 0.65, -1.44],
						"1.45": [0.7, 0.63, -1.37],
						"1.5": [0.75, 0.63, -1.2],
						"1.55": [1.5, 0.63, -0.47],
						"1.6": [1.36, 0.64, -1.06],
						"1.65": [1.1, 0.63, -1.67],
						"1.7": [0.99, 0.55, -1.62],
						"1.75": [0.89, 0.45, -1.39],
						"1.8": [0.88, 0.33, -1.2],
						"1.85": [1.05, 0.16, -1.18],
						"1.9": [1.31, -0.03, -1.21],
						"1.95": [1.35, -0.15, -1.2],
						"2.0": [0.94, -0.14, -1.1],
						"2.05": [0.32, -0.07, -0.96],
						"2.1": [-0.1, 0, -0.8],
						"2.15": [0.2, 0.05, -0.25],
						"2.2": [0.08, 0.03, -0.46],
						"2.25": [-0.07, 0, -0.65],
						"2.3": [-0.05, 0, -0.35],
						"2.35": [0, 0, 0]
					}
				}
			},
			"sound_effects": {
				"0.0": {
					"effect": "ar_akilo_raise_shoulder"
				},
				"0.35": {
					"effect": "ar_akilo_reload_magout"
				},
				"0.9": {
					"effect": "p04_ar_akilo_reload_mvt"
				},
				"1.4": {
					"effect": "ar_akilo_reload_magin"
				},
				"1.5": {
					"effect": "p04_ar_akilo_reload_mvt2"
				},
				"2.05": {
					"effect": "ar_akilo_reload_shoulder"
				}
			}
		},
		"reload_empty": {
			"animation_length": 3.05,
			"bones": {
				"righthand": {
					"rotation": [100.03742, 4.92385, -179.12962],
					"position": [-6.8, -14.2, 7.4],
					"scale": [1, 1.5, 1]
				},
				"lefthand": {
					"rotation": {
						"0.0": [90.45, -389.73, -129.57],
						"0.05": [125.98, -389.22, -188.25],
						"0.1": [161.51, -388.72, -246.92],
						"0.15": [150.11, -372.38, -255.56],
						"0.2": [138.72, -356.04, -264.19],
						"0.25": [124.38, -351.07, -261.19],
						"0.3": [110.03, -346.1, -258.19],
						"0.35": [110.03, -346.1, -258.19],
						"0.4": [110.03, -346.1, -258.19],
						"0.45": [114.03, -346.1, -258.19],
						"0.5": [122.03, -346.1, -258.19],
						"0.55": [112.3, -348.32, -252.47],
						"0.6": [100.99, -352.95, -254.38],
						"0.65": [101.08, -350.01, -253.8],
						"0.7": [92.64, -350.3, -244.67],
						"0.75": [95.09, -347.99, -243.28],
						"0.8": [100.21, -343.66, -242.82],
						"0.85": [107.62, -338.83, -241.01],
						"0.9": [128.34, -332.42, -228.75],
						"0.95": [132.35, -336.96, -221.05],
						"1.0": [134.31, -342.92, -214.26],
						"1.05": [138.57, -347.98, -209.26],
						"1.1": [142.65, -347.59, -196.19],
						"1.15": [149.65, -347.59, -196.19],
						"1.2": [153.65, -347.59, -196.19],
						"1.25": [111.04, -357.56, -200.87],
						"1.3": [115.94, -356.64, -202.78],
						"1.35": [115.1, -358.45, -199.21],
						"1.4": [115.1, -358.45, -199.21],
						"1.45": [109.5, -368.95, -179.08],
						"1.55": {
							"pre": [106.26753, -372.14174, -178.58112],
							"post": [106.26753, -372.14174, -178.58112],
							"lerp_mode": "catmullrom"
						},
						"1.7": {
							"post": [109.5, -368.95, -179.08],
							"lerp_mode": "catmullrom"
						},
						"1.8": {
							"post": [137.99136, -350.92562, -190.85621],
							"lerp_mode": "catmullrom"
						},
						"1.9": {
							"post": [156.85929, -323.41049, -201.38327],
							"lerp_mode": "catmullrom"
						},
						"2.0": {
							"post": [155.25275, -316.37879, -205.58234],
							"lerp_mode": "catmullrom"
						},
						"2.05": {
							"post": [156.85929, -323.41049, -201.38327],
							"lerp_mode": "catmullrom"
						},
						"2.1": {
							"post": [198.75267, -368.22139, -174.07724],
							"lerp_mode": "catmullrom"
						},
						"2.15": {
							"post": [208.57035, -380.33434, -182.37485],
							"lerp_mode": "catmullrom"
						},
						"2.25": {
							"post": [212.20856, -360.2995, -186.86054],
							"lerp_mode": "catmullrom"
						},
						"2.35": {
							"post": [180.31736, -358.3348, -173.02336],
							"lerp_mode": "catmullrom"
						},
						"2.5": {
							"post": [119.70856, -360.2995, -186.86054],
							"lerp_mode": "catmullrom"
						},
						"2.6": {
							"post": [95.59486, -389.33009, -147.77683],
							"lerp_mode": "catmullrom"
						},
						"2.7": [90.45, -389.73, -129.57]
					},
					"position": {
						"0.0": [7.4, -11.7, -8.5],
						"0.05": [11.3, -15.16, -6.56],
						"0.1": [15.2, -18.63, -4.63],
						"0.15": [19.3, -24.16, -6.56],
						"0.2": [23.4, -29.7, -8.5],
						"0.25": [18.7, -29.3, -3.05],
						"0.3": [14, -28.9, 2.4],
						"0.35": [12.95, -22.26, 2.39],
						"0.4": [11.9, -15.62, 2.38],
						"0.45": [11.9, -15.62, 1.38],
						"0.5": [11.7, -15.62, 0.28],
						"0.55": [12, -16.22, 1.48],
						"0.6": [12.4, -17.52, 1.28],
						"0.65": [12.4, -17.82, -2.42],
						"0.7": [12, -19.22, -1.72],
						"0.75": [11.97, -19.4, -2.46],
						"0.8": [12.04, -19.59, -3.84],
						"0.85": [12, -19.62, -5.13],
						"0.9": [11.09, -18.44, -5.21],
						"0.95": [10.43, -17.77, -5.34],
						"1.0": [9.75, -17.27, -5.45],
						"1.05": [8.54, -17.41, -5.39],
						"1.1": [7.57, -16.99, -5.78],
						"1.15": [7.35, -16.26, -6.56],
						"1.2": [7.35, -16.26, -6.56],
						"1.25": [7.08, -17.81, -2.9],
						"1.3": [7.08, -17.64, -2.41],
						"1.35": [7.08, -17.48, -1.92],
						"1.45": [6.89, -17, -2.42],
						"1.6": {
							"pre": [7.33, -16.54, -3.08],
							"post": [7.33, -16.54, -3.08],
							"lerp_mode": "catmullrom"
						},
						"1.7": {
							"post": [6.89, -16.25, -2.92],
							"lerp_mode": "catmullrom"
						},
						"1.8": {
							"post": [5.47, -13.84, -2.07],
							"lerp_mode": "catmullrom"
						},
						"1.9": {
							"post": [4.10202, -11.47522, -1.74702],
							"lerp_mode": "catmullrom"
						},
						"1.95": {
							"post": [4.01, -11.455, -1.92],
							"lerp_mode": "catmullrom"
						},
						"2.05": {
							"post": [4.10202, -11.47522, -1.74702],
							"lerp_mode": "catmullrom"
						},
						"2.1": {
							"post": [3.93599, -10.66029, 3.52861],
							"lerp_mode": "catmullrom"
						},
						"2.2": {
							"post": [3.11, -10.5, 4.61],
							"lerp_mode": "catmullrom"
						},
						"2.25": {
							"post": [2.602, -12.05236, 4.5405],
							"lerp_mode": "catmullrom"
						},
						"2.35": {
							"post": [3.61, -23.75, 3.4],
							"lerp_mode": "catmullrom"
						},
						"2.4": {
							"post": [4.38463, -26.98738, 2.15468],
							"lerp_mode": "catmullrom"
						},
						"2.55": {
							"post": [5.69, -20.05, -3],
							"lerp_mode": "catmullrom"
						},
						"2.7": [7.4, -11.7, -8.5]
					},
					"scale": [1, 1.5, 1]
				},
				"root": {
					"rotation": {
						"0.0": [0, 0, 0],
						"0.05": [0.75, -0.03, 1.5],
						"0.1": [1.84, -0.09, 4.4],
						"0.15": [3, -0.1, 6],
						"0.2": [3.91, 0.22, 2.44],
						"0.25": [4.31, 0.23, -2.99],
						"0.3": [3.62, -1.01, -8.74],
						"0.35": [2.57, -2.4, -13.49],
						"0.4": [1.01, -3.3, -14.48],
						"0.45": [-0.97, -3.49, -16.47],
						"0.5": [-4.35, -3.49, -16.47],
						"0.55": [-7.55, -3.72, -18.46],
						"0.6": [-18.42, -3.41, -15.98],
						"0.65": [-20, -4.56, -21.35],
						"0.7": [-16.42, -3.73, -18.3],
						"0.75": [-13.44, -4.47, -22.39],
						"0.8": [-12.71, -4.33, -21.66],
						"0.85": [-12.21, -4.17, -21.09],
						"0.9": [-11.52, -4.39, -23.57],
						"0.95": [-11.07, -4.69, -26.42],
						"1.0": [-11.33, -4.9, -27.56],
						"1.05": [-11.75, -5.05, -28.06],
						"1.1": [-11.88, -5.13, -28.31],
						"1.15": [-11.98, -5.14, -28.25],
						"1.2": [-12.45, -4.95, -27.38],
						"1.25": [-14.49, -3.97, -25.54],
						"1.3": [-8.79, -3.45, -28.47],
						"1.35": [-10.44, -4.75, -28.43],
						"1.4": [-9.52, -4.79, -29.98],
						"1.45": [-9.18, -3.48, -24.91],
						"1.5": [-6.92, -1.21, -23.66],
						"1.55": [-4.58, 1.07, -21.26],
						"1.6": [-3.62, 2.02, -14.6],
						"1.65": [-3.58, 2.49, -7.02],
						"1.7": [-6.45, 3.18, 3.99],
						"1.75": [-14.1, 0.62, 15.26],
						"1.8": [-22.35, -2.09, 26.28],
						"1.85": [-27.05, -2.63, 32.12],
						"1.9": [-30.03, -2.61, 35.34],
						"1.95": [-31.12, -2.97, 36.39],
						"2.0": [-31.61, -3.36, 36.58],
						"2.05": [-32.2, -3.29, 36.7],
						"2.1": [-35.27, 0.05, 37.44],
						"2.15": [-35.82, -1.15, 34.67],
						"2.2": [-35.51, -0.34, 36.51],
						"2.25": [-37.75, -2.97, 33.22],
						"2.3": [-33.57, -0.44, 36],
						"2.35": [-33.94, -1.69, 33.02],
						"2.4": [-32.63, -1.39, 33.74],
						"2.45": [-28.28, -0.72, 31.28],
						"2.5": [-16.2, 0.23, 17.18],
						"2.55": [-4.3, 0.97, 2.83],
						"2.6": [-0.79, 0.72, -1.1],
						"2.65": [-0.02, 0.26, -1.01],
						"2.7": [1.39, 0.23, 0.9],
						"2.75": [2.01, 0.28, 2.75],
						"2.8": [1.12, 0.28, 0.76],
						"2.85": [-0.01, 0.24, -1.5],
						"2.9": [-0.13, 0.11, -1.02],
						"2.95": [0, 0, 0]
					},
					"position": {
						"0.0": [0, 0, 0],
						"0.05": [-0.09, -0.39, 0.13],
						"0.1": [-0.2, -0.8, 0.4],
						"0.15": [-0.27, -0.96, 0.97],
						"0.2": [-0.38, -0.92, 1.58],
						"0.25": [-0.61, -0.51, 2.02],
						"0.3": [-0.87, -0.1, 2.33],
						"0.35": [-1.15, -0.12, 2.47],
						"0.4": [-1.37, -0.2, 2.48],
						"0.45": [-1.44, -0.06, 2.3],
						"0.5": [-1.5, 0.08, 2.13],
						"0.55": [-1.5, 0.14, 1.73],
						"0.6": [-1.5, 0.2, 1.33],
						"0.65": [-1.5, -0.02, 1.12],
						"0.7": [-1.5, -0.3, 1.02],
						"0.75": [-1.49, -0.44, 1.02],
						"0.8": [-1.47, -0.56, 1.07],
						"0.85": [-1.45, -0.61, 1.13],
						"0.9": [-1.42, -0.49, 1.23],
						"0.95": [-1.4, -0.3, 1.35],
						"1.0": [-1.4, -0.19, 1.48],
						"1.05": [-1.4, -0.1, 1.6],
						"1.1": [-1.4, -0.05, 1.65],
						"1.15": [-1.39, 0, 1.68],
						"1.2": [-1.4, 0, 1.7],
						"1.25": [-1.46, -0.12, 1.71],
						"1.3": [-1.5, -0.25, 1.7],
						"1.35": [-1.45, -0.3, 1.65],
						"1.4": [-1.4, -0.3, 1.6],
						"1.45": [-1.47, -0.25, 1.59],
						"1.5": [-1.5, -0.2, 1.6],
						"1.55": [-1.4, -0.09, 1.59],
						"1.6": [-1.09, -0.22, 1.6],
						"1.65": [-0.36, -1.06, 1.59],
						"1.7": [0.44, -2.02, 1.7],
						"1.75": [0.92, -2.51, 2.2],
						"1.8": [1.4, -3, 2.7],
						"1.85": [1.56, -2.93, 2.7],
						"1.9": [1.72, -2.87, 2.7],
						"1.95": [1.88, -2.8, 2.7],
						"2.0": [1.64, -2.85, 2.7],
						"2.05": [1.4, -2.9, 2.7],
						"2.1": [1.1, -3.1, 2.7],
						"2.15": [1, -3.3, 2.7],
						"2.2": [1.05, -3.1, 2.7],
						"2.25": [1.1, -2.9, 2.7],
						"2.3": [1.6, -2.36, 2.6],
						"2.35": [1.6, -2.97, 2.7],
						"2.4": [1.7, -3.3, 2.7],
						"2.45": [1.29, -3.75, 2.58],
						"2.5": [0.8, -4.08, 2.07],
						"2.55": [0.33, -3.49, -1.12],
						"2.6": [0.04, -2.24, -1.55],
						"2.65": [-0.2, -1, -1.4],
						"2.7": [-0.23, -0.62, -0.73],
						"2.75": [-0.19, -0.52, 0.08],
						"2.8": [-0.1, -0.25, 0.88],
						"2.85": [-0.04, -0.11, 0.49],
						"2.9": [0, 0, 0],
						"2.95": [0.01, 0.02, -0.06],
						"3.0": [0, 0, 0]
					}
				},
				"mag_and_bullet": {
					"rotation": {
						"0.25": [0, 0, 0],
						"0.3": [-4.89, -1.3, -64.92],
						"0.35": [-0.76, -4.11, -63.26],
						"0.4": [3.36, -6.92, -61.61],
						"0.45": [0.36, -6.92, -61.61],
						"0.5": [-4.27, -7.15, -64.62],
						"0.55": [7.73, -7.15, -64.62],
						"0.6": [26.6, -10.81, -57.42],
						"0.65": [10.76, -14.72, -49.1],
						"0.7": [29.48, -6.86, -47.6],
						"0.75": [23.02, -7.57, -43.16],
						"0.8": [7.01, -10.47, -34.68],
						"0.85": [-8.79, -13.1, -26.27],
						"0.9": [-13.55, -11.75, -22.43],
						"0.95": [-17.36, -11.05, -19.66],
						"1.0": [-20.69, -9.71, -16.67],
						"1.05": [-21.59, -3.28, -11.08],
						"1.1": [-26, 0, -4.41],
						"1.15": [-32, 0, -1.76],
						"1.2": [-31, 0, 0],
						"1.25": [0, 0, 0]
					},
					"position": {
						"0.25": [0, -16, 15],
						"0.3": [3, -15, 5],
						"0.35": [1.5, -8.6, 4.15],
						"0.4": [0, -2.2, 3.3],
						"0.45": [0, -2.2, 3.2],
						"0.5": [0, -2.2, 3],
						"0.55": [0, -2.6, 2.5],
						"0.6": [0, -2.6, 1],
						"0.65": [0, -2.6, -1.5],
						"0.7": [0, -3.2, -3],
						"0.75": [0.18, -3.24, -2.78],
						"0.8": [0.57, -3.27, -2.1],
						"0.85": [0.9, -3.2, -1.4],
						"0.9": [0.66, -2.44, -1.08],
						"0.95": [0.46, -1.82, -0.82],
						"1.0": [0.3, -1.3, -0.6],
						"1.05": [0.4, -1.3, -0.6],
						"1.1": [0.1, -1, -0.5],
						"1.15": [0.1, -1, -0.6],
						"1.2": [0.1, -1, -0.6],
						"1.25": [0, 0, 0]
					}
				},
				"additional_magazine": {
					"rotation": {
						"0.45": [0, 0, 0],
						"0.5": [-2.5, 0, 0],
						"0.55": [-40.35, 1.36, -7.69],
						"0.6": [-80.94, -5.24, -22.93],
						"0.65": [-101.58, 0.87, -57.44],
						"0.7": [-107.08, -6.14, -87.98],
						"0.75": [-114.66, -17.18, -123.29],
						"0.8": [-140.94, -29.32, -134.9],
						"0.85": [-205.79, -43.83, -100.88],
						"0.9": [-289.34, -59.46, -43.16],
						"0.95": [-348.58, -69.44, 0.93],
						"1.0": [-377.08, -70.32, 16.86],
						"1.05": [-337.45, -58.83, 14.05],
						"1.1": [-168.72, -29.41, 7.03],
						"1.15": [0, 0, 0]
					},
					"position": {
						"0.45": [0, 0, 0],
						"0.5": [0, 0, 0],
						"0.55": [0, -2.2, -1.2],
						"0.6": [2.7, -4.5, -4],
						"0.65": [5.1, -6.3, -8.1],
						"0.7": [6.27, -7.39, -11.04],
						"0.75": [7.3, -9.5, -14.1],
						"0.8": [8.27, -14.14, -16.8],
						"0.85": [8.6, -19.4, -19.1],
						"0.9": [7.47, -23.14, -20.77],
						"0.95": [5.62, -27.59, -21.88],
						"1.0": [3.8, -35.32, -23.75],
						"1.05": [1.13, -43.16, -22.42],
						"1.1": [-8.61, -52.18, 0.38],
						"1.15": [-2.3, -32.2, 15.6]
					}
				},
				"bolt": {
					"position": {
						"2.05": [0, 0, 0],
						"2.1": [0, 0, 5.2],
						"2.2": [0, 0, 5.2],
						"2.3": [0, 0, 0],
						"2.35": [0, 0, 0.1],
						"2.45": [0, 0, 0]
					}
				},
				"magrelease": {
					"rotation": {
						"0.4": [0, 0, 0],
						"0.45": [-20, 0, 0],
						"0.55": [-29, 0, 0],
						"0.65": [-21, 0, 0],
						"0.75": [0, 0, 0],
						"1.2": [0, 0, 0],
						"1.25": [-20, 0, 0],
						"1.35": [0, 0, 0]
					}
				},
				"constraint": {
					"rotation": {
						"0.0": [0, 0, 0],
						"2.9": [0, 0, 0],
						"3.05": [0.2, 0.2, 0.4]
					},
					"position": {
						"0.0": [0.02, 0.02, 0.02],
						"2.9": [0.02, 0.02, 0.02],
						"3.05": [0.1, 0.1, 0.1]
					}
				},
				"camera": {
					"rotation": {
						"0.0": [0, 0, 0],
						"0.05": [0.14, 0.06, -0.05],
						"0.1": [0.35, 0.13, -0.12],
						"0.15": [0.57, 0.22, -0.2],
						"0.2": [0.75, 0.3, -0.28],
						"0.25": [0.89, 0.37, -0.36],
						"0.3": [1.01, 0.44, -0.45],
						"0.35": [1.1, 0.51, -0.53],
						"0.4": [1.16, 0.55, -0.6],
						"0.45": [1.12, 0.6, -0.73],
						"0.5": [0.96, 0.55, -0.75],
						"0.55": [0.28, 0.08, -0.12],
						"0.6": [0.17, -0.06, -0.58],
						"0.65": [0.19, -0.12, -1.07],
						"0.7": [0.42, -0.13, -0.94],
						"0.75": [0.68, -0.1, -0.7],
						"0.8": [0.74, -0.07, -0.7],
						"0.85": [0.74, 0, -0.75],
						"0.9": [0.72, 0.08, -0.76],
						"0.95": [0.69, 0.18, -0.77],
						"1.0": [0.62, 0.27, -0.77],
						"1.05": [0.48, 0.33, -0.78],
						"1.1": [0.31, 0.38, -0.77],
						"1.15": [0.19, 0.42, -0.72],
						"1.2": [0.19, 0.5, -0.25],
						"1.25": [0.74, 0.5, -1.23],
						"1.3": [0.58, 0.5, -1.04],
						"1.35": [0.42, 0.5, -0.75],
						"1.4": [0.53, 0.5, -0.74],
						"1.45": [0.73, 0.5, -0.79],
						"1.5": [0.91, 0.5, -0.81],
						"1.55": [1.12, 0.51, -0.79],
						"1.6": [1.25, 0.5, -0.67],
						"1.65": [1.21, 0.48, -0.49],
						"1.7": [1.1, 0.43, -0.25],
						"1.75": [1, 0.34, -0.02],
						"1.8": [0.91, 0.15, 0.15],
						"1.85": [0.81, -0.09, 0.31],
						"1.9": [0.75, -0.28, 0.43],
						"1.95": [0.76, -0.36, 0.5],
						"2.0": [0.79, -0.39, 0.53],
						"2.05": [0.79, -0.4, 0.5],
						"2.1": [0.48, -0.3, 0],
						"2.15": [0.63, -0.29, 0.17],
						"2.2": [0.83, -0.3, 0.5],
						"2.25": [0.9, -0.4, 1.25],
						"2.3": [1.46, -0.4, -0.15],
						"2.35": [1.34, -0.4, 0.16],
						"2.4": [1.15, -0.4, 0.63],
						"2.45": [1.26, -0.42, 0.61],
						"2.5": [1.23, -0.4, 0.43],
						"2.55": [1.02, -0.34, 0.32],
						"2.6": [0.69, -0.25, 0.17],
						"2.65": [0.33, -0.15, 0.02],
						"2.7": [0.01, -0.06, -0.1],
						"2.75": [-0.2, 0, -0.15],
						"2.8": [-0.04, 0, 0.42],
						"2.85": [0.13, 0, -0.07],
						"2.9": [0.07, 0, -0.03],
						"2.95": [0, 0, 0.07],
						"3.0": [-0.01, 0, 0.04],
						"3.05": [0, 0, 0]
					}
				}
			},
			"sound_effects": {
				"0.4": {
					"effect": "ar_akilo_reload_empty_maghit"
				},
				"0.5": {
					"effect": "ar_akilo_reload_empty_magout"
				},
				"0.85": {
					"effect": "ar_akilo_reload_empty_magbump"
				},
				"1.15": {
					"effect": "ar_akilo_reload_empty_magin"
				},
				"1.3": {
					"effect": "iw8_phys_mag_drop_ak_metal_dirt_05"
				},
				"1.75": {
					"effect": "ar_akilo_reload_empty_chamber"
				},
				"2.05": {
					"effect": "p04_ar_akilo_reload_xmag_mvt"
				},
				"2.65": {
					"effect": "ar_akilo_reload_empty_shoulder"
				}
			}
		},
		"inspect": {
			"animation_length": 7.7,
			"bones": {
				"righthand": {
					"rotation": {
						"0.0": [100.03742, 4.92385, -179.12962],
						"5.05": [100.04, 4.92, -179.13],
						"5.1": [95.18, 8.03, -207.27],
						"5.15": [90.32, 11.13, -235.41],
						"5.2": [85.46, 14.24, -263.55],
						"5.25": [80.6, 17.34, -291.7],
						"5.3": [81.46, 15.52, -286.59],
						"5.35": [82.33, 13.69, -281.49],
						"5.4": [83.48, 15.37, -273.69],
						"5.45": [85.57, 27.21, -264.73],
						"5.5": [87.73, 39.25, -256.72],
						"5.55": [88.27, 41.33, -255.61],
						"5.6": [88.71, 42.35, -255.44],
						"5.65": [89.05, 42.66, -255.8],
						"5.7": [89.3, 42.63, -256.28],
						"5.75": [89.47, 42.59, -256.45],
						"5.8": [89.54, 42.44, -256.27],
						"5.85": [89.51, 41.93, -256.03],
						"5.9": [89.4, 41.25, -255.77],
						"5.95": [89.24, 40.57, -255.58],
						"6.0": [89.07, 40.08, -255.52],
						"6.05": [89.08, 39.86, -255.45],
						"6.1": [89.26, 39.64, -255.27],
						"6.15": [89.5, 39.43, -255.06],
						"6.2": [89.69, 39.25, -254.92],
						"6.25": [89.72, 39.12, -254.92],
						"6.3": [89.47, 39.06, -255.16],
						"6.35": [88.84, 39.1, -255.73],
						"6.4": [87.73, 39.25, -256.72],
						"6.45": [66.67, 43.46, -275.1],
						"6.5": [95.92, 47.93, -235.06],
						"6.55": [117.79, 39.14, -206.23],
						"6.6": [132.44, 25.43, -178.18],
						"6.65": [103.95, -9.46, -144.34],
						"6.7": [98.11, -16.77, -140.05],
						"6.75": [97.11, -15.41, -145.09],
						"6.8": [102.24, 2.39, -165.97],
						"6.85": [107.32, 19.15, -185.91],
						"6.9": [105.92, 17.49, -186.92],
						"6.95": [102.57, 10.42, -182.65],
						"7.0": [100.04, 4.92, -179.13]
					},
					"position": {
						"0.0": [-6.8, -14.2, 7.4],
						"5.05": [-6.3, -14.2, 7.4],
						"5.1": [-8.01, -13.35, 5.48],
						"5.15": [-8.85, -12.74, 3.08],
						"5.2": [-9.43, -12.18, 0.8],
						"5.25": [-9.05, -11.67, -0.15],
						"5.3": [-9.05, -11.6, -0.39],
						"5.35": [-9.05, -11.52, -0.62],
						"5.4": [-9.05, -11.53, -0.29],
						"5.45": [-9.05, -11.55, 0.25],
						"5.5": [-9.05, -11.57, 0.65],
						"5.55": [-9.05, -11.59, 0.77],
						"5.6": [-9.05, -11.6, 0.76],
						"5.65": [-9.05, -11.61, 0.75],
						"5.7": [-9.05, -11.62, 0.76],
						"5.75": [-9.05, -11.62, 0.77],
						"5.8": [-9.05, -11.62, 0.77],
						"5.85": [-9.05, -11.61, 0.78],
						"5.9": [-9.05, -11.61, 0.8],
						"5.95": [-9.05, -11.62, 0.82],
						"6.0": [-9.05, -11.62, 0.86],
						"6.05": [-9.05, -11.63, 0.9],
						"6.1": [-9.05, -11.64, 0.93],
						"6.15": [-9.05, -11.64, 0.93],
						"6.2": [-9.05, -11.64, 0.89],
						"6.25": [-9.05, -11.64, 0.85],
						"6.3": [-9.05, -11.63, 0.81],
						"6.35": [-9.05, -11.63, 0.76],
						"6.4": [-9.05, -11.63, 0.72],
						"6.45": [-9.05, -11.94, 1.58],
						"6.5": [-9.81, -12.19, 1.31],
						"6.55": [-10.34, -12.47, 1.81],
						"6.6": [-10.57, -12.44, 2.01],
						"6.65": [-9.05, -10.24, -0.72],
						"6.7": [-8.97, -9.94, -1.07],
						"6.75": [-9.05, -10.24, -0.72],
						"6.8": [-9.1, -11.43, 0.3],
						"6.85": [-8.82, -12.79, 2],
						"6.9": [-8.06, -13.4, 3.8],
						"6.95": [-7.04, -13.88, 5.9],
						"7.0": [-6.3, -14.2, 7.4]
					},
					"scale": [1, 1.5, 1]
				},
				"lefthand": {
					"rotation": {
						"0.0": [90.4533, -389.73135, -129.57361],
						"0.15": [108.12763, -408.44328, -187.84224],
						"0.3": [99.03115, -410.32616, -175.88398],
						"1.5": [99.03, -410.33, -175.88],
						"1.55": [100.84, -403.04, -181.84],
						"1.6": [103.46, -392.64, -190.33],
						"1.65": [106.31, -382.34, -198.62],
						"1.75": [115.56394, -355.23367, -219.6111],
						"1.85": [125.38208, -355.81641, -216.65153],
						"1.95": [123.85876, -356.5603, -214.79789],
						"2.05": [119.40098, -373.78197, -208.72665],
						"2.1": [111.80256, -366.89223, -195.46899],
						"2.25": [104.97284, -355.46758, -191.74261],
						"2.4": [110.05473, -355.63742, -191.11203],
						"2.75": [110.05473, -355.63742, -191.11203],
						"2.9": [108.49, -354.88, -191.9],
						"3.0": [109.1233, -358.76128, -180.52526],
						"4.0": [109.1233, -358.76128, -180.52526],
						"4.1": [115.79932, -356.8725, -209.45764],
						"4.75": [115.79932, -356.8725, -209.45764],
						"4.95": [111.59, -376.59, -161.53],
						"5.05": [72.4533, -389.73135, -129.57361],
						"5.3": [69.4533, -389.73135, -129.57361],
						"6.95": [71.4533, -389.73135, -129.57361],
						"7.1": [90.4533, -389.73135, -129.57361]
					},
					"position": {
						"0.0": [7.4, -11.7, -8.5],
						"0.15": [14.3, -27.8, -3.8],
						"0.3": [9.9, -45.2, 22.9],
						"1.5": [9.9, -45.2, 22.9],
						"1.55": [8.99, -36.38, 15.62],
						"1.6": [8.09, -27.57, 8.33],
						"1.65": [7.18, -18.75, 1.05],
						"1.75": [7.35, -16.5, -1.5],
						"1.95": [7.35, -16.5, -1.5],
						"2.05": [7.35, -16.975, -1.1],
						"2.25": [7.31, -16.92, -0.745],
						"2.9": [7.31, -16.92, -0.745],
						"3.0": [8.54, -16.78, -1.6],
						"4.0": [8.54, -16.78, -1.6],
						"4.1": [7.65, -17.1, -1.275],
						"4.75": [7.65, -17.1, -1.275],
						"4.9": [7.91, -15.06, -4.48],
						"5.05": [8.1, -12.1, -8.5],
						"6.95": [8.1, -12.1, -8.5],
						"7.1": [7.4, -11.7, -8.5]
					},
					"scale": [1, 1.5, 1]
				},
				"root": {
					"rotation": {
						"0.0": [0, 0, 0],
						"0.05": [-0.62, 0.43, -0.94],
						"0.1": [-1.68, 0.82, -2.72],
						"0.15": [-3.95, -0.36, -7.56],
						"0.2": [-8.54, -4.6, -18.61],
						"0.25": [-14.33, -10.41, -32.73],
						"0.3": [-18.77, -14.74, -42.66],
						"0.35": [-20.73, -16.13, -44.45],
						"0.4": [-21.35, -16.04, -42.06],
						"0.45": [-21.53, -15.87, -40.06],
						"0.5": [-21.34, -15.94, -40.19],
						"0.55": [-20.72, -15.92, -40.72],
						"0.6": [-20.26, -16.24, -41.03],
						"0.65": [-20.22, -16.64, -40.95],
						"0.7": [-20.25, -17.18, -40.76],
						"0.75": [-20.33, -17.81, -40.51],
						"0.8": [-20.42, -18.47, -40.27],
						"0.85": [-20.5, -19.1, -40.09],
						"0.9": [-20.53, -19.65, -40.05],
						"0.95": [-20.52, -20.59, -40.36],
						"1.0": [-20.45, -21.43, -40.94],
						"1.05": [-20.31, -22.22, -41.47],
						"1.1": [-19.9, -23.44, -41.99],
						"1.15": [-19.5, -24.31, -42.51],
						"1.2": [-19.41, -24.38, -43.02],
						"1.25": [-19.4, -24.2, -43.57],
						"1.3": [-19.4, -24.04, -43.96],
						"1.35": [-19.47, -24.11, -44.03],
						"1.4": [-19.61, -24.27, -43.96],
						"1.45": [-19.64, -24.31, -43.9],
						"1.5": [-19.4, -24.04, -43.96],
						"1.55": [-18.2, -23.17, -45.14],
						"1.6": [-16.62, -21.87, -46.48],
						"1.65": [-15.99, -20.15, -45.35],
						"1.7": [-17.21, -17.52, -39.08],
						"1.75": [-19.37, -14.47, -30.34],
						"1.8": [-21.04, -12.52, -24.55],
						"1.85": [-21.69, -14.72, -30.29],
						"1.9": [-22.85, -15.52, -32.06],
						"1.95": [-23.93, -16.04, -33.1],
						"2.0": [-23.93, -16.04, -33.1],
						"2.05": [-23.82, -18.75, -38.32],
						"2.1": [-25.34, -16.99, -36.54],
						"2.15": [-26.69, -14.89, -34.23],
						"2.2": [-26.07, -14.81, -34.6],
						"2.25": [-25.15, -14.84, -35.23],
						"2.3": [-25.17, -14.01, -34.85],
						"2.35": [-25.42, -12.86, -34.14],
						"2.4": [-25.65, -11.93, -33.23],
						"2.45": [-25.76, -11.55, -32.25],
						"2.5": [-25.87, -11.31, -31.02],
						"2.55": [-25.95, -11.17, -29.94],
						"2.6": [-26.02, -11.06, -29.42],
						"2.65": [-26.04, -11.01, -29.55],
						"2.7": [-26.04, -11.01, -30.02],
						"2.75": [-26.04, -11.03, -30.67],
						"2.8": [-26.03, -11.06, -31.37],
						"2.85": [-26.02, -11.09, -31.98],
						"2.9": [-26.02, -11.09, -32.35],
						"2.95": [-26.03, -11.08, -32.45],
						"3.0": [-26.04, -11.07, -32.48],
						"3.05": [-26.06, -11.05, -32.44],
						"3.1": [-26.07, -11.03, -32.36],
						"3.15": [-26.09, -11.01, -32.27],
						"3.2": [-26.1, -10.99, -32.16],
						"3.25": [-26.11, -10.96, -32.07],
						"3.3": [-26.11, -10.94, -32.01],
						"3.35": [-26.1, -10.91, -32.01],
						"3.4": [-26.1, -10.89, -32.04],
						"3.45": [-26.1, -10.87, -32.12],
						"3.5": [-26.12, -10.84, -32.22],
						"3.55": [-26.14, -10.82, -32.34],
						"3.6": [-26.15, -10.79, -32.47],
						"3.65": [-26.16, -10.77, -32.6],
						"3.7": [-26.15, -10.74, -32.71],
						"3.75": [-26.13, -10.72, -32.8],
						"3.8": [-26.08, -10.69, -32.86],
						"3.85": [-26.01, -10.66, -32.88],
						"3.9": [-25.9, -10.63, -32.84],
						"3.95": [-25.76, -10.6, -32.73],
						"4.0": [-24.68, -10.24, -31.08],
						"4.05": [-23.25, -9.88, -28.89],
						"4.1": [-22.18, -10.23, -28.68],
						"4.15": [-21.77, -12.08, -32.58],
						"4.2": [-21.72, -14.66, -38.45],
						"4.25": [-21.84, -16.35, -42.44],
						"4.3": [-22.09, -16.28, -42.57],
						"4.35": [-22.51, -15.34, -40.82],
						"4.4": [-23.02, -14.59, -39.21],
						"4.45": [-24.38, -14.76, -38.72],
						"4.5": [-25.01, -14.56, -37.23],
						"4.55": [-20.36, -9.81, -25.97],
						"4.6": [-19.38, -12.98, -35.76],
						"4.65": [-22.53, -10.51, -29.94],
						"4.7": [-22.52, -11.57, -32.43],
						"4.75": [-22.36, -11.69, -32.99],
						"4.8": [-22.97, -9.33, -28.93],
						"4.85": [-23.83, -5.72, -22.15],
						"4.9": [-24.36, -1.68, -11.65],
						"4.95": [-24.18, 3.11, 5.86],
						"5.0": [-23.66, 8.33, 27.1],
						"5.05": [-23.47, 12.24, 43.26],
						"5.1": [-25.38, 14.44, 52.36],
						"5.15": [-26.57, 14.68, 54.28],
						"5.2": [-27.94, 14.71, 55.66],
						"5.25": [-29.01, 14.71, 56.61],
						"5.3": [-29.59, 14.74, 57.12],
						"5.35": [-29.89, 14.81, 57.05],
						"5.4": [-30.69, 15.17, 56.97],
						"5.45": [-31.32, 15.4, 56.65],
						"5.5": [-31.32, 15.22, 56.27],
						"5.55": [-31.15, 14.88, 55.74],
						"5.6": [-30.94, 14.55, 55.29],
						"5.65": [-30.79, 14.41, 55.15],
						"5.7": [-30.73, 14.5, 55.34],
						"5.75": [-30.68, 14.69, 55.74],
						"5.8": [-30.64, 14.94, 56.25],
						"5.85": [-30.62, 15.19, 56.75],
						"5.9": [-30.61, 15.39, 57.15],
						"5.95": [-30.63, 15.49, 57.34],
						"6.0": [-30.7, 15.46, 57.26],
						"6.05": [-30.8, 15.35, 57],
						"6.1": [-30.92, 15.19, 56.63],
						"6.15": [-31.05, 15.01, 56.24],
						"6.2": [-31.16, 14.83, 55.89],
						"6.25": [-31.25, 14.71, 55.68],
						"6.3": [-31.31, 14.63, 55.8],
						"6.35": [-31.33, 14.6, 56.13],
						"6.4": [-31.42, 14.31, 55.95],
						"6.45": [-32.27, 11.64, 51.6],
						"6.5": [-32.72, 9.6, 47.39],
						"6.55": [-33.22, 7.15, 42.23],
						"6.6": [-33.57, 5.33, 38.62],
						"6.65": [-33.55, 4.74, 39.6],
						"6.7": [-33.06, 2.25, 33.02],
						"6.75": [-31.68, 1.35, 30.92],
						"6.8": [-29.66, 0.47, 28.95],
						"6.85": [-26.67, -0.08, 27.51],
						"6.9": [-19.21, 0.12, 27.94],
						"6.95": [-11.7, 0.59, 26.88],
						"7.0": [-8.76, 0.62, 22.16],
						"7.05": [-6.74, 0.56, 15.58],
						"7.1": [-4.93, 0.46, 9.54],
						"7.15": [-2.23, 0.23, 1.97],
						"7.2": [0, 0, -3],
						"7.25": [3, -0.05, 0.4],
						"7.3": [1.5, -0.03, 1.02],
						"7.35": [0, 0, 1.64],
						"7.4": [0, 0, 0.82],
						"7.45": [0, 0, 0],
						"7.5": [0, 0, 0],
						"7.55": [0, 0, 0],
						"7.6": [0, 0, 0]
					},
					"position": {
						"0.0": [0, 0, 0],
						"0.05": [-0.08, -0.25, 0.01],
						"0.1": [-0.19, -0.56, 0.03],
						"0.15": [-0.3, -0.65, 0],
						"0.2": [-0.41, -0.28, -0.12],
						"0.25": [-0.52, 0.32, -0.29],
						"0.3": [-0.6, 0.8, -0.4],
						"0.35": [-0.62, 1.09, -0.38],
						"0.4": [-0.6, 1.2, -0.3],
						"0.45": [-0.6, 1.21, -0.29],
						"0.5": [-0.6, 1.19, -0.29],
						"0.55": [-0.6, 1.21, -0.28],
						"0.6": [-0.6, 1.24, -0.27],
						"0.65": [-0.6, 1.3, -0.27],
						"0.7": [-0.6, 1.38, -0.3],
						"0.75": [-0.6, 1.49, -0.36],
						"0.8": [-0.6, 1.64, -0.43],
						"0.85": [-0.6, 1.8, -0.52],
						"0.9": [-0.6, 1.96, -0.62],
						"0.95": [-0.6, 2.08, -0.72],
						"1.0": [-0.6, 2.21, -0.83],
						"1.05": [-0.6, 2.34, -0.95],
						"1.1": [-0.6, 2.45, -1.05],
						"1.15": [-0.6, 2.53, -1.12],
						"1.2": [-0.6, 2.58, -1.17],
						"1.25": [-0.6, 2.61, -1.2],
						"1.3": [-0.6, 2.61, -1.21],
						"1.35": [-0.6, 2.59, -1.22],
						"1.4": [-0.6, 2.53, -1.22],
						"1.45": [-0.61, 2.36, -1.28],
						"1.5": [-0.6, 1.8, -1.22],
						"1.55": [-0.6, 0.78, -1.08],
						"1.6": [-0.58, -0.52, -0.85],
						"1.65": [-0.45, -1.39, -0.43],
						"1.7": [-0.1, -1.45, 0.38],
						"1.75": [0.36, -1.09, 1.38],
						"1.8": [0.7, -0.8, 2.1],
						"1.85": [0.7, -0.9, 2.1],
						"1.9": [0.69, -0.81, 2.1],
						"1.95": [0.7, -0.7, 2.1],
						"2.0": [0.85, -0.7, 2.1],
						"2.05": [1, -0.7, 2.1],
						"2.1": [0.97, -0.91, 2.1],
						"2.15": [0.47, -1, 2.1],
						"2.2": [-0.05, -1.1, 2.1],
						"2.25": [-0.28, -1.4, 2.1],
						"2.3": [-0.26, -1.52, 2.1],
						"2.35": [-0.2, -1.6, 2.1],
						"2.4": [-0.16, -1.59, 2.1],
						"2.45": [-0.12, -1.54, 2.1],
						"2.5": [-0.12, -1.5, 2.1],
						"2.55": [-0.15, -1.48, 2.1],
						"2.6": [-0.19, -1.47, 2.1],
						"2.65": [-0.23, -1.45, 2.1],
						"2.7": [-0.28, -1.43, 2.1],
						"2.75": [-0.33, -1.41, 2.1],
						"2.8": [-0.37, -1.4, 2.1],
						"2.85": [-0.4, -1.4, 2.1],
						"2.9": [-0.41, -1.4, 2.1],
						"2.95": [-0.41, -1.4, 2.1],
						"3.0": [-0.42, -1.41, 2.1],
						"3.05": [-0.43, -1.41, 2.1],
						"3.1": [-0.43, -1.42, 2.1],
						"3.15": [-0.44, -1.43, 2.1],
						"3.2": [-0.45, -1.44, 2.1],
						"3.25": [-0.45, -1.45, 2.1],
						"3.3": [-0.46, -1.46, 2.1],
						"3.35": [-0.46, -1.47, 2.1],
						"3.4": [-0.47, -1.48, 2.1],
						"3.45": [-0.47, -1.48, 2.1],
						"3.5": [-0.47, -1.49, 2.1],
						"3.55": [-0.47, -1.5, 2.1],
						"3.6": [-0.47, -1.51, 2.1],
						"3.65": [-0.47, -1.51, 2.1],
						"3.7": [-0.46, -1.52, 2.1],
						"3.75": [-0.46, -1.52, 2.1],
						"3.8": [-0.45, -1.52, 2.1],
						"3.85": [-0.44, -1.52, 2.1],
						"3.9": [-0.43, -1.52, 2.1],
						"3.95": [-0.42, -1.51, 2.1],
						"4.0": [-0.4, -1.5, 2.1],
						"4.05": [-0.17, -1.34, 2.1],
						"4.1": [0.16, -1.11, 2.1],
						"4.15": [0.39, -0.92, 2.1],
						"4.2": [0.45, -0.78, 2.1],
						"4.25": [0.4, -0.7, 2.1],
						"4.3": [0.35, -0.64, 2.1],
						"4.35": [0.3, -0.6, 2.1],
						"4.4": [0.3, -0.54, 2.1],
						"4.45": [0.3, -0.5, 2.1],
						"4.5": [0.2, -0.5, 2.1],
						"4.55": [0.24, -0.61, 2.1],
						"4.6": [0.3, -0.8, 2.1],
						"4.65": [0.29, -0.93, 2.12],
						"4.7": [0.27, -1.1, 2.14],
						"4.75": [0.3, -1.43, 2.1],
						"4.8": [0.39, -2.1, 1.95],
						"4.85": [0.53, -2.94, 1.74],
						"4.9": [0.7, -3.56, 1.5],
						"4.95": [0.94, -3.63, 1.21],
						"5.0": [1.18, -3.7, 0.93],
						"5.05": [1.43, -3.76, 0.64],
						"5.1": [1.61, -3.6, 0.47],
						"5.15": [1.76, -3.36, 0.35],
						"5.2": [1.87, -3.19, 0.31],
						"5.25": [1.95, -3.17, 0.37],
						"5.3": [2, -3.23, 0.52],
						"5.35": [2.03, -3.35, 0.68],
						"5.4": [2.04, -3.65, 0.98],
						"5.45": [2.03, -3.97, 1.23],
						"5.5": [2.02, -4.16, 1.21],
						"5.55": [2, -4.26, 1.14],
						"5.6": [1.97, -4.26, 1.15],
						"5.65": [1.92, -4.24, 1.18],
						"5.7": [1.88, -4.21, 1.21],
						"5.75": [1.84, -4.17, 1.24],
						"5.8": [1.81, -4.13, 1.27],
						"5.85": [1.8, -4.1, 1.29],
						"5.9": [1.8, -4.06, 1.3],
						"5.95": [1.8, -4.03, 1.32],
						"6.0": [1.81, -3.99, 1.34],
						"6.05": [1.82, -3.95, 1.35],
						"6.1": [1.83, -3.92, 1.36],
						"6.15": [1.83, -3.9, 1.36],
						"6.2": [1.83, -3.87, 1.35],
						"6.25": [1.84, -3.84, 1.32],
						"6.3": [1.84, -3.82, 1.29],
						"6.35": [1.84, -3.81, 1.26],
						"6.4": [1.84, -3.84, 1.24],
						"6.45": [1.84, -4.38, 1.23],
						"6.5": [1.84, -4.14, 1.23],
						"6.55": [1.84, -4.26, 1.24],
						"6.6": [1.84, -4.57, 1.24],
						"6.65": [1.86, -5.83, 1.23],
						"6.7": [1.88, -5.31, 1.21],
						"6.75": [1.86, -5.5, 0.92],
						"6.8": [1.81, -5.71, 0.44],
						"6.85": [1.73, -5.57, -0.17],
						"6.9": [1.6, -5.25, -1.06],
						"6.95": [1.36, -4.88, -2.62],
						"7.0": [1.08, -4.2, -4],
						"7.05": [0.8, -2.71, -4.52],
						"7.1": [0.52, -1.23, -4.04],
						"7.15": [0.23, -0.6, -1.48],
						"7.2": [0, -0.3, 0.95],
						"7.25": [-0.03, -0.09, 0.7],
						"7.3": [0, 0.02, -0.14],
						"7.35": [0, 0.07, -0.03],
						"7.4": [0, 0.12, 0.08],
						"7.45": [0, 0.08, 0.05],
						"7.5": [0, 0.04, 0.03],
						"7.55": [0, 0, 0]
					}
				},
				"additional_magazine": {
					"scale": {
						"7.65": {
							"pre": [0, 0, 0],
							"post": [1, 1, 1]
						}
					}
				},
				"lefthand_and_mag": {
					"rotation": {
						"1.85": [0, 0, 0],
						"1.9": [-7.25, -0.03, -1],
						"1.95": [-14.5, -0.07, -2],
						"2.0": [-16.25, -0.13, -6.02],
						"2.05": [-18, -0.19, -10.04],
						"2.1": [-30.21, -4.88, -35.06],
						"2.15": [-23.47, -1.54, -37.8],
						"2.2": [-15.17, 2.84, -37.16],
						"2.25": [-14.09, 5.06, -36.59],
						"2.3": [-14.92, 6.52, -35.04],
						"2.35": [-14.98, 7.3, -33.24],
						"2.4": [-15.1, 7.85, -31.03],
						"2.45": [-15.17, 8.07, -29.2],
						"2.5": [-15.17, 8.06, -28.8],
						"2.55": [-15.14, 8.01, -28.68],
						"2.6": [-15.11, 7.9, -28.69],
						"2.65": [-15.07, 7.72, -28.66],
						"2.7": [-15.03, 7.46, -28.43],
						"2.75": [-15, 7.12, -27.84],
						"2.8": [-14.99, 6.67, -26.72],
						"2.85": [-16.36, 2.97, -21.6],
						"2.9": [-15.16, 1.05, -9.17],
						"2.95": [-9.28, 4.04, 9.35],
						"3.0": [-1.08, 9.07, 32.68],
						"3.05": [5.57, 13.8, 51.69],
						"3.1": [10.39, 19.58, 66.7],
						"3.15": [12.39, 23.87, 73.57],
						"3.2": [12.39, 24.85, 73.96],
						"3.25": [11.43, 24.79, 71.44],
						"3.3": [10.62, 24.67, 69.27],
						"3.35": [10.31, 24.8, 68.53],
						"3.4": [10.17, 24.85, 68.19],
						"3.45": [9.84, 24.91, 67.56],
						"3.5": [9.71, 25.02, 67.1],
						"3.55": [9.79, 25.1, 67.12],
						"3.6": [9.93, 25.21, 67.24],
						"3.65": [10.11, 25.34, 67.41],
						"3.7": [10.31, 25.46, 67.57],
						"3.75": [10.5, 25.56, 67.65],
						"3.8": [10.67, 25.61, 67.6],
						"3.85": [10.8, 25.61, 67.35],
						"3.9": [10.94, 25.04, 64.61],
						"3.95": [11.07, 24.48, 61.87],
						"4.0": [10.31, 16.85, 21.65],
						"4.05": [11.46, 9.14, -19.76],
						"4.1": [21.58, 7.7, -32.91],
						"4.15": [27.03, 7.27, -34.77],
						"4.2": [-9.91, 0, -26.18],
						"4.25": [-13.21, 0, -19.95],
						"4.3": [-16.5, 0, -13.72],
						"4.35": [-26, 0, 0],
						"4.4": [-24.5, 0, 0],
						"4.45": [-22.5, 0, 0],
						"4.5": [-25.25, 0, 0],
						"4.55": [0, 0, 0]
					},
					"position": {
						"1.85": [0, 0, 0],
						"1.9": [0, -0.15, -0.05],
						"1.95": [0, -0.3, -0.1],
						"2.0": [0.15, -0.45, -0.35],
						"2.05": [0.3, -0.6, -0.6],
						"2.1": [1.4, -6.7, -5.4],
						"2.15": [1.97, -7.63, -3.93],
						"2.2": [2.6, -7.38, -1.51],
						"2.25": [3.14, -6.51, -0.39],
						"2.3": [3.72, -5.19, 0.63],
						"2.35": [4.2, -4.02, 1.39],
						"2.4": [4.64, -2.81, 1.9],
						"2.45": [4.91, -1.99, 2.02],
						"2.5": [5.04, -1.73, 2.02],
						"2.55": [5.11, -1.68, 1.92],
						"2.6": [5.13, -1.71, 1.85],
						"2.65": [5.12, -1.79, 1.84],
						"2.7": [5.07, -1.94, 1.83],
						"2.75": [5.01, -2.09, 1.85],
						"2.8": [4.95, -2.2, 1.9],
						"2.85": [4.79, -2.2, 2.17],
						"2.9": [4.75, -2.2, 2.4],
						"2.95": [5.46, -2.73, 2.16],
						"3.0": [6.82, -3.4, 1.79],
						"3.05": [8.15, -4.1, 1.3],
						"3.1": [8.52, -4.6, 0.64],
						"3.15": [8.55, -4.9, 0.1],
						"3.2": [8.55, -4.87, 0.04],
						"3.25": [8.5, -4.72, 0.13],
						"3.3": [8.45, -4.6, 0.2],
						"3.35": [8.39, -4.58, 0.21],
						"3.4": [8.35, -4.6, 0.2],
						"3.45": [8.36, -4.6, 0.22],
						"3.5": [8.35, -4.6, 0.2],
						"3.55": [8.34, -4.59, 0.17],
						"3.6": [8.32, -4.58, 0.14],
						"3.65": [8.3, -4.57, 0.09],
						"3.7": [8.28, -4.56, 0.05],
						"3.75": [8.25, -4.55, 0.01],
						"3.8": [8.21, -4.55, -0.03],
						"3.85": [8.16, -4.55, -0.05],
						"3.9": [7.92, -4.62, -0.03],
						"3.95": [7.68, -4.7, 0],
						"4.0": [4.28, -5.79, 0.75],
						"4.05": [0.97, -6.63, 1.31],
						"4.1": [0.62, -6.01, 0.69],
						"4.15": [1.1, -4.8, -0.1],
						"4.2": [1.1, -2, -0.1],
						"4.25": [0.75, -1.5, -0.25],
						"4.3": [0.4, -1, -0.4],
						"4.35": [0.1, -1, -0.5],
						"4.4": [0.1, -1, -0.7],
						"4.45": [0.1, -1, -0.7],
						"4.5": [0.05, -0.5, -0.25],
						"4.55": [0, 0, 0]
					}
				},
				"magrelease": {
					"rotation": {
						"1.7": [0, 0, 0],
						"1.75": [-20, 0, 0],
						"2.2": [-20, 0, 0],
						"2.25": [0, 0, 0],
						"4.5": [0, 0, 0],
						"4.55": [-20, 0, 0],
						"4.65": [0, 0, 0]
					}
				},
				"bullet_in_barrel": {
					"position": {
						"5.3": [0, 0.08, 0],
						"5.35": [0, 0.08, 0.4],
						"5.4": [0, 0.08, 0.98],
						"5.45": [0, 0.08, 1.58],
						"5.5": [0, 0.08, 2],
						"5.55": [0, 0.08, 2.23],
						"5.6": [0, 0.08, 2.26],
						"5.65": [0, 0.08, 2.25],
						"5.7": [0, 0.08, 2.25],
						"5.75": [0, 0.08, 2.24],
						"5.8": [0, 0.08, 2.21],
						"5.85": [0, 0.08, 2.18],
						"5.9": [0, 0.08, 2.17],
						"5.95": [0, 0.08, 2.17],
						"6.0": [0, 0.08, 2.18],
						"6.05": [0, 0.08, 2.2],
						"6.1": [0, 0.08, 2.21],
						"6.15": [0, 0.08, 2.2],
						"6.2": [0, 0.08, 2.16],
						"6.25": [0, 0.08, 2.12],
						"6.3": [0, 0.08, 2.08],
						"6.35": [0, 0.08, 2.04],
						"6.4": [0, 0.08, 2],
						"6.45": [0, 0.08, 0]
					}
				},
				"bolt": {
					"position": {
						"5.35": [0, 0, 0],
						"5.4": [0, 0, 0.58],
						"5.45": [0, 0, 1.39],
						"5.5": [0, 0, 2],
						"5.55": [0, 0, 2.23],
						"5.6": [0, 0, 2.26],
						"5.65": [0, 0, 2.25],
						"5.7": [0, 0, 2.25],
						"5.75": [0, 0, 2.24],
						"5.8": [0, 0, 2.21],
						"5.85": [0, 0, 2.18],
						"5.9": [0, 0, 2.17],
						"5.95": [0, 0, 2.17],
						"6.0": [0, 0, 2.18],
						"6.05": [0, 0, 2.2],
						"6.1": [0, 0, 2.21],
						"6.15": [0, 0, 2.2],
						"6.2": [0, 0, 2.16],
						"6.25": [0, 0, 2.12],
						"6.3": [0, 0, 2.08],
						"6.35": [0, 0, 2.04],
						"6.4": [0, 0, 2],
						"6.45": [0, 0, 0]
					}
				},
				"bullet": {
					"scale": {
						"0.0": [0, 0, 0],
						"7.35": {
							"pre": [0, 0, 0],
							"post": [1, 1, 1]
						}
					}
				},
				"camera": {
					"rotation": {
						"0.0": [0, 0, 0],
						"0.05": [0.46, 0.14, -0.11],
						"0.1": [1.1, 0.33, -0.27],
						"0.15": [1.72, 0.5, -0.45],
						"0.2": [2.14, 0.6, -0.61],
						"0.25": [2.56, 0.68, -0.8],
						"0.3": [2.92, 0.75, -0.98],
						"0.35": [3.18, 0.8, -1.1],
						"0.4": [3.26, 0.77, -1.15],
						"0.45": [3.21, 0.69, -1.14],
						"0.5": [3.14, 0.66, -1.12],
						"0.55": [3.13, 0.8, -1.1],
						"0.6": [3.08, 1.15, -1.09],
						"0.65": [2.99, 1.65, -1.07],
						"0.7": [3.09, 2.26, -1.07],
						"0.75": [3.59, 2.93, -1.1],
						"0.8": [4.41, 3.52, -1.17],
						"0.85": [5.56, 4.17, -1.27],
						"0.9": [6.86, 4.87, -1.38],
						"0.95": [8.16, 5.58, -1.48],
						"1.0": [9.3, 6.27, -1.55],
						"1.05": [11, 7.52, -1.58],
						"1.1": [12.55, 8.76, -1.57],
						"1.15": [13.61, 9.68, -1.55],
						"1.2": [14.02, 10.07, -1.55],
						"1.25": [14.32, 10.41, -1.55],
						"1.3": [14.41, 10.6, -1.55],
						"1.35": [14.19, 10.53, -1.55],
						"1.4": [13.55, 10.08, -1.55],
						"1.45": [12.54, 9.26, -1.56],
						"1.5": [11.11, 8.06, -1.57],
						"1.55": [9.43, 6.66, -1.58],
						"1.6": [7.7, 5.22, -1.58],
						"1.65": [6.1, 3.91, -1.58],
						"1.7": [4.82, 2.93, -1.55],
						"1.75": [3.01, 1.78, -1.42],
						"1.8": [1.73, 1.19, -1.23],
						"1.85": [0.9, 0.8, -1.1],
						"1.9": [0.63, 0.61, -1.12],
						"1.95": [0.67, 0.57, -1.22],
						"2.0": [0.85, 0.57, -1.25],
						"2.05": [1, 0.5, -1.1],
						"2.1": [1.5, -0.3, 1.2],
						"2.15": [1.12, -0.43, -0.85],
						"2.2": [0.7, -0.5, -2.95],
						"2.25": [0.66, -0.61, -2.26],
						"2.3": [0.9, -0.8, -1.1],
						"2.35": [1.18, -0.97, -1.06],
						"2.4": [1.57, -1.19, -1.21],
						"2.45": [1.97, -1.42, -1.42],
						"2.5": [2.3, -1.6, -1.55],
						"2.55": [2.54, -1.74, -1.58],
						"2.6": [2.73, -1.85, -1.58],
						"2.65": [2.88, -1.94, -1.56],
						"2.7": [3, -2, -1.55],
						"2.75": [3.06, -1.98, -1.54],
						"2.8": [3.08, -1.89, -1.51],
						"2.85": [3.08, -1.86, -1.51],
						"2.9": [3.09, -2, -1.55],
						"2.95": [3.11, -2.31, -1.64],
						"3.0": [3.14, -2.76, -1.77],
						"3.05": [3.17, -3.26, -1.91],
						"3.1": [3.19, -3.74, -2.04],
						"3.15": [3.2, -4.1, -2.12],
						"3.2": [3.2, -4.34, -2.16],
						"3.25": [3.18, -4.51, -2.17],
						"3.3": [3.16, -4.64, -2.15],
						"3.35": [3.13, -4.73, -2.13],
						"3.4": [3.11, -4.8, -2.12],
						"3.45": [3.1, -4.84, -2.12],
						"3.5": [3.09, -4.86, -2.12],
						"3.55": [3.07, -4.86, -2.12],
						"3.6": [3.06, -4.85, -2.12],
						"3.65": [3.04, -4.83, -2.12],
						"3.7": [3, -4.8, -2.12],
						"3.75": [2.97, -4.82, -2.13],
						"3.8": [2.94, -4.89, -2.13],
						"3.85": [2.91, -4.94, -2.13],
						"3.9": [2.85, -4.94, -2.13],
						"3.95": [2.75, -4.81, -2.13],
						"4.0": [2.6, -4.5, -2.12],
						"4.05": [2.31, -3.78, -2.11],
						"4.1": [1.91, -2.74, -2.1],
						"4.15": [1.49, -1.6, -2.08],
						"4.2": [1.09, -0.55, -2.05],
						"4.25": [0.8, 0.2, -2],
						"4.3": [0.61, 0.59, -1.95],
						"4.35": [0.47, 0.76, -1.9],
						"4.4": [0.38, 0.8, -1.83],
						"4.45": [0.36, 0.78, -1.72],
						"4.5": [0.4, 0.8, -1.55],
						"4.55": [1.5, 0.8, 0.02],
						"4.6": [1.14, 0.8, -1.12],
						"4.65": [0.7, 0.8, -2.33],
						"4.7": [0.84, 0.85, -1.89],
						"4.75": [1.1, 0.8, -1.2],
						"4.8": [1.12, 0.58, -1.22],
						"4.85": [1.12, 0.27, -1.4],
						"4.9": [1.3, 0, -1.55],
						"4.95": [1.67, -0.14, -1.57],
						"5.0": [2.19, -0.24, -1.57],
						"5.05": [2.71, -0.33, -1.56],
						"5.1": [3.1, -0.4, -1.55],
						"5.15": [3.26, -0.44, -1.55],
						"5.2": [3.32, -0.47, -1.55],
						"5.25": [3.35, -0.48, -1.55],
						"5.3": [3.39, -0.49, -1.55],
						"5.35": [3.5, -0.5, -1.55],
						"5.4": [4.19, -0.51, -1.54],
						"5.45": [4.71, -0.5, -1.52],
						"5.5": [4.51, -0.5, -1.51],
						"5.55": [4.08, -0.5, -1.49],
						"5.6": [3.79, -0.49, -1.47],
						"5.65": [3.8, -0.49, -1.45],
						"5.7": [3.9, -0.48, -1.43],
						"5.75": [4.04, -0.48, -1.41],
						"5.8": [4.16, -0.47, -1.38],
						"5.85": [4.22, -0.46, -1.35],
						"5.9": [4.22, -0.45, -1.33],
						"5.95": [4.2, -0.45, -1.3],
						"6.0": [4.16, -0.44, -1.27],
						"6.05": [4.12, -0.43, -1.24],
						"6.1": [4.07, -0.42, -1.2],
						"6.15": [4.02, -0.42, -1.17],
						"6.2": [3.96, -0.41, -1.14],
						"6.25": [3.9, -0.4, -1.12],
						"6.3": [3.85, -0.4, -1.1],
						"6.35": [3.51, -0.4, -1.1],
						"6.4": [3.27, -0.41, -1.06],
						"6.45": [3.73, -0.42, -0.44],
						"6.5": [3.14, -0.43, -0.74],
						"6.55": [2.49, -0.43, -1.11],
						"6.6": [2.38, -0.43, -0.99],
						"6.65": [3.27, -0.4, -1.02],
						"6.7": [2.08, -0.42, -0.27],
						"6.75": [1.65, -0.45, -1.8],
						"6.8": [2.05, -0.43, -1.52],
						"6.85": [2.55, -0.4, -0.89],
						"6.9": [2.85, -0.33, -0.13],
						"6.95": [2.92, -0.26, 0.52],
						"7.0": [2.59, -0.22, 0.67],
						"7.05": [1.97, -0.18, 0.57],
						"7.1": [0.95, -0.08, 0.19],
						"7.15": [0.03, 0, 0],
						"7.2": [-0.15, 0, 1.6],
						"7.25": [-0.06, 0, 0.53],
						"7.3": [0.05, 0, -0.64],
						"7.35": [0.05, 0, -0.58],
						"7.4": [0.02, 0, -0.2],
						"7.45": [0, 0, 0.09],
						"7.5": [0, 0, 0.13],
						"7.55": [0, 0, 0.11],
						"7.6": [0, 0, 0.07],
						"7.65": [0, 0, 0.03],
						"7.7": [0, 0, 0]
					}
				}
			},
			"sound_effects": {
				"0.0": {
					"effect": "ar_akilo_inspect_up"
				},
				"1.65": {
					"effect": "ar_akilo_raise_grab"
				},
				"1.75": {
					"effect": "ar_akilo_inspect_magout"
				},
				"2.6": {
					"effect": "p04_ar_akilo_inspect_mvt"
				},
				"4.05": {
					"effect": "ar_akilo_inspect_magbump"
				},
				"4.4": {
					"effect": "ar_akilo_inspect_magin"
				},
				"4.7": {
					"effect": "ar_akilo_inspect_turn"
				},
				"5.15": {
					"effect": "ar_akilo_inspect_pull"
				},
				"6.25": {
					"effect": "ar_akilo_inspect_magbump"
				},
				"6.3": {
					"effect": "ar_akilo_inspect_release"
				},
				"6.9": {
					"effect": "ar_akilo_inspect_over"
				}
			},
			"particle_effects": {}
		},
		"inspect_empty": {
			"animation_length": 8.15,
			"bones": {
				"righthand": {
					"rotation": {
						"0.0": [100.03742, 4.92385, -179.12962],
						"5.0": [100.04, 4.92, -179.13],
						"5.05": [97.09, -1.21, -153.71],
						"5.1": [94.15, -7.33, -128.29],
						"5.15": [91.2, -13.46, -102.88],
						"5.2": [88.26, -19.59, -77.46],
						"5.25": [89.34, -16.59, -77.44],
						"5.3": [90.42, -13.59, -77.42],
						"5.35": [91.5, -10.59, -77.39],
						"5.4": [91.92, -16.56, -77.09],
						"5.45": [92.5, -45.25, -77.06],
						"5.5": [94.37, -43.71, -81.15],
						"5.55": [97.08, -38.36, -87.23],
						"5.6": [99.49, -31.75, -92.71],
						"5.65": [100.45, -26.44, -94.97],
						"5.7": [96.44, -19.68, -86.41],
						"5.75": [91.34, -14.79, -75.41],
						"5.8": [90.54, -10.82, -73.73],
						"5.85": [90.93, -40.08, -75.52],
						"5.9": [91.3, -37.29, -77.31],
						"5.95": [91.82, -30.64, -79.86],
						"6.0": [92.37, -22.32, -82.52],
						"6.05": [92.81, -14.52, -84.6],
						"6.1": [93.01, -9.41, -85.42],
						"6.15": [92.25, -5.17, -80.89],
						"6.2": [91.31, -9.79, -75.29],
						"6.25": [92.03, -50.02, -76.62],
						"6.3": [93.95, -51.79, -79.35],
						"6.35": [96.46, -48.66, -82.87],
						"6.4": [98.1, -46.08, -85.2],
						"6.45": [98.15, -46, -85.34],
						"6.5": [97.54, -46.32, -84.61],
						"6.55": [96.75, -46.76, -83.6],
						"6.6": [96.23, -47.05, -82.94],
						"6.65": [96.05, -47.11, -82.77],
						"6.7": [95.78, -47.18, -82.55],
						"6.75": [95.46, -47.25, -82.32],
						"6.8": [95.16, -47.31, -82.12],
						"6.85": [94.95, -47.35, -81.98],
						"6.9": [94.89, -47.35, -81.96],
						"6.95": [95.05, -47.31, -82.08],
						"7.0": [95.47, -47.21, -82.39],
						"7.05": [96.23, -47.05, -82.94],
						"7.1": [113.33, -43.46, -95.1],
						"7.15": [112.4, -35.88, -108.65],
						"7.2": [109.56, -25.01, -127.57],
						"7.25": [105.85, -13.1, -148.12],
						"7.3": [102.33, -2.37, -166.55],
						"7.35": [100.04, 4.92, -179.13]
					},
					"position": {
						"0.0": [-6.8, -14.2, 7.4],
						"5.0": [-6.3, -14.2, 7.4],
						"5.05": [-8.01, -13.35, 5.48],
						"5.1": [-8.85, -12.28, 3.08],
						"5.15": [-9.43, -11.23, 0.8],
						"5.2": [-9.05, -10.47, -0.15],
						"5.25": [-9.05, -10.47, -0.15],
						"5.3": [-9.05, -10.47, -0.15],
						"5.35": [-9.05, -10.47, -0.15],
						"5.4": [-9.05, -10.61, 2.01],
						"5.45": [-9.05, -10.74, 4.18],
						"5.5": [-9.13, -10.87, 4.16],
						"5.55": [-10.64, -10.24, 4.65],
						"5.6": [-10.5, -9.97, 3.79],
						"5.65": [-10.08, -9.7, 2.53],
						"5.7": [-9.7, -9.57, 1.44],
						"5.75": [-9.05, -10.18, -0.15],
						"5.8": [-9, -10.42, 1.84],
						"5.85": [-9.04, -10.59, 4],
						"5.9": [-9.04, -10.59, 3.8],
						"5.95": [-9.04, -11.38, 5.09],
						"6.0": [-9.04, -11.09, 3.34],
						"6.05": [-9.05, -10.2, 1.59],
						"6.1": [-9.05, -10.47, -0.15],
						"6.15": [-9.05, -10.47, -0.15],
						"6.2": [-9.05, -10.47, -0.15],
						"6.25": [-9.05, -10.49, 4.39],
						"6.3": [-9.05, -10.49, 4.39],
						"6.35": [-9.05, -10.49, 4.39],
						"6.4": [-9.05, -10.49, 4.39],
						"6.45": [-9.05, -10.49, 4.39],
						"6.5": [-9.05, -10.49, 4.39],
						"6.55": [-9.05, -10.49, 4.39],
						"6.6": [-9.05, -10.49, 4.39],
						"6.65": [-9.05, -10.49, 4.39],
						"6.7": [-9.05, -10.49, 4.39],
						"6.75": [-9.05, -10.49, 4.39],
						"6.8": [-9.05, -10.49, 4.39],
						"6.85": [-9.05, -10.49, 4.39],
						"6.9": [-9.05, -10.49, 4.39],
						"6.95": [-9.05, -10.49, 4.39],
						"7.0": [-9.05, -10.49, 4.39],
						"7.05": [-9.05, -10.49, 4.39],
						"7.1": [-8.96, -11.94, 3.16],
						"7.15": [-8.63, -12.38, 3.72],
						"7.2": [-8.14, -12.89, 4.66],
						"7.25": [-7.61, -13.42, 5.75],
						"7.3": [-7.13, -13.88, 6.74],
						"7.35": [-6.8, -14.2, 7.4]
					},
					"scale": [1, 1.5, 1]
				},
				"lefthand": {
					"rotation": {
						"0.0": [90.4533, -389.73135, -129.57361],
						"0.15": [108.12763, -408.44328, -187.84224],
						"0.3": [99.03115, -410.32616, -175.88398],
						"1.5": [99.03, -410.33, -175.88],
						"1.55": [100.84, -403.04, -181.84],
						"1.6": [103.46, -392.64, -190.33],
						"1.65": [106.31, -382.34, -198.62],
						"1.7": [110.78, -367, -210.72],
						"1.75": [115.56, -355.23, -219.61],
						"1.8": [120.47, -355.53, -218.13],
						"1.85": [125.38, -355.82, -216.65],
						"1.9": [124.62, -356.19, -215.72],
						"1.95": [123.86, -356.56, -214.8],
						"2.0": [121.63, -365.17, -211.76],
						"2.05": [119.4, -373.78, -208.73],
						"2.1": [111.8, -366.89, -195.47],
						"2.15": [109.53, -363.08, -194.23],
						"2.2": [107.25, -359.28, -192.98],
						"2.25": [104.97, -355.47, -191.74],
						"2.3": [106.67, -355.52, -191.53],
						"2.35": [108.36, -355.58, -191.32],
						"2.4": [110.05, -355.64, -191.11],
						"2.75": [110.05473, -355.63742, -191.11203],
						"2.9": [108.49, -354.88, -191.9],
						"3.0": [109.1233, -358.76128, -180.52526],
						"4.0": [109.1233, -358.76128, -180.52526],
						"4.1": [115.79932, -356.8725, -209.45764],
						"4.75": [115.79932, -356.8725, -209.45764],
						"4.95": [111.59, -376.59, -161.53],
						"5.05": [72.4533, -389.73135, -129.57361],
						"5.3": [69.4533, -389.73135, -129.57361],
						"7.4": [71.4533, -389.73135, -129.57361],
						"7.55": [90.4533, -389.73135, -129.57361]
					},
					"position": {
						"0.0": [7.4, -11.7, -8.5],
						"0.15": [14.3, -27.8, -3.8],
						"0.3": [9.9, -45.2, 22.9],
						"1.5": [9.9, -45.2, 22.9],
						"1.55": [8.99, -36.38, 15.62],
						"1.6": [8.09, -27.57, 8.33],
						"1.65": [7.18, -18.75, 1.05],
						"1.7": [7.27, -17.62, -0.23],
						"1.75": [7.35, -16.5, -1.5],
						"1.8": [7.35, -16.5, -1.5],
						"1.85": [7.35, -16.5, -1.5],
						"1.9": [7.35, -16.5, -1.5],
						"1.95": [7.35, -16.5, -1.5],
						"2.0": [7.35, -16.74, -1.3],
						"2.05": [7.35, -16.98, -1.1],
						"2.1": [7.34, -16.96, -1.01],
						"2.15": [7.33, -16.95, -0.92],
						"2.2": [7.32, -16.93, -0.83],
						"2.25": [7.31, -16.92, -0.74],
						"2.9": [7.31, -16.92, -0.745],
						"3.0": [8.54, -16.78, -1.6],
						"4.0": [8.54, -16.78, -1.6],
						"4.1": [7.65, -17.1, -1.275],
						"4.75": [7.65, -17.1, -1.275],
						"4.9": [7.91, -15.06, -4.48],
						"5.05": [8.1, -12.1, -8.5],
						"7.4": [8.1, -12.1, -8.5],
						"7.55": [7.4, -11.7, -8.5]
					},
					"scale": [1, 1.5, 1]
				},
				"root": {
					"rotation": {
						"0.0": [0, 0, 0],
						"0.05": [-0.62, 0.43, -0.94],
						"0.1": [-1.68, 0.82, -2.72],
						"0.15": [-3.95, -0.36, -7.56],
						"0.2": [-8.54, -4.6, -18.61],
						"0.25": [-14.33, -10.41, -32.73],
						"0.3": [-18.77, -14.74, -42.66],
						"0.35": [-20.73, -16.13, -44.45],
						"0.4": [-21.35, -16.04, -42.06],
						"0.45": [-21.53, -15.87, -40.06],
						"0.5": [-21.34, -15.94, -40.19],
						"0.55": [-20.72, -15.92, -40.72],
						"0.6": [-20.26, -16.24, -41.03],
						"0.65": [-20.22, -16.64, -40.95],
						"0.7": [-20.25, -17.18, -40.76],
						"0.75": [-20.33, -17.81, -40.51],
						"0.8": [-20.42, -18.47, -40.27],
						"0.85": [-20.5, -19.1, -40.09],
						"0.9": [-20.53, -19.65, -40.05],
						"0.95": [-20.52, -20.59, -40.36],
						"1.0": [-20.45, -21.43, -40.94],
						"1.05": [-20.31, -22.22, -41.47],
						"1.1": [-19.9, -23.44, -41.99],
						"1.15": [-19.5, -24.31, -42.51],
						"1.2": [-19.41, -24.38, -43.02],
						"1.25": [-19.4, -24.2, -43.57],
						"1.3": [-19.4, -24.04, -43.96],
						"1.35": [-19.47, -24.11, -44.03],
						"1.4": [-19.61, -24.27, -43.96],
						"1.45": [-19.64, -24.31, -43.9],
						"1.5": [-19.4, -24.04, -43.96],
						"1.55": [-18.2, -23.17, -45.14],
						"1.6": [-16.62, -21.87, -46.48],
						"1.65": [-15.99, -20.15, -45.35],
						"1.7": [-17.21, -17.52, -39.08],
						"1.75": [-19.37, -14.47, -30.34],
						"1.8": [-21.04, -12.52, -24.55],
						"1.85": [-21.69, -14.72, -30.29],
						"1.9": [-22.85, -15.52, -32.06],
						"1.95": [-23.93, -16.04, -33.1],
						"2.0": [-23.93, -16.04, -33.1],
						"2.05": [-23.82, -18.75, -38.32],
						"2.1": [-25.34, -16.99, -36.54],
						"2.15": [-26.69, -14.89, -34.23],
						"2.2": [-26.07, -14.81, -34.6],
						"2.25": [-25.15, -14.84, -35.23],
						"2.3": [-25.17, -14.01, -34.85],
						"2.35": [-25.42, -12.86, -34.14],
						"2.4": [-25.65, -11.93, -33.23],
						"2.45": [-25.76, -11.55, -32.25],
						"2.5": [-25.87, -11.31, -31.02],
						"2.55": [-25.95, -11.17, -29.94],
						"2.6": [-26.02, -11.06, -29.42],
						"2.65": [-26.04, -11.01, -29.55],
						"2.7": [-26.04, -11.01, -30.02],
						"2.75": [-26.04, -11.03, -30.67],
						"2.8": [-26.03, -11.06, -31.37],
						"2.85": [-26.02, -11.09, -31.98],
						"2.9": [-26.02, -11.09, -32.35],
						"2.95": [-26.03, -11.08, -32.45],
						"3.0": [-26.04, -11.07, -32.48],
						"3.05": [-26.06, -11.05, -32.44],
						"3.1": [-26.07, -11.03, -32.36],
						"3.15": [-26.09, -11.01, -32.27],
						"3.2": [-26.1, -10.99, -32.16],
						"3.25": [-26.11, -10.96, -32.07],
						"3.3": [-26.11, -10.94, -32.01],
						"3.35": [-26.1, -10.91, -32.01],
						"3.4": [-26.1, -10.89, -32.04],
						"3.45": [-26.1, -10.87, -32.12],
						"3.5": [-26.12, -10.84, -32.22],
						"3.55": [-26.14, -10.82, -32.34],
						"3.6": [-26.15, -10.79, -32.47],
						"3.65": [-26.16, -10.77, -32.6],
						"3.7": [-26.15, -10.74, -32.71],
						"3.75": [-26.13, -10.72, -32.8],
						"3.8": [-26.08, -10.69, -32.86],
						"3.85": [-26.01, -10.66, -32.88],
						"3.9": [-25.9, -10.63, -32.84],
						"3.95": [-25.76, -10.6, -32.73],
						"4.0": [-24.68, -10.24, -31.08],
						"4.05": [-23.25, -9.88, -28.89],
						"4.1": [-22.18, -10.23, -28.68],
						"4.15": [-21.77, -12.08, -32.58],
						"4.2": [-21.72, -14.66, -38.45],
						"4.25": [-21.84, -16.35, -42.44],
						"4.3": [-22.09, -16.28, -42.57],
						"4.35": [-22.51, -15.34, -40.82],
						"4.4": [-23.02, -14.59, -39.21],
						"4.45": [-24.38, -14.76, -38.72],
						"4.5": [-25.01, -14.56, -37.23],
						"4.55": [-20.36, -9.81, -25.97],
						"4.6": [-19.38, -12.98, -35.76],
						"4.65": [-22.53, -10.51, -29.94],
						"4.7": [-22.52, -11.57, -32.43],
						"4.75": [-22.36, -11.69, -32.99],
						"4.8": [-22.7, -9.09, -28.43],
						"4.85": [-23.29, -5.25, -21.17],
						"4.9": [-24.36, -1.68, -11.65],
						"4.95": [-26.49, 0.98, 1.25],
						"5.0": [-29.12, 3.37, 16.4],
						"5.05": [-30.82, 5.9, 29.9],
						"5.1": [-30.88, 8.21, 38.24],
						"5.15": [-30.23, 10.76, 45.83],
						"5.2": [-29.43, 13.07, 52.14],
						"5.25": [-29.01, 14.71, 56.61],
						"5.3": [-29.48, 15.39, 58.5],
						"5.35": [-30.4, 15.1, 56.95],
						"5.4": [-31.43, 15.67, 56.6],
						"5.45": [-32.15, 16.11, 56.11],
						"5.5": [-31.81, 15.86, 55.6],
						"5.55": [-31.17, 15.46, 55.32],
						"5.6": [-30.61, 15.2, 56.35],
						"5.65": [-30.64, 14.3, 55.57],
						"5.7": [-30.79, 13.54, 54.72],
						"5.75": [-30.87, 13.61, 54.71],
						"5.8": [-30.97, 13.92, 54.9],
						"5.85": [-31.08, 14.24, 55.08],
						"5.9": [-31.19, 14.37, 55.06],
						"5.95": [-31.59, 13.31, 53.3],
						"6.0": [-31.3, 14.58, 54.85],
						"6.05": [-30.98, 15.86, 56.57],
						"6.1": [-30.9, 15.78, 56.8],
						"6.15": [-30.91, 15.29, 56.62],
						"6.2": [-31.14, 14.88, 56.17],
						"6.25": [-33.29, 14.47, 53.28],
						"6.3": [-32.87, 15.67, 55.15],
						"6.35": [-32.19, 16.74, 57.18],
						"6.4": [-32.14, 16.49, 56.99],
						"6.45": [-32.22, 15.82, 56.19],
						"6.5": [-32.31, 15.27, 55.58],
						"6.55": [-32.36, 15.1, 55.49],
						"6.6": [-32.42, 15.02, 55.53],
						"6.65": [-32.45, 14.97, 55.63],
						"6.7": [-32.4, 14.88, 55.72],
						"6.75": [-32.3, 14.84, 55.79],
						"6.8": [-32.14, 14.84, 55.94],
						"6.85": [-31.95, 14.84, 56.11],
						"6.9": [-31.75, 14.82, 56.24],
						"6.95": [-31.58, 14.75, 56.29],
						"7.0": [-31.46, 14.59, 56.21],
						"7.05": [-31.42, 14.31, 55.95],
						"7.1": [-32.47, 10.07, 50.5],
						"7.15": [-31.72, 7.7, 45.46],
						"7.2": [-30.57, 4.69, 38.71],
						"7.25": [-28.93, 1.84, 32.1],
						"7.3": [-26.67, -0.08, 27.51],
						"7.35": [-19.25, -0.37, 26.84],
						"7.4": [-11.7, 0.59, 26.88],
						"7.45": [-8.76, 0.62, 22.16],
						"7.5": [-6.74, 0.56, 15.58],
						"7.55": [-4.93, 0.46, 9.54],
						"7.6": [-2.23, 0.23, 1.97],
						"7.65": [0, 0, -3],
						"7.7": [3, -0.05, 0.4],
						"7.75": [1.5, -0.03, 1.02],
						"7.8": [0, 0, 1.64],
						"7.85": [0, 0, 0.82],
						"7.9": [0, 0, 0],
						"7.95": [0, 0, 0],
						"8.0": [0, 0, 0],
						"8.05": [0, 0, 0]
					},
					"position": {
						"0.0": [0, 0, 0],
						"0.05": [-0.08, -0.25, 0.01],
						"0.1": [-0.19, -0.56, 0.03],
						"0.15": [-0.3, -0.65, 0],
						"0.2": [-0.41, -0.28, -0.12],
						"0.25": [-0.52, 0.32, -0.29],
						"0.3": [-0.6, 0.8, -0.4],
						"0.35": [-0.62, 1.09, -0.38],
						"0.4": [-0.6, 1.2, -0.3],
						"0.45": [-0.6, 1.21, -0.29],
						"0.5": [-0.6, 1.19, -0.29],
						"0.55": [-0.6, 1.21, -0.28],
						"0.6": [-0.6, 1.24, -0.27],
						"0.65": [-0.6, 1.3, -0.27],
						"0.7": [-0.6, 1.38, -0.3],
						"0.75": [-0.6, 1.49, -0.36],
						"0.8": [-0.6, 1.64, -0.43],
						"0.85": [-0.6, 1.8, -0.52],
						"0.9": [-0.6, 1.96, -0.62],
						"0.95": [-0.6, 2.08, -0.72],
						"1.0": [-0.6, 2.21, -0.83],
						"1.05": [-0.6, 2.34, -0.95],
						"1.1": [-0.6, 2.45, -1.05],
						"1.15": [-0.6, 2.53, -1.12],
						"1.2": [-0.6, 2.58, -1.17],
						"1.25": [-0.6, 2.61, -1.2],
						"1.3": [-0.6, 2.61, -1.21],
						"1.35": [-0.6, 2.59, -1.22],
						"1.4": [-0.6, 2.53, -1.22],
						"1.45": [-0.61, 2.36, -1.28],
						"1.5": [-0.6, 1.8, -1.22],
						"1.55": [-0.6, 0.78, -1.08],
						"1.6": [-0.58, -0.52, -0.85],
						"1.65": [-0.45, -1.39, -0.43],
						"1.7": [-0.1, -1.45, 0.38],
						"1.75": [0.36, -1.09, 1.38],
						"1.8": [0.7, -0.8, 2.1],
						"1.85": [0.7, -0.9, 2.1],
						"1.9": [0.69, -0.81, 2.1],
						"1.95": [0.7, -0.7, 2.1],
						"2.0": [0.85, -0.7, 2.1],
						"2.05": [1, -0.7, 2.1],
						"2.1": [0.97, -0.91, 2.1],
						"2.15": [0.47, -1, 2.1],
						"2.2": [-0.05, -1.1, 2.1],
						"2.25": [-0.28, -1.4, 2.1],
						"2.3": [-0.26, -1.52, 2.1],
						"2.35": [-0.2, -1.6, 2.1],
						"2.4": [-0.16, -1.59, 2.1],
						"2.45": [-0.12, -1.54, 2.1],
						"2.5": [-0.12, -1.5, 2.1],
						"2.55": [-0.15, -1.48, 2.1],
						"2.6": [-0.19, -1.47, 2.1],
						"2.65": [-0.23, -1.45, 2.1],
						"2.7": [-0.28, -1.43, 2.1],
						"2.75": [-0.33, -1.41, 2.1],
						"2.8": [-0.37, -1.4, 2.1],
						"2.85": [-0.4, -1.4, 2.1],
						"2.9": [-0.41, -1.4, 2.1],
						"2.95": [-0.41, -1.4, 2.1],
						"3.0": [-0.42, -1.41, 2.1],
						"3.05": [-0.43, -1.41, 2.1],
						"3.1": [-0.43, -1.42, 2.1],
						"3.15": [-0.44, -1.43, 2.1],
						"3.2": [-0.45, -1.44, 2.1],
						"3.25": [-0.45, -1.45, 2.1],
						"3.3": [-0.46, -1.46, 2.1],
						"3.35": [-0.46, -1.47, 2.1],
						"3.4": [-0.47, -1.48, 2.1],
						"3.45": [-0.47, -1.48, 2.1],
						"3.5": [-0.47, -1.49, 2.1],
						"3.55": [-0.47, -1.5, 2.1],
						"3.6": [-0.47, -1.51, 2.1],
						"3.65": [-0.47, -1.51, 2.1],
						"3.7": [-0.46, -1.52, 2.1],
						"3.75": [-0.46, -1.52, 2.1],
						"3.8": [-0.45, -1.52, 2.1],
						"3.85": [-0.44, -1.52, 2.1],
						"3.9": [-0.43, -1.52, 2.1],
						"3.95": [-0.42, -1.51, 2.1],
						"4.0": [-0.4, -1.5, 2.1],
						"4.05": [-0.17, -1.34, 2.1],
						"4.1": [0.16, -1.11, 2.1],
						"4.15": [0.39, -0.92, 2.1],
						"4.2": [0.45, -0.78, 2.1],
						"4.25": [0.4, -0.7, 2.1],
						"4.3": [0.35, -0.64, 2.1],
						"4.35": [0.3, -0.6, 2.1],
						"4.4": [0.3, -0.54, 2.1],
						"4.45": [0.3, -0.5, 2.1],
						"4.5": [0.2, -0.5, 2.1],
						"4.55": [0.24, -0.61, 2.1],
						"4.6": [0.3, -0.8, 2.1],
						"4.65": [0.29, -0.93, 2.12],
						"4.7": [0.27, -1.1, 2.14],
						"4.75": [0.3, -1.43, 2.1],
						"4.8": [0.39, -2.1, 1.97],
						"4.85": [0.53, -2.94, 1.78],
						"4.9": [0.7, -3.56, 1.5],
						"4.95": [0.94, -3.63, 1.04],
						"5.0": [1.18, -3.7, 0.58],
						"5.05": [1.43, -3.76, 0.12],
						"5.1": [1.61, -3.68, 0.07],
						"5.15": [1.76, -3.54, 0.2],
						"5.2": [1.87, -3.47, 0.31],
						"5.25": [1.95, -3.51, 0.31],
						"5.3": [2, -3.62, 0.29],
						"5.35": [2.03, -3.74, 0.29],
						"5.4": [2.04, -4.13, 0.44],
						"5.45": [2.03, -4.34, 0.49],
						"5.5": [2.21, -4.33, 0.5],
						"5.55": [2.38, -4.28, 0.53],
						"5.6": [2.36, -4.2, 0.61],
						"5.65": [2.25, -4.15, 0.72],
						"5.7": [2.09, -4.23, 0.85],
						"5.75": [1.95, -4.37, 0.96],
						"5.8": [1.94, -4.66, 1.05],
						"5.85": [1.82, -4.79, 1.07],
						"5.9": [1.71, -4.86, 1.07],
						"5.95": [1.88, -4.71, 0.99],
						"6.0": [1.9, -4.71, 0.96],
						"6.05": [1.89, -4.68, 0.98],
						"6.1": [1.85, -4.57, 1.1],
						"6.15": [1.78, -4.43, 1.27],
						"6.2": [1.74, -4.36, 1.39],
						"6.25": [1.78, -4.66, 1.36],
						"6.3": [1.81, -4.51, 1.32],
						"6.35": [1.82, -4.32, 1.28],
						"6.4": [1.79, -4.3, 1.25],
						"6.45": [1.74, -4.31, 1.22],
						"6.5": [1.71, -4.29, 1.2],
						"6.55": [1.71, -4.26, 1.2],
						"6.6": [1.71, -4.22, 1.2],
						"6.65": [1.72, -4.17, 1.21],
						"6.7": [1.74, -4.12, 1.21],
						"6.75": [1.75, -4.07, 1.22],
						"6.8": [1.77, -4.02, 1.23],
						"6.85": [1.78, -3.99, 1.23],
						"6.9": [1.8, -3.92, 1.24],
						"6.95": [1.81, -3.86, 1.24],
						"7.0": [1.83, -3.83, 1.24],
						"7.05": [1.84, -3.84, 1.24],
						"7.1": [1.84, -4.38, 1.23],
						"7.15": [1.84, -4.14, 1.23],
						"7.2": [1.84, -4.93, 0.93],
						"7.25": [1.81, -5.71, 0.44],
						"7.3": [1.74, -5.64, -0.18],
						"7.35": [1.6, -5.25, -1.06],
						"7.4": [1.36, -4.88, -2.62],
						"7.45": [1.08, -4.2, -4],
						"7.5": [0.8, -2.71, -4.52],
						"7.55": [0.52, -1.23, -4.04],
						"7.6": [0.23, -0.6, -1.48],
						"7.65": [0, -0.3, 0.95],
						"7.7": [-0.03, -0.09, 0.7],
						"7.75": [0, 0.02, -0.14],
						"7.8": [0, 0.07, -0.03],
						"7.85": [0, 0.12, 0.08],
						"7.9": [0, 0.08, 0.05],
						"7.95": [0, 0.04, 0.03],
						"8.0": [0, 0, 0]
					}
				},
				"additional_magazine": {
					"scale": {
						"0.0": [0, 0, 0],
						"2.2": [0, 0, 0],
						"7.3": [0, 0, 0],
						"8.05": {
							"pre": [0, 0, 0],
							"post": [1, 1, 1]
						}
					}
				},
				"lefthand_and_mag": {
					"rotation": {
						"1.85": [0, 0, 0],
						"1.9": [-7.25, -0.03, -1],
						"1.95": [-14.5, -0.07, -2],
						"2.0": [-16.25, -0.13, -6.02],
						"2.05": [-18, -0.19, -10.04],
						"2.1": [-30.21, -4.88, -35.06],
						"2.15": [-23.47, -1.54, -37.8],
						"2.2": [-15.17, 2.84, -37.16],
						"2.25": [-14.09, 5.06, -36.59],
						"2.3": [-14.92, 6.52, -35.04],
						"2.35": [-14.98, 7.3, -33.24],
						"2.4": [-15.1, 7.85, -31.03],
						"2.45": [-15.17, 8.07, -29.2],
						"2.5": [-15.17, 8.06, -28.8],
						"2.55": [-15.14, 8.01, -28.68],
						"2.6": [-15.11, 7.9, -28.69],
						"2.65": [-15.07, 7.72, -28.66],
						"2.7": [-15.03, 7.46, -28.43],
						"2.75": [-15, 7.12, -27.84],
						"2.8": [-14.99, 6.67, -26.72],
						"2.85": [-16.36, 2.97, -21.6],
						"2.9": [-15.16, 1.05, -9.17],
						"2.95": [-9.28, 4.04, 9.35],
						"3.0": [-1.08, 9.07, 32.68],
						"3.05": [5.57, 13.8, 51.69],
						"3.1": [10.39, 19.58, 66.7],
						"3.15": [12.39, 23.87, 73.57],
						"3.2": [12.39, 24.85, 73.96],
						"3.25": [11.43, 24.79, 71.44],
						"3.3": [10.62, 24.67, 69.27],
						"3.35": [10.31, 24.8, 68.53],
						"3.4": [10.17, 24.85, 68.19],
						"3.45": [9.84, 24.91, 67.56],
						"3.5": [9.71, 25.02, 67.1],
						"3.55": [9.79, 25.1, 67.12],
						"3.6": [9.93, 25.21, 67.24],
						"3.65": [10.11, 25.34, 67.41],
						"3.7": [10.31, 25.46, 67.57],
						"3.75": [10.5, 25.56, 67.65],
						"3.8": [10.67, 25.61, 67.6],
						"3.85": [10.8, 25.61, 67.35],
						"3.9": [10.94, 25.04, 64.61],
						"3.95": [11.07, 24.48, 61.87],
						"4.0": [10.31, 16.85, 21.65],
						"4.05": [11.46, 9.14, -19.76],
						"4.1": [21.58, 7.7, -32.91],
						"4.15": [27.03, 7.27, -34.77],
						"4.2": [-9.91, 0, -26.18],
						"4.25": [-13.21, 0, -19.95],
						"4.3": [-16.5, 0, -13.72],
						"4.35": [-26, 0, 0],
						"4.4": [-24.5, 0, 0],
						"4.45": [-22.5, 0, 0],
						"4.5": [-25.25, 0, 0],
						"4.55": [0, 0, 0]
					},
					"position": {
						"1.85": [0, 0, 0],
						"1.9": [0, -0.15, -0.05],
						"1.95": [0, -0.3, -0.1],
						"2.0": [0.15, -0.45, -0.35],
						"2.05": [0.3, -0.6, -0.6],
						"2.1": [1.4, -6.7, -5.4],
						"2.15": [1.97, -7.63, -3.93],
						"2.2": [2.6, -7.38, -1.51],
						"2.25": [3.14, -6.51, -0.39],
						"2.3": [3.72, -5.19, 0.63],
						"2.35": [4.2, -4.02, 1.39],
						"2.4": [4.64, -2.81, 1.9],
						"2.45": [4.91, -1.99, 2.02],
						"2.5": [5.04, -1.73, 2.02],
						"2.55": [5.11, -1.68, 1.92],
						"2.6": [5.13, -1.71, 1.85],
						"2.65": [5.12, -1.79, 1.84],
						"2.7": [5.07, -1.94, 1.83],
						"2.75": [5.01, -2.09, 1.85],
						"2.8": [4.95, -2.2, 1.9],
						"2.85": [4.79, -2.2, 2.17],
						"2.9": [4.75, -2.2, 2.4],
						"2.95": [5.46, -2.73, 2.16],
						"3.0": [6.82, -3.4, 1.79],
						"3.05": [8.15, -4.1, 1.3],
						"3.1": [8.52, -4.6, 0.64],
						"3.15": [8.55, -4.9, 0.1],
						"3.2": [8.55, -4.87, 0.04],
						"3.25": [8.5, -4.72, 0.13],
						"3.3": [8.45, -4.6, 0.2],
						"3.35": [8.39, -4.58, 0.21],
						"3.4": [8.35, -4.6, 0.2],
						"3.45": [8.36, -4.6, 0.22],
						"3.5": [8.35, -4.6, 0.2],
						"3.55": [8.34, -4.59, 0.17],
						"3.6": [8.32, -4.58, 0.14],
						"3.65": [8.3, -4.57, 0.09],
						"3.7": [8.28, -4.56, 0.05],
						"3.75": [8.25, -4.55, 0.01],
						"3.8": [8.21, -4.55, -0.03],
						"3.85": [8.16, -4.55, -0.05],
						"3.9": [7.92, -4.62, -0.03],
						"3.95": [7.68, -4.7, 0],
						"4.0": [4.28, -5.79, 0.75],
						"4.05": [0.97, -6.63, 1.31],
						"4.1": [0.62, -6.01, 0.69],
						"4.15": [1.1, -4.8, -0.1],
						"4.2": [1.1, -2, -0.1],
						"4.25": [0.75, -1.5, -0.25],
						"4.3": [0.4, -1, -0.4],
						"4.35": [0.1, -1, -0.5],
						"4.4": [0.1, -1, -0.7],
						"4.45": [0.1, -1, -0.7],
						"4.5": [0.05, -0.5, -0.25],
						"4.55": [0, 0, 0]
					}
				},
				"magrelease": {
					"rotation": {
						"1.7": [0, 0, 0],
						"1.75": [-20, 0, 0],
						"2.2": [-20, 0, 0],
						"2.25": [0, 0, 0],
						"4.5": [0, 0, 0],
						"4.55": [-20, 0, 0],
						"4.65": [0, 0, 0]
					}
				},
				"bolt": {
					"position": {
						"5.35": [0, 0, 0],
						"5.45": [0, 0, 5.075],
						"5.5": [0, 0, 4.675],
						"5.55": [0, 0, 0],
						"5.6": [0, 0, 0.1],
						"5.65": [0, 0, 0],
						"5.75": [0, 0, 0],
						"5.85": [0, 0, 4.675],
						"5.9": [0, 0, 4.675],
						"5.95": [0, 0, 0],
						"6.05": [0, 0, 0.1],
						"6.1": [0, 0, 0],
						"6.2": [0, 0, 0],
						"6.25": [0, 0, 5.675],
						"7.05": [0, 0, 5.675],
						"7.1": [0, 0, 0],
						"7.15": [0, 0, 0.325],
						"7.2": [0, 0, 0]
					}
				},
				"camera": {
					"rotation": {
						"0.0": [0, 0, 0],
						"0.05": [0.46, 0.14, -0.11],
						"0.1": [1.1, 0.33, -0.27],
						"0.15": [1.72, 0.5, -0.45],
						"0.2": [2.14, 0.6, -0.61],
						"0.25": [2.56, 0.68, -0.8],
						"0.3": [2.92, 0.75, -0.98],
						"0.35": [3.18, 0.8, -1.1],
						"0.4": [3.26, 0.77, -1.15],
						"0.45": [3.21, 0.69, -1.14],
						"0.5": [3.14, 0.66, -1.12],
						"0.55": [3.13, 0.8, -1.1],
						"0.6": [3.08, 1.15, -1.09],
						"0.65": [2.99, 1.65, -1.07],
						"0.7": [3.09, 2.26, -1.07],
						"0.75": [3.59, 2.93, -1.1],
						"0.8": [4.41, 3.52, -1.17],
						"0.85": [5.56, 4.17, -1.27],
						"0.9": [6.86, 4.87, -1.38],
						"0.95": [8.16, 5.58, -1.48],
						"1.0": [9.3, 6.27, -1.55],
						"1.05": [11, 7.52, -1.58],
						"1.1": [12.55, 8.76, -1.57],
						"1.15": [13.61, 9.68, -1.55],
						"1.2": [14.02, 10.07, -1.55],
						"1.25": [14.32, 10.41, -1.55],
						"1.3": [14.41, 10.6, -1.55],
						"1.35": [14.19, 10.53, -1.55],
						"1.4": [13.55, 10.08, -1.55],
						"1.45": [12.54, 9.26, -1.56],
						"1.5": [11.11, 8.06, -1.57],
						"1.55": [9.43, 6.66, -1.58],
						"1.6": [7.7, 5.22, -1.58],
						"1.65": [6.1, 3.91, -1.58],
						"1.7": [4.82, 2.93, -1.55],
						"1.75": [3.01, 1.78, -1.42],
						"1.8": [1.73, 1.19, -1.23],
						"1.85": [0.9, 0.8, -1.1],
						"1.9": [0.63, 0.61, -1.12],
						"1.95": [0.67, 0.57, -1.22],
						"2.0": [0.85, 0.57, -1.25],
						"2.05": [1, 0.5, -1.1],
						"2.1": [1.5, -0.3, 1.2],
						"2.15": [1.12, -0.43, -0.85],
						"2.2": [0.7, -0.5, -2.95],
						"2.25": [0.66, -0.61, -2.26],
						"2.3": [0.9, -0.8, -1.1],
						"2.35": [1.18, -0.97, -1.06],
						"2.4": [1.57, -1.19, -1.21],
						"2.45": [1.97, -1.42, -1.42],
						"2.5": [2.3, -1.6, -1.55],
						"2.55": [2.54, -1.74, -1.58],
						"2.6": [2.73, -1.85, -1.58],
						"2.65": [2.88, -1.94, -1.56],
						"2.7": [3, -2, -1.55],
						"2.75": [3.06, -1.98, -1.54],
						"2.8": [3.08, -1.89, -1.51],
						"2.85": [3.08, -1.86, -1.51],
						"2.9": [3.09, -2, -1.55],
						"2.95": [3.11, -2.31, -1.64],
						"3.0": [3.14, -2.76, -1.77],
						"3.05": [3.17, -3.26, -1.91],
						"3.1": [3.19, -3.74, -2.04],
						"3.15": [3.2, -4.1, -2.12],
						"3.2": [3.2, -4.34, -2.16],
						"3.25": [3.18, -4.51, -2.17],
						"3.3": [3.16, -4.64, -2.15],
						"3.35": [3.13, -4.73, -2.13],
						"3.4": [3.11, -4.8, -2.12],
						"3.45": [3.1, -4.84, -2.12],
						"3.5": [3.09, -4.86, -2.12],
						"3.55": [3.07, -4.86, -2.12],
						"3.6": [3.06, -4.85, -2.12],
						"3.65": [3.04, -4.83, -2.12],
						"3.7": [3, -4.8, -2.12],
						"3.75": [2.97, -4.82, -2.13],
						"3.8": [2.94, -4.89, -2.13],
						"3.85": [2.91, -4.94, -2.13],
						"3.9": [2.85, -4.94, -2.13],
						"3.95": [2.75, -4.81, -2.13],
						"4.0": [2.6, -4.5, -2.12],
						"4.05": [2.31, -3.78, -2.11],
						"4.1": [1.91, -2.74, -2.1],
						"4.15": [1.49, -1.6, -2.08],
						"4.2": [1.09, -0.55, -2.05],
						"4.25": [0.8, 0.2, -2],
						"4.3": [0.61, 0.59, -1.95],
						"4.35": [0.47, 0.76, -1.9],
						"4.4": [0.38, 0.8, -1.83],
						"4.45": [0.36, 0.78, -1.72],
						"4.5": [0.4, 0.8, -1.55],
						"4.55": [1.5, 0.8, 0.02],
						"4.6": [1.14, 0.8, -1.12],
						"4.65": [0.7, 0.8, -2.33],
						"4.7": [0.84, 0.85, -1.89],
						"4.75": [1.1, 0.8, -1.2],
						"4.8": [1.12, 0.58, -1.22],
						"4.85": [1.12, 0.27, -1.4],
						"4.9": [1.3, 0, -1.55],
						"4.95": [1.67, -0.14, -1.57],
						"5.0": [2.19, -0.24, -1.57],
						"5.05": [2.71, -0.33, -1.56],
						"5.1": [3.1, -0.4, -1.55],
						"5.15": [3.28, -0.44, -1.54],
						"5.2": [3.41, -0.47, -1.53],
						"5.25": [3.47, -0.48, -1.51],
						"5.3": [3.5, -0.49, -1.52],
						"5.35": [3.5, -0.5, -1.55],
						"5.4": [3.25, -0.51, -1.88],
						"5.45": [2.97, -0.5, -2.06],
						"5.5": [3.19, -0.49, -0.81],
						"5.55": [4.17, -0.49, -1.79],
						"5.6": [4.52, -0.49, -1.46],
						"5.65": [4.67, -0.49, -1.06],
						"5.7": [4.43, -0.49, -1.16],
						"5.75": [4.03, -0.48, -1.41],
						"5.8": [3.63, -0.47, -1.72],
						"5.85": [3.32, -0.46, -1.84],
						"5.9": [3.46, -0.45, -0.69],
						"5.95": [4.47, -0.45, -1.75],
						"6.0": [4.57, -0.45, -1.65],
						"6.05": [4.56, -0.44, -1.39],
						"6.1": [4.47, -0.43, -1.22],
						"6.15": [4.2, -0.42, -1.32],
						"6.2": [3.85, -0.41, -1.52],
						"6.25": [3.7, -0.4, -1.58],
						"6.3": [4.76, -0.4, -0.61],
						"6.35": [4.2, -0.4, -1.14],
						"6.4": [3.56, -0.4, -1.69],
						"6.45": [3.61, -0.4, -1.53],
						"6.5": [3.84, -0.4, -1.16],
						"6.55": [3.97, -0.4, -0.91],
						"6.6": [3.9, -0.4, -0.94],
						"6.65": [3.75, -0.4, -1.05],
						"6.7": [3.59, -0.4, -1.19],
						"6.75": [3.45, -0.4, -1.27],
						"6.8": [3.3, -0.4, -1.26],
						"6.85": [3.18, -0.4, -1.19],
						"6.9": [3.11, -0.4, -1.13],
						"6.95": [3.1, -0.4, -1.13],
						"7.0": [3.15, -0.41, -1.14],
						"7.05": [3.27, -0.41, -1.06],
						"7.1": [4.14, -0.42, -0.14],
						"7.15": [3.69, -0.42, -0.44],
						"7.2": [3.07, -0.42, -0.86],
						"7.25": [2.72, -0.42, -1.01],
						"7.3": [2.55, -0.4, -0.89],
						"7.35": [2.76, -0.33, -0.19],
						"7.4": [2.92, -0.26, 0.52],
						"7.45": [2.59, -0.22, 0.67],
						"7.5": [1.97, -0.18, 0.57],
						"7.55": [0.95, -0.08, 0.19],
						"7.6": [0.03, 0, 0],
						"7.65": [-0.15, 0, 1.6],
						"7.7": [-0.06, 0, 0.53],
						"7.75": [0.05, 0, -0.64],
						"7.8": [0.05, 0, -0.58],
						"7.85": [0.02, 0, -0.2],
						"7.9": [0, 0, 0.09],
						"7.95": [0, 0, 0.13],
						"8.0": [0, 0, 0.11],
						"8.05": [0, 0, 0.07],
						"8.1": [0, 0, 0.03],
						"8.15": [0, 0, 0]
					}
				},
				"bullet": {
					"scale": {
						"0.0": [0, 0, 0],
						"7.8": {
							"pre": [0, 0, 0],
							"post": [1, 1, 1]
						}
					}
				}
			},
			"sound_effects": {
				"0.0": {
					"effect": "ar_akilo_inspect_up"
				},
				"1.65": {
					"effect": "ar_akilo_raise_grab"
				},
				"1.75": {
					"effect": "ar_akilo_inspect_magout"
				},
				"2.6": {
					"effect": "p04_ar_akilo_inspect_mvt"
				},
				"4.05": {
					"effect": "ar_akilo_inspect_magbump"
				},
				"4.4": {
					"effect": "ar_akilo_inspect_magin"
				},
				"4.7": {
					"effect": "ar_akilo_inspect_turn"
				},
				"5.3": {
					"effect": "p04_ar_akilo105_inspect_boltpull"
				},
				"6.8": {
					"effect": "ar_akilo_inspect_empty_release"
				},
				"7.3": {
					"effect": "ar_akilo_inspect_over"
				}
			}
		},
		"shoot": {
			"loop": true,
			"animation_length": 0.5667,
			"bones": {
				"root": {
					"rotation": {
						"0.0": [0, 0, 0],
						"0.0167": [-1.75, 0, -1.12],
						"0.0333": [-1.82, 0, 0.15],
						"0.05": [-1.47, 0, 1.3],
						"0.0667": [-1.2, 0, 1.11],
						"0.0833": [-0.84, 0, 0.62],
						"0.1": [-0.44, 0, 0],
						"0.1167": [-0.09, 0, -0.54],
						"0.1333": [0.13, 0, -0.81],
						"0.15": [0.17, 0, -0.54],
						"0.1667": [0, 0, 0.11],
						"0.1833": [-0.12, 0, 0.48],
						"0.2": [-0.12, 0, 0.3],
						"0.2167": [-0.09, 0, -0.12],
						"0.2333": [-0.04, 0, -0.54],
						"0.25": [0.02, 0, -0.76],
						"0.2667": [0.06, 0, -0.72],
						"0.2833": [0.11, 0, -0.58],
						"0.3": [0.17, 0, -0.38],
						"0.3167": [0.22, 0, -0.16],
						"0.3333": [0.27, 0, 0.04],
						"0.35": [0.3, 0, 0.18],
						"0.3667": [0.31, -0.01, 0.24],
						"0.3833": [0.32, -0.01, 0.28],
						"0.4": [0.31, -0.03, 0.3],
						"0.4167": [0.3, -0.04, 0.3],
						"0.4333": [0.29, -0.05, 0.3],
						"0.45": [0.27, -0.05, 0.29],
						"0.4667": [0.25, -0.05, 0.27],
						"0.4833": [0.22, -0.05, 0.25],
						"0.5": [0.17, -0.04, 0.2],
						"0.5167": [0.12, -0.03, 0.14],
						"0.5333": [0.07, -0.02, 0.09],
						"0.55": [0.03, -0.01, 0.03],
						"0.5667": [0, 0, 0]
					},
					"position": {
						"0.0": [0, 0, 0],
						"0.0167": [0, -0.07, 1.55],
						"0.0333": [0, -0.07, 1.59],
						"0.05": [0, -0.07, 1.56],
						"0.0667": [0, -0.06, 1.47],
						"0.0833": [0, -0.05, 1.34],
						"0.1": [0, -0.05, 1.19],
						"0.1167": [0, -0.05, 1.04],
						"0.1333": [0, -0.08, 0.77],
						"0.15": [0, -0.11, 0.43],
						"0.1667": [0, -0.14, 0.11],
						"0.1833": [0, -0.15, -0.1],
						"0.2": [0, -0.15, -0.14],
						"0.2167": [0, -0.14, -0.14],
						"0.2333": [0, -0.13, -0.11],
						"0.25": [0, -0.12, -0.06],
						"0.2667": [0, -0.1, -0.01],
						"0.2833": [0, -0.09, 0.03],
						"0.3": [0, -0.07, 0.06],
						"0.3167": [0, -0.06, 0.06],
						"0.3333": [0, -0.05, 0.05],
						"0.35": [0, -0.04, 0.04],
						"0.3667": [0, -0.03, 0.03],
						"0.3833": [0, -0.02, 0.02],
						"0.4": [0, -0.01, 0.01],
						"0.4167": [0, 0, 0],
						"0.4333": [0, 0, 0],
						"0.45": [0, 0.01, 0],
						"0.4667": [0, 0.01, 0],
						"0.4833": [0, 0.01, 0],
						"0.5": [0, 0, 0],
						"0.5167": [0, 0, 0],
						"0.5333": [0, 0, 0],
						"0.55": [0, 0, 0],
						"0.5667": [0, 0, 0]
					}
				},
				"bolt": {
					"position": {
						"0.0167": [0, 0, 0],
						"0.05": [0, 0, 5],
						"0.0833": [0, 0, 0],
						"0.1": [0, 0, 0.3],
						"0.1167": [0, 0, 0],
						"0.15": [0, 0, 0.1],
						"0.1833": [0, 0, 0]
					}
				},
				"camera": {
					"rotation": {
						"0.0": [0, 0, 0],
						"0.0167": [0, 0, 0],
						"0.0333": [0, 0, 1.02],
						"0.05": [0, 0, -0.7],
						"0.0667": [0, 0, -0.1],
						"0.0833": [0, 0, 0.6],
						"0.1": [0, 0, 0.41],
						"0.1167": [0, 0, -0.03],
						"0.1333": [0, 0, -0.3],
						"0.15": [0, 0, -0.22],
						"0.1667": [0, 0, 0],
						"0.1833": [0, 0, 0.23],
						"0.2": [0, 0, 0.35],
						"0.2167": [0, 0, 0.31],
						"0.2333": [0, 0, 0.2],
						"0.25": [0, 0, 0.06],
						"0.2667": [0, 0, -0.07],
						"0.2833": [0, 0, -0.15],
						"0.3": [0, 0, -0.16],
						"0.3167": [0, 0, -0.14],
						"0.3333": [0, 0, -0.11],
						"0.35": [0, 0, -0.06],
						"0.3667": [0, 0, -0.02],
						"0.3833": [0, 0, 0]
					}
				},
				"constraint": {
					"rotation": {
						"0.15": [0.3, 0.3, 0.3],
						"0.2333": [0.1, 0.1, 0.1],
						"0.3333": [0, 0, 0]
					},
					"position": {
						"0.15": [0.15, 0.05, 0.4],
						"0.2333": [0.1, 0, 0.1],
						"0.3333": [0, 0, 0]
					}
				},
				"additional_magazine": {
					"scale": 1
				}
			}
		},
		"select_auto": {
			"animation_length": 0.65,
			"bones": {
				"righthand": {
					"rotation": {
						"0.0": [100.03742, 4.92385, -179.12962],
						"0.1": [95.45763, 2.17568, -164.35358],
						"0.15": [95.45763, 2.17568, -164.35358],
						"0.25": [116.16889, -0.03826, -153.06603],
						"0.35": [116.16889, -0.03826, -153.06603],
						"0.5": [100.03742, 4.92385, -179.12962]
					},
					"position": {
						"0.0": [-6.8, -14.2, 7.4],
						"0.1": [-9.345, -13.1, 3.52],
						"0.15": [-9.345, -13.1, 3.52],
						"0.25": [-9.175, -12, 3.1],
						"0.35": [-9.175, -12, 3.1],
						"0.5": [-6.8, -14.2, 7.4]
					},
					"scale": [1, 1.5, 1]
				},
				"lefthand": {
					"rotation": [90.4533, -389.73135, -129.57361],
					"position": [7.4, -11.7, -8.5],
					"scale": [1, 1.5, 1]
				},
				"root": {
					"rotation": {
						"0.0": {
							"post": [0, 0, 0],
							"lerp_mode": "catmullrom"
						},
						"0.15": {
							"post": [0.28216, 0.05234, 2.07432],
							"lerp_mode": "catmullrom"
						},
						"0.2": {
							"post": [0.69414, -0.0304, 4.44177],
							"lerp_mode": "catmullrom"
						},
						"0.35": {
							"post": [0.28039, -0.03598, 4.00032],
							"lerp_mode": "catmullrom"
						},
						"0.5": {
							"post": [0.24991, 0.00654, -0.19374],
							"lerp_mode": "catmullrom"
						},
						"0.65": {
							"post": [0, 0, 0],
							"lerp_mode": "catmullrom"
						}
					},
					"position": {
						"0.0": {
							"post": [0, 0, 0],
							"lerp_mode": "catmullrom"
						},
						"0.15": {
							"post": [0, -0.20625, 0.275],
							"lerp_mode": "catmullrom"
						},
						"0.25": {
							"post": [0, -0.21125, 0.275],
							"lerp_mode": "catmullrom"
						},
						"0.35": {
							"post": [0, -0.1625, 0.825],
							"lerp_mode": "catmullrom"
						},
						"0.5": {
							"post": [0, -0.25625, -0.05625],
							"lerp_mode": "catmullrom"
						},
						"0.65": {
							"post": [0, 0, 0],
							"lerp_mode": "catmullrom"
						}
					}
				},
				"camera": {
					"rotation": {
						"0.15": [0, 0, 0],
						"0.25": [0, 0, 0.39375],
						"0.35": [0, 0, -0.26875],
						"0.45": [0, 0, 0.15],
						"0.55": [0, 0, 0]
					}
				}
			}
		},
		"select_semi": {
			"animation_length": 0.65,
			"bones": {
				"righthand": {
					"rotation": {
						"0.0": [100.03742, 4.92385, -179.12962],
						"0.1": [100.67541, 3.30266, -170.25363],
						"0.15": [100.67541, 3.30266, -170.25363],
						"0.25": [107.95763, 2.17568, -164.35358],
						"0.35": [111.70763, 2.17568, -164.35358],
						"0.5": [100.03742, 4.92385, -179.12962]
					},
					"position": {
						"0.0": [-6.8, -14.2, 7.4],
						"0.1": [-9.175, -12, 3.225],
						"0.15": [-9.175, -12, 3.225],
						"0.25": [-9.345, -13.1, 3.52],
						"0.35": [-9.345, -13.1, 3.52],
						"0.5": [-6.8, -14.2, 7.4]
					},
					"scale": [1, 1.5, 1]
				},
				"lefthand": {
					"rotation": [90.4533, -389.73135, -129.57361],
					"position": [7.4, -11.7, -8.5],
					"scale": [1, 1.5, 1]
				},
				"camera": {
					"rotation": {
						"0.1": [0, 0, 0],
						"0.2": [0, 0, 0.39375],
						"0.3": [0, 0, -0.26875],
						"0.4": [0, 0, 0.15],
						"0.5": [0, 0, 0]
					}
				},
				"root": {
					"rotation": {
						"0.0": {
							"post": [0, 0, 0],
							"lerp_mode": "catmullrom"
						},
						"0.15": {
							"post": [-0.66784, 0.05234, 4.99932],
							"lerp_mode": "catmullrom"
						},
						"0.2": {
							"post": [-0.22777, 0.0063, 3.04672],
							"lerp_mode": "catmullrom"
						},
						"0.25": {
							"post": [0.69688, -0.07047, -0.58262],
							"lerp_mode": "catmullrom"
						},
						"0.35": {
							"post": [0.8328, -0.04949, 0.00048],
							"lerp_mode": "catmullrom"
						},
						"0.5": {
							"post": [0.25, 0, 1],
							"lerp_mode": "catmullrom"
						},
						"0.65": {
							"post": [0, 0, 0],
							"lerp_mode": "catmullrom"
						}
					},
					"position": {
						"0.0": {
							"post": [0, 0, 0],
							"lerp_mode": "catmullrom"
						},
						"0.15": {
							"post": [0, -0.3, -0.45],
							"lerp_mode": "catmullrom"
						},
						"0.25": {
							"post": [0, -0.38, -0.425],
							"lerp_mode": "catmullrom"
						},
						"0.3": {
							"post": [0, -0.455, -0.5],
							"lerp_mode": "catmullrom"
						},
						"0.35": {
							"post": [0, -0.43125, -0.55],
							"lerp_mode": "catmullrom"
						},
						"0.5": {
							"post": [0, -0.025, -0.3625],
							"lerp_mode": "catmullrom"
						},
						"0.65": {
							"post": [0, 0, 0],
							"lerp_mode": "catmullrom"
						}
					}
				}
			}
		},
		"static_semi": {
			"loop": true
		},
		"static_auto": {
			"loop": true
		}
	}
}