{
	"format_version": "1.12.0",
	"minecraft:geometry": [
		{
			"description": {
				"identifier": "geometry.scope_standard_8x - Converted",
				"texture_width": 512,
				"texture_height": 512,
				"visible_bounds_width": 22,
				"visible_bounds_height": 15,
				"visible_bounds_offset": [0, 0.5, 0]
			},
			"bones": [
				{
					"name": "scope_body",
					"pivot": [0, 7.575, 0.125]
				},
				{
					"name": "1_6",
					"parent": "scope_body",
					"pivot": [0, 0.6875, -0.1875]
				},
				{
					"name": "mount",
					"parent": "1_6",
					"pivot": [0, 0.6875, -0.1875]
				},
				{
					"name": "group",
					"parent": "mount",
					"pivot": [0.16854, -0.33774, 6.0625],
					"cubes": [
						{
							"origin": [-0.375, 0.3125, -5.8125],
							"size": [0.75, 0.25, 4.625],
							"uv": {
								"east": {"uv": [312, 224], "uv_size": [19, 1]},
								"west": {"uv": [312, 228], "uv_size": [19, 1]},
								"up": {"uv": [268, 212], "uv_size": [3, 19]},
								"down": {"uv": [268, 251], "uv_size": [3, -19]}
							}
						},
						{
							"origin": [-0.375, 0.44378, -5.18306],
							"size": [0.75, 0.35355, 0.25],
							"pivot": [0, 0.29733, -5.05806],
							"rotation": [45, 0, 0],
							"uv": {
								"east": {"uv": [372, 340], "uv_size": [1, 1]},
								"south": {"uv": [352, 232], "uv_size": [3, 1]},
								"west": {"uv": [344, 372], "uv_size": [1, 1]}
							}
						},
						{
							"origin": [-0.375, 0.44378, -5.74556],
							"size": [0.75, 0.35355, 0.25],
							"pivot": [0, 0.29733, -5.62056],
							"rotation": [45, 0, 0],
							"uv": {
								"north": {"uv": [352, 236], "uv_size": [3, 1]},
								"east": {"uv": [372, 344], "uv_size": [1, 1]},
								"west": {"uv": [348, 372], "uv_size": [1, 1]}
							}
						},
						{
							"origin": [-0.375, 0.40089, -2.46339],
							"size": [0.75, 0.25, 0.29106],
							"pivot": [0, 0.52589, -2.34911],
							"rotation": [45, 0, 0],
							"uv": {
								"east": {"uv": [372, 348], "uv_size": [1, 1]},
								"west": {"uv": [352, 372], "uv_size": [1, 1]},
								"up": {"uv": [352, 240], "uv_size": [3, 1]}
							}
						},
						{
							"origin": [-0.375, 0.13966, -4.60965],
							"size": [0.75, 0.25, 0.60355],
							"pivot": [0, 0.26466, -4.18287],
							"rotation": [-22.5, 0, 0],
							"uv": {
								"east": {"uv": [364, 232], "uv_size": [2, 1]},
								"south": {"uv": [352, 244], "uv_size": [3, 1]},
								"west": {"uv": [364, 236], "uv_size": [2, 1]},
								"down": {"uv": [292, 342], "uv_size": [3, -2]}
							}
						},
						{
							"origin": [-0.375, 0, -3.3125],
							"size": [0.75, 0.3125, 2.5],
							"uv": {
								"north": {"uv": [352, 248], "uv_size": [3, 1]},
								"east": {"uv": [332, 316], "uv_size": [10, 1]},
								"west": {"uv": [324, 332], "uv_size": [10, 1]},
								"down": {"uv": [268, 262], "uv_size": [3, -10]}
							}
						},
						{
							"origin": [-0.375, 0.20216, -1.76293],
							"size": [0.75, 0.25, 1.10355],
							"pivot": [0, 0.32716, -0.89866],
							"rotation": [-22.5, 0, 0],
							"uv": {
								"east": {"uv": [340, 348], "uv_size": [4, 1]},
								"west": {"uv": [348, 340], "uv_size": [4, 1]},
								"up": {"uv": [288, 324], "uv_size": [3, 4]}
							}
						}
					]
				},
				{
					"name": "group6",
					"parent": "group",
					"pivot": [-0.16096, -1.45646, 6.0625]
				},
				{
					"name": "group5",
					"parent": "mount",
					"pivot": [-0.16096, -1.45646, 6.0625],
					"cubes": [
						{
							"origin": [-0.625, -0.3125, -4.0625],
							"size": [1.25, 0.5, 0.75],
							"uv": {
								"north": {"uv": [336, 240], "uv_size": [5, 2]},
								"east": {"uv": [340, 292], "uv_size": [3, 2]},
								"south": {"uv": [336, 244], "uv_size": [5, 2]},
								"west": {"uv": [296, 340], "uv_size": [3, 2]},
								"up": {"uv": [312, 232], "uv_size": [5, 3]},
								"down": {"uv": [312, 239], "uv_size": [5, -3]}
							}
						},
						{
							"origin": [0.53596, -0.23771, -4.0625],
							"size": [0.1875, 0.42678, 0.75],
							"pivot": [0.16096, -0.14396, -4.0625],
							"rotation": [0, 0, -45],
							"uv": {
								"north": {"uv": [364, 240], "uv_size": [1, 2]},
								"east": {"uv": [340, 296], "uv_size": [3, 2]},
								"south": {"uv": [364, 244], "uv_size": [1, 2]},
								"west": {"uv": [300, 340], "uv_size": [3, 2]}
							}
						},
						{
							"origin": [-0.72346, -0.23771, -4.0625],
							"size": [0.1875, 0.42678, 0.75],
							"pivot": [-0.16096, -0.14396, -4.0625],
							"rotation": [0, 0, 45],
							"uv": {
								"north": {"uv": [364, 248], "uv_size": [1, 2]},
								"east": {"uv": [340, 300], "uv_size": [3, 2]},
								"south": {"uv": [364, 252], "uv_size": [1, 2]},
								"west": {"uv": [304, 340], "uv_size": [3, 2]}
							}
						},
						{
							"origin": [-0.72346, -0.23771, -0.8125],
							"size": [0.1875, 0.35356, 0.75],
							"pivot": [-0.16096, -0.14396, -1.0625],
							"rotation": [0, 0, 45],
							"uv": {
								"north": {"uv": [372, 352], "uv_size": [1, 1]},
								"east": {"uv": [352, 252], "uv_size": [3, 1]},
								"south": {"uv": [356, 372], "uv_size": [1, 1]}
							}
						},
						{
							"origin": [0.53596, -0.23771, -0.8125],
							"size": [0.1875, 0.35356, 0.75],
							"pivot": [0.16096, -0.14396, -1.0625],
							"rotation": [0, 0, -45],
							"uv": {
								"north": {"uv": [372, 356], "uv_size": [1, 1]},
								"south": {"uv": [360, 372], "uv_size": [1, 1]},
								"west": {"uv": [352, 256], "uv_size": [3, 1]}
							}
						},
						{
							"origin": [-0.625, -0.3125, -0.8125],
							"size": [1.25, 0.5, 0.75],
							"uv": {
								"north": {"uv": [336, 248], "uv_size": [5, 2]},
								"east": {"uv": [340, 304], "uv_size": [3, 2]},
								"south": {"uv": [336, 252], "uv_size": [5, 2]},
								"west": {"uv": [308, 340], "uv_size": [3, 2]},
								"down": {"uv": [312, 243], "uv_size": [5, -3]}
							}
						},
						{
							"origin": [-0.375, 0.1875, -0.8125],
							"size": [0.75, 0.25, 0.75],
							"uv": {
								"north": {"uv": [352, 260], "uv_size": [3, 1]},
								"south": {"uv": [352, 264], "uv_size": [3, 1]},
								"up": {"uv": [312, 332], "uv_size": [3, 3]}
							}
						}
					]
				},
				{
					"name": "screw",
					"parent": "1_6",
					"pivot": [0, 0.6875, -0.1875],
					"cubes": [
						{
							"origin": [-0.6875, -0.1875, -0.5625],
							"size": [1.4375, 0.25, 0.25],
							"pivot": [0.25, -0.0625, -0.4375],
							"rotation": [45, 0, 0],
							"uv": {
								"north": {"uv": [340, 308], "uv_size": [6, 1]},
								"east": {"uv": [372, 360], "uv_size": [1, 1]},
								"south": {"uv": [312, 340], "uv_size": [6, 1]},
								"west": {"uv": [364, 372], "uv_size": [1, 1]},
								"up": {"uv": [340, 312], "uv_size": [6, 1]},
								"down": {"uv": [320, 341], "uv_size": [6, -1]}
							}
						},
						{
							"origin": [-0.6875, -0.1875, -3.8125],
							"size": [1.4375, 0.25, 0.25],
							"pivot": [0.25, -0.0625, -3.6875],
							"rotation": [45, 0, 0],
							"uv": {
								"north": {"uv": [340, 320], "uv_size": [6, 1]},
								"east": {"uv": [372, 364], "uv_size": [1, 1]},
								"south": {"uv": [340, 324], "uv_size": [6, 1]},
								"west": {"uv": [368, 372], "uv_size": [1, 1]},
								"up": {"uv": [328, 340], "uv_size": [6, 1]},
								"down": {"uv": [340, 329], "uv_size": [6, -1]}
							}
						}
					]
				},
				{
					"name": "octagon5",
					"parent": "screw",
					"pivot": [0, 0.6875, -0.1875],
					"cubes": [
						{
							"origin": [0.75, -0.21783, -0.8125],
							"size": [0.25, 0.31066, 0.75],
							"pivot": [0.5, -0.0625, -0.4375],
							"rotation": [-45, 0, 0],
							"uv": {
								"north": {"uv": [372, 368], "uv_size": [1, 1]},
								"east": {"uv": [268, 352], "uv_size": [3, 1]},
								"south": {"uv": [372, 372], "uv_size": [1, 1]},
								"west": {"uv": [352, 268], "uv_size": [3, 1]}
							}
						},
						{
							"origin": [0.75, -0.21783, -0.8125],
							"size": [0.25, 0.31066, 0.75],
							"uv": {
								"north": {"uv": [376, 212], "uv_size": [1, 1]},
								"east": {"uv": [272, 352], "uv_size": [3, 1]},
								"south": {"uv": [376, 216], "uv_size": [1, 1]},
								"west": {"uv": [352, 272], "uv_size": [3, 1]}
							}
						},
						{
							"origin": [0.75, -0.4375, -0.59283],
							"size": [0.25, 0.75, 0.31066],
							"pivot": [0.5, -0.0625, -0.4375],
							"rotation": [-45, 0, 0],
							"uv": {
								"east": {"uv": [276, 352], "uv_size": [1, 3]},
								"west": {"uv": [352, 276], "uv_size": [1, 3]},
								"up": {"uv": [376, 220], "uv_size": [1, 1]},
								"down": {"uv": [376, 225], "uv_size": [1, -1]}
							}
						},
						{
							"origin": [0.75, -0.4375, -0.59283],
							"size": [0.25, 0.75, 0.31066],
							"uv": {
								"east": {"uv": [280, 352], "uv_size": [1, 3]},
								"west": {"uv": [352, 280], "uv_size": [1, 3]},
								"up": {"uv": [376, 228], "uv_size": [1, 1]},
								"down": {"uv": [376, 233], "uv_size": [1, -1]}
							}
						}
					]
				},
				{
					"name": "octagon4",
					"parent": "screw",
					"pivot": [0, 0.6875, -0.1875],
					"cubes": [
						{
							"origin": [0.75, -0.21783, -4.0625],
							"size": [0.25, 0.31066, 0.75],
							"pivot": [0.5, -0.0625, -3.6875],
							"rotation": [-45, 0, 0],
							"uv": {
								"north": {"uv": [376, 236], "uv_size": [1, 1]},
								"east": {"uv": [284, 352], "uv_size": [3, 1]},
								"south": {"uv": [376, 240], "uv_size": [1, 1]},
								"west": {"uv": [352, 284], "uv_size": [3, 1]}
							}
						},
						{
							"origin": [0.75, -0.21783, -4.0625],
							"size": [0.25, 0.31066, 0.75],
							"uv": {
								"north": {"uv": [376, 244], "uv_size": [1, 1]},
								"east": {"uv": [288, 352], "uv_size": [3, 1]},
								"south": {"uv": [376, 248], "uv_size": [1, 1]},
								"west": {"uv": [352, 288], "uv_size": [3, 1]}
							}
						},
						{
							"origin": [0.75, -0.4375, -3.84283],
							"size": [0.25, 0.75, 0.31066],
							"pivot": [0.5, -0.0625, -3.6875],
							"rotation": [-45, 0, 0],
							"uv": {
								"east": {"uv": [292, 352], "uv_size": [1, 3]},
								"west": {"uv": [352, 292], "uv_size": [1, 3]},
								"up": {"uv": [376, 252], "uv_size": [1, 1]},
								"down": {"uv": [376, 257], "uv_size": [1, -1]}
							}
						},
						{
							"origin": [0.75, -0.4375, -3.84283],
							"size": [0.25, 0.75, 0.31066],
							"uv": {
								"east": {"uv": [296, 352], "uv_size": [1, 3]},
								"west": {"uv": [352, 296], "uv_size": [1, 3]},
								"up": {"uv": [376, 260], "uv_size": [1, 1]},
								"down": {"uv": [376, 265], "uv_size": [1, -1]}
							}
						}
					]
				},
				{
					"name": "hide_when_ads",
					"parent": "1_6",
					"pivot": [0, 5.5, 4.625]
				},
				{
					"name": "octagon3",
					"parent": "hide_when_ads",
					"pivot": [0, 0.6875, -0.1875],
					"cubes": [
						{
							"origin": [-0.33655, 1, -6.0625],
							"size": [0.6731, 0.125, 0.75],
							"pivot": [0, 1.8125, -5.8125],
							"rotation": [0, 0, 45],
							"uv": {
								"north": {"uv": [356, 232], "uv_size": [3, 1]},
								"south": {"uv": [356, 236], "uv_size": [3, 1]},
								"up": {"uv": [336, 256], "uv_size": [3, 3]},
								"down": {"uv": [336, 263], "uv_size": [3, -3]}
							}
						},
						{
							"origin": [-0.375, 0.5625, -6.0625],
							"size": [0.75, 0.5625, 0.75],
							"uv": {
								"north": {"uv": [340, 332], "uv_size": [3, 2]},
								"east": {"uv": [336, 340], "uv_size": [3, 2]},
								"south": {"uv": [340, 336], "uv_size": [3, 2]},
								"west": {"uv": [340, 340], "uv_size": [3, 2]},
								"up": {"uv": [336, 264], "uv_size": [3, 3]}
							}
						},
						{
							"origin": [-0.33655, 2.5, -6.0625],
							"size": [0.6731, 0.125, 0.75],
							"pivot": [0, 1.8125, -5.8125],
							"rotation": [0, 0, 45],
							"uv": {
								"north": {"uv": [356, 240], "uv_size": [3, 1]},
								"south": {"uv": [356, 244], "uv_size": [3, 1]},
								"up": {"uv": [336, 268], "uv_size": [3, 3]},
								"down": {"uv": [336, 275], "uv_size": [3, -3]}
							}
						},
						{
							"origin": [-0.33655, 2.5, -6.0625],
							"size": [0.6731, 0.125, 0.75],
							"uv": {
								"north": {"uv": [356, 248], "uv_size": [3, 1]},
								"south": {"uv": [356, 252], "uv_size": [3, 1]},
								"up": {"uv": [336, 276], "uv_size": [3, 3]},
								"down": {"uv": [280, 339], "uv_size": [3, -3]}
							}
						},
						{
							"origin": [0.6875, 1.47595, -6.0625],
							"size": [0.125, 0.6731, 0.75],
							"pivot": [0, 1.8125, -5.8125],
							"rotation": [0, 0, 45],
							"uv": {
								"north": {"uv": [356, 256], "uv_size": [1, 3]},
								"east": {"uv": [336, 280], "uv_size": [3, 3]},
								"south": {"uv": [356, 260], "uv_size": [1, 3]},
								"west": {"uv": [284, 336], "uv_size": [3, 3]}
							}
						},
						{
							"origin": [-0.8125, 1.47595, -6.0625],
							"size": [0.125, 0.6731, 0.75],
							"uv": {
								"north": {"uv": [356, 264], "uv_size": [1, 3]},
								"east": {"uv": [336, 284], "uv_size": [3, 3]},
								"south": {"uv": [268, 356], "uv_size": [1, 3]},
								"west": {"uv": [288, 336], "uv_size": [3, 3]}
							}
						},
						{
							"origin": [-0.8125, 1.47595, -6.0625],
							"size": [0.125, 0.6731, 0.75],
							"pivot": [0, 1.8125, -5.8125],
							"rotation": [0, 0, 45],
							"uv": {
								"north": {"uv": [356, 268], "uv_size": [1, 3]},
								"east": {"uv": [336, 288], "uv_size": [3, 3]},
								"south": {"uv": [272, 356], "uv_size": [1, 3]},
								"west": {"uv": [336, 292], "uv_size": [3, 3]}
							}
						},
						{
							"origin": [0.6875, 1.47595, -6.0625],
							"size": [0.25, 0.3125, 0.75],
							"uv": {
								"north": {"uv": [332, 376], "uv_size": [1, 1]},
								"east": {"uv": [356, 272], "uv_size": [3, 1]},
								"south": {"uv": [376, 332], "uv_size": [1, 1]},
								"west": {"uv": [276, 356], "uv_size": [3, 1]},
								"up": {"uv": [356, 276], "uv_size": [1, 3]},
								"down": {"uv": [280, 359], "uv_size": [1, -3]}
							}
						},
						{
							"origin": [0.6875, 1.83655, -6.0625],
							"size": [0.25, 0.3125, 0.75],
							"uv": {
								"north": {"uv": [336, 376], "uv_size": [1, 1]},
								"east": {"uv": [356, 280], "uv_size": [3, 1]},
								"south": {"uv": [376, 336], "uv_size": [1, 1]},
								"west": {"uv": [284, 356], "uv_size": [3, 1]},
								"up": {"uv": [356, 284], "uv_size": [1, 3]},
								"down": {"uv": [288, 359], "uv_size": [1, -3]}
							}
						}
					]
				},
				{
					"name": "octagon2",
					"parent": "hide_when_ads",
					"pivot": [0, 0.6875, -0.1875],
					"cubes": [
						{
							"origin": [-0.33655, 1, -2.3125],
							"size": [0.6731, 0.125, 0.75],
							"pivot": [0, 1.8125, -2.0625],
							"rotation": [0, 0, 45],
							"uv": {
								"north": {"uv": [356, 288], "uv_size": [3, 1]},
								"south": {"uv": [292, 356], "uv_size": [3, 1]},
								"up": {"uv": [296, 336], "uv_size": [3, 3]},
								"down": {"uv": [336, 299], "uv_size": [3, -3]}
							}
						},
						{
							"origin": [-0.375, 0.5625, -2.3125],
							"size": [0.75, 0.5625, 0.75],
							"uv": {
								"north": {"uv": [344, 216], "uv_size": [3, 2]},
								"east": {"uv": [344, 220], "uv_size": [3, 2]},
								"south": {"uv": [344, 236], "uv_size": [3, 2]},
								"west": {"uv": [344, 240], "uv_size": [3, 2]},
								"up": {"uv": [300, 336], "uv_size": [3, 3]}
							}
						},
						{
							"origin": [-0.33655, 2.5, -2.3125],
							"size": [0.6731, 0.125, 0.75],
							"pivot": [0, 1.8125, -2.0625],
							"rotation": [0, 0, 45],
							"uv": {
								"north": {"uv": [356, 292], "uv_size": [3, 1]},
								"south": {"uv": [296, 356], "uv_size": [3, 1]},
								"up": {"uv": [336, 300], "uv_size": [3, 3]},
								"down": {"uv": [304, 339], "uv_size": [3, -3]}
							}
						},
						{
							"origin": [-0.33655, 2.5, -2.3125],
							"size": [0.6731, 0.125, 0.75],
							"uv": {
								"north": {"uv": [356, 296], "uv_size": [3, 1]},
								"south": {"uv": [300, 356], "uv_size": [3, 1]},
								"up": {"uv": [336, 304], "uv_size": [3, 3]},
								"down": {"uv": [308, 339], "uv_size": [3, -3]}
							}
						},
						{
							"origin": [0.6875, 1.47595, -2.3125],
							"size": [0.125, 0.6731, 0.75],
							"pivot": [0, 1.8125, -2.0625],
							"rotation": [0, 0, 45],
							"uv": {
								"north": {"uv": [356, 300], "uv_size": [1, 3]},
								"east": {"uv": [336, 308], "uv_size": [3, 3]},
								"south": {"uv": [304, 356], "uv_size": [1, 3]},
								"west": {"uv": [312, 336], "uv_size": [3, 3]}
							}
						},
						{
							"origin": [-0.8125, 1.47595, -2.3125],
							"size": [0.125, 0.6731, 0.75],
							"uv": {
								"north": {"uv": [356, 304], "uv_size": [1, 3]},
								"east": {"uv": [316, 336], "uv_size": [3, 3]},
								"south": {"uv": [308, 356], "uv_size": [1, 3]},
								"west": {"uv": [320, 336], "uv_size": [3, 3]}
							}
						},
						{
							"origin": [0.6875, 1.83655, -2.3125],
							"size": [0.25, 0.3125, 0.75],
							"uv": {
								"north": {"uv": [340, 376], "uv_size": [1, 1]},
								"east": {"uv": [356, 308], "uv_size": [3, 1]},
								"south": {"uv": [376, 340], "uv_size": [1, 1]},
								"west": {"uv": [312, 356], "uv_size": [3, 1]},
								"up": {"uv": [356, 312], "uv_size": [1, 3]},
								"down": {"uv": [316, 359], "uv_size": [1, -3]}
							}
						},
						{
							"origin": [-0.8125, 1.47595, -2.3125],
							"size": [0.125, 0.6731, 0.75],
							"pivot": [0, 1.8125, -2.0625],
							"rotation": [0, 0, 45],
							"uv": {
								"north": {"uv": [356, 316], "uv_size": [1, 3]},
								"east": {"uv": [336, 320], "uv_size": [3, 3]},
								"south": {"uv": [320, 356], "uv_size": [1, 3]},
								"west": {"uv": [324, 336], "uv_size": [3, 3]}
							}
						},
						{
							"origin": [0.6875, 1.47595, -2.3125],
							"size": [0.25, 0.3125, 0.75],
							"uv": {
								"north": {"uv": [344, 376], "uv_size": [1, 1]},
								"east": {"uv": [356, 320], "uv_size": [3, 1]},
								"south": {"uv": [376, 344], "uv_size": [1, 1]},
								"west": {"uv": [324, 356], "uv_size": [3, 1]},
								"up": {"uv": [356, 324], "uv_size": [1, 3]},
								"down": {"uv": [328, 359], "uv_size": [1, -3]}
							}
						}
					]
				},
				{
					"name": "lens",
					"parent": "hide_when_ads",
					"pivot": [0.5, 0.375, -6.6875]
				},
				{
					"name": "scope",
					"parent": "scope_body",
					"pivot": [0, 1.85938, -4.5],
					"cubes": [
						{
							"origin": [-0.13924, 2.43438, -8.25],
							"size": [0.27848, 0.125, 7.5],
							"pivot": [0, 1.85938, -4.5],
							"rotation": [0, 0, 180],
							"uv": {
								"north": {"uv": [19, 32], "uv_size": [1, 1]},
								"east": {"uv": [0, 0], "uv_size": [8, 1]},
								"south": {"uv": [32, 19], "uv_size": [1, 1]},
								"west": {"uv": [0, 1], "uv_size": [8, 1]},
								"up": {"uv": [0, 2], "uv_size": [1, 8]},
								"down": {"uv": [1, 10], "uv_size": [1, -8]}
							}
						},
						{
							"origin": [0.51198, 2.36608, 1.23802],
							"size": [0.1875, 0.25, 1.875],
							"pivot": [0.60573, 2.49108, 2.23802],
							"rotation": [0, 5, 45],
							"uv": {
								"north": {"uv": [32, 20], "uv_size": [1, 1]},
								"east": {"uv": [14, 26], "uv_size": [2, 1]},
								"south": {"uv": [32, 21], "uv_size": [1, 1]},
								"west": {"uv": [26, 14], "uv_size": [2, 1]},
								"up": {"uv": [26, 15], "uv_size": [1, 2]},
								"down": {"uv": [16, 28], "uv_size": [1, -2]}
							}
						},
						{
							"origin": [0.70762, 2.08518, 1.23802],
							"size": [0.1875, 0.25, 1.875],
							"pivot": [0.80137, 2.21119, 2.23802],
							"rotation": [0, 5, 67.5],
							"uv": {
								"north": {"uv": [22, 32], "uv_size": [1, 1]},
								"east": {"uv": [17, 26], "uv_size": [2, 1]},
								"south": {"uv": [32, 22], "uv_size": [1, 1]},
								"west": {"uv": [26, 17], "uv_size": [2, 1]},
								"up": {"uv": [26, 18], "uv_size": [1, 2]},
								"down": {"uv": [19, 28], "uv_size": [1, -2]}
							}
						},
						{
							"origin": [0.78125, 1.75178, 1.23802],
							"size": [0.1875, 0.25, 1.875],
							"pivot": [0.875, 1.87774, 2.23802],
							"rotation": [0, 5, 90],
							"uv": {
								"north": {"uv": [32, 23], "uv_size": [1, 1]},
								"east": {"uv": [20, 26], "uv_size": [2, 1]},
								"south": {"uv": [32, 24], "uv_size": [1, 1]},
								"west": {"uv": [26, 20], "uv_size": [2, 1]},
								"up": {"uv": [26, 21], "uv_size": [1, 2]},
								"down": {"uv": [22, 28], "uv_size": [1, -2]}
							}
						},
						{
							"origin": [0.22413, 2.54878, 1.23802],
							"size": [0.1875, 0.25, 1.875],
							"pivot": [0.31788, 2.6748, 2.23802],
							"rotation": [0, 5, 22.5],
							"uv": {
								"north": {"uv": [25, 32], "uv_size": [1, 1]},
								"east": {"uv": [23, 26], "uv_size": [2, 1]},
								"south": {"uv": [32, 25], "uv_size": [1, 1]},
								"west": {"uv": [26, 23], "uv_size": [2, 1]},
								"up": {"uv": [25, 26], "uv_size": [1, 2]},
								"down": {"uv": [26, 28], "uv_size": [1, -2]}
							}
						},
						{
							"origin": [0.72016, 1.4165, 1.27272],
							"size": [0.1875, 0.25, 1.875],
							"pivot": [0.41736, 1.26322, 2.23802],
							"rotation": [0, 5, 180],
							"uv": {
								"north": {"uv": [32, 26], "uv_size": [1, 1]},
								"east": {"uv": [0, 27], "uv_size": [2, 1]},
								"south": {"uv": [32, 27], "uv_size": [1, 1]},
								"west": {"uv": [2, 27], "uv_size": [2, 1]},
								"up": {"uv": [4, 27], "uv_size": [1, 2]},
								"down": {"uv": [5, 29], "uv_size": [1, -2]}
							}
						},
						{
							"origin": [0.46146, 1.30244, 1.25008],
							"size": [0.1875, 0.25, 1.875],
							"pivot": [0.41736, 1.26322, 2.23802],
							"rotation": [0, 5, 157.5],
							"uv": {
								"north": {"uv": [28, 32], "uv_size": [1, 1]},
								"east": {"uv": [6, 27], "uv_size": [2, 1]},
								"south": {"uv": [32, 28], "uv_size": [1, 1]},
								"west": {"uv": [8, 27], "uv_size": [2, 1]},
								"up": {"uv": [10, 27], "uv_size": [1, 2]},
								"down": {"uv": [27, 12], "uv_size": [1, -2]}
							}
						},
						{
							"origin": [0.17899, 1.29548, 1.22537],
							"size": [0.1875, 0.25, 1.875],
							"pivot": [0.41736, 1.26322, 2.23802],
							"rotation": [0, 5, 135],
							"uv": {
								"north": {"uv": [29, 32], "uv_size": [1, 1]},
								"east": {"uv": [27, 12], "uv_size": [2, 1]},
								"south": {"uv": [32, 29], "uv_size": [1, 1]},
								"west": {"uv": [27, 13], "uv_size": [2, 1]},
								"up": {"uv": [11, 27], "uv_size": [1, 2]},
								"down": {"uv": [14, 29], "uv_size": [1, -2]}
							}
						},
						{
							"origin": [-0.08425, 1.39848, 1.20234],
							"size": [0.1875, 0.25, 1.875],
							"pivot": [0.41736, 1.26322, 2.23802],
							"rotation": [0, 5, 112.5],
							"uv": {
								"north": {"uv": [30, 32], "uv_size": [1, 1]},
								"east": {"uv": [27, 15], "uv_size": [2, 1]},
								"south": {"uv": [32, 30], "uv_size": [1, 1]},
								"west": {"uv": [27, 16], "uv_size": [2, 1]},
								"up": {"uv": [15, 27], "uv_size": [1, 2]},
								"down": {"uv": [17, 29], "uv_size": [1, -2]}
							}
						},
						{
							"origin": [-0.11374, 2.60838, 1.27527],
							"size": [0.1875, 0.25, 1.875],
							"pivot": [-0.44573, 1.88993, 2.23802],
							"rotation": [0, 5, 0],
							"uv": {
								"north": {"uv": [31, 32], "uv_size": [1, 1]},
								"east": {"uv": [27, 18], "uv_size": [2, 1]},
								"south": {"uv": [32, 31], "uv_size": [1, 1]},
								"west": {"uv": [27, 19], "uv_size": [2, 1]},
								"up": {"uv": [18, 27], "uv_size": [1, 2]},
								"down": {"uv": [20, 29], "uv_size": [1, -2]}
							}
						},
						{
							"origin": [-0.15882, 2.44101, 1.27133],
							"size": [0.1875, 0.25, 1.875],
							"pivot": [-0.44573, 1.88993, 2.23802],
							"rotation": [0, 5, -22.5],
							"uv": {
								"north": {"uv": [32, 32], "uv_size": [1, 1]},
								"east": {"uv": [27, 21], "uv_size": [2, 1]},
								"south": {"uv": [0, 33], "uv_size": [1, 1]},
								"west": {"uv": [27, 22], "uv_size": [2, 1]},
								"up": {"uv": [21, 27], "uv_size": [1, 2]},
								"down": {"uv": [23, 29], "uv_size": [1, -2]}
							}
						},
						{
							"origin": [-0.26463, 2.30181, 1.26207],
							"size": [0.1875, 0.25, 1.875],
							"pivot": [-0.44573, 1.88993, 2.23802],
							"rotation": [0, 5, -45],
							"uv": {
								"north": {"uv": [33, 0], "uv_size": [1, 1]},
								"east": {"uv": [27, 24], "uv_size": [2, 1]},
								"south": {"uv": [1, 33], "uv_size": [1, 1]},
								"west": {"uv": [27, 25], "uv_size": [2, 1]},
								"up": {"uv": [24, 27], "uv_size": [1, 2]},
								"down": {"uv": [27, 28], "uv_size": [1, -2]}
							}
						},
						{
							"origin": [-0.41508, 2.21477, 1.24891],
							"size": [0.1875, 0.25, 1.875],
							"pivot": [-0.44573, 1.88993, 2.23802],
							"rotation": [0, 5, -67.5],
							"uv": {
								"north": {"uv": [33, 1], "uv_size": [1, 1]},
								"east": {"uv": [0, 28], "uv_size": [2, 1]},
								"south": {"uv": [2, 33], "uv_size": [1, 1]},
								"west": {"uv": [2, 28], "uv_size": [2, 1]},
								"up": {"uv": [6, 28], "uv_size": [1, 2]},
								"down": {"uv": [7, 30], "uv_size": [1, -2]}
							}
						},
						{
							"origin": [-0.58763, 2.19229, 1.23381],
							"size": [0.1875, 0.25, 1.875],
							"pivot": [-0.44573, 1.88993, 2.23802],
							"rotation": [0, 5, -90],
							"uv": {
								"north": {"uv": [33, 2], "uv_size": [1, 1]},
								"east": {"uv": [8, 28], "uv_size": [2, 1]},
								"south": {"uv": [3, 33], "uv_size": [1, 1]},
								"west": {"uv": [28, 10], "uv_size": [2, 1]},
								"up": {"uv": [12, 28], "uv_size": [1, 2]},
								"down": {"uv": [13, 30], "uv_size": [1, -2]}
							}
						},
						{
							"origin": [-0.75564, 2.23771, 1.21911],
							"size": [0.1875, 0.25, 1.875],
							"pivot": [-0.44573, 1.88993, 2.23802],
							"rotation": [0, 5, -112.5],
							"uv": {
								"north": {"uv": [33, 3], "uv_size": [1, 1]},
								"east": {"uv": [28, 11], "uv_size": [2, 1]},
								"south": {"uv": [4, 33], "uv_size": [1, 1]},
								"west": {"uv": [28, 14], "uv_size": [2, 1]},
								"up": {"uv": [16, 28], "uv_size": [1, 2]},
								"down": {"uv": [19, 30], "uv_size": [1, -2]}
							}
						},
						{
							"origin": [-0.89353, 2.34528, 1.20705],
							"size": [0.1875, 0.25, 1.875],
							"pivot": [-0.44573, 1.88993, 2.23802],
							"rotation": [0, 5, -135],
							"uv": {
								"north": {"uv": [33, 4], "uv_size": [1, 1]},
								"east": {"uv": [28, 17], "uv_size": [2, 1]},
								"south": {"uv": [5, 33], "uv_size": [1, 1]},
								"west": {"uv": [28, 20], "uv_size": [2, 1]},
								"up": {"uv": [22, 28], "uv_size": [1, 2]},
								"down": {"uv": [25, 30], "uv_size": [1, -2]}
							}
						},
						{
							"origin": [-0.9803, 2.49566, 1.19946],
							"size": [0.1875, 0.25, 1.875],
							"pivot": [-0.44573, 1.88993, 2.23802],
							"rotation": [0, 5, -157.5],
							"uv": {
								"north": {"uv": [33, 5], "uv_size": [1, 1]},
								"east": {"uv": [28, 23], "uv_size": [2, 1]},
								"south": {"uv": [6, 33], "uv_size": [1, 1]},
								"west": {"uv": [26, 28], "uv_size": [2, 1]},
								"up": {"uv": [28, 26], "uv_size": [1, 2]},
								"down": {"uv": [28, 30], "uv_size": [1, -2]}
							}
						},
						{
							"origin": [-1, 1.66047, -0.25],
							"size": [2, 0.39782, 1.5],
							"pivot": [0, 1.85938, 2.75],
							"rotation": [0, 0, 22.5],
							"uv": {
								"north": {"uv": [0, 29], "uv_size": [2, 1]},
								"east": {"uv": [29, 0], "uv_size": [2, 1]},
								"south": {"uv": [29, 1], "uv_size": [2, 1]},
								"west": {"uv": [2, 29], "uv_size": [2, 1]},
								"up": {"uv": [20, 4], "uv_size": [2, 2]},
								"down": {"uv": [20, 12], "uv_size": [2, -2]}
							}
						},
						{
							"origin": [-1, 1.66047, -0.25],
							"size": [2, 0.39782, 1.5],
							"uv": {
								"north": {"uv": [29, 2], "uv_size": [2, 1]},
								"east": {"uv": [29, 3], "uv_size": [2, 1]},
								"south": {"uv": [4, 29], "uv_size": [2, 1]},
								"west": {"uv": [29, 4], "uv_size": [2, 1]},
								"up": {"uv": [12, 20], "uv_size": [2, 2]},
								"down": {"uv": [18, 22], "uv_size": [2, -2]}
							}
						},
						{
							"origin": [-1, 1.66047, -0.25],
							"size": [2, 0.39782, 1.5],
							"pivot": [0, 1.85938, 2.75],
							"rotation": [0, 0, -22.5],
							"uv": {
								"north": {"uv": [29, 5], "uv_size": [2, 1]},
								"east": {"uv": [29, 6], "uv_size": [2, 1]},
								"south": {"uv": [29, 7], "uv_size": [2, 1]},
								"west": {"uv": [8, 29], "uv_size": [2, 1]},
								"up": {"uv": [20, 18], "uv_size": [2, 2]},
								"down": {"uv": [20, 22], "uv_size": [2, -2]}
							}
						},
						{
							"origin": [-0.19891, 0.85938, -0.25],
							"size": [0.39782, 2, 1.5],
							"pivot": [0, 1.85938, 2.75],
							"rotation": [0, 0, 45],
							"uv": {
								"north": {"uv": [29, 8], "uv_size": [1, 2]},
								"east": {"uv": [2, 22], "uv_size": [2, 2]},
								"south": {"uv": [10, 29], "uv_size": [1, 2]},
								"west": {"uv": [4, 22], "uv_size": [2, 2]},
								"up": {"uv": [11, 29], "uv_size": [1, 2]},
								"down": {"uv": [29, 14], "uv_size": [1, -2]}
							}
						},
						{
							"origin": [-0.19891, 0.85938, -0.25],
							"size": [0.39782, 2, 1.5],
							"pivot": [0, 1.85938, 2.75],
							"rotation": [0, 0, 22.5],
							"uv": {
								"north": {"uv": [14, 29], "uv_size": [1, 2]},
								"east": {"uv": [22, 4], "uv_size": [2, 2]},
								"south": {"uv": [15, 29], "uv_size": [1, 2]},
								"west": {"uv": [22, 6], "uv_size": [2, 2]},
								"up": {"uv": [29, 15], "uv_size": [1, 2]},
								"down": {"uv": [17, 31], "uv_size": [1, -2]}
							}
						},
						{
							"origin": [-0.19891, 0.85938, -0.25],
							"size": [0.39782, 2, 1.5],
							"uv": {
								"north": {"uv": [18, 29], "uv_size": [1, 2]},
								"east": {"uv": [22, 10], "uv_size": [2, 2]},
								"south": {"uv": [29, 18], "uv_size": [1, 2]},
								"west": {"uv": [12, 22], "uv_size": [2, 2]},
								"up": {"uv": [20, 29], "uv_size": [1, 2]},
								"down": {"uv": [21, 31], "uv_size": [1, -2]}
							}
						},
						{
							"origin": [-0.19891, 0.85938, -0.25],
							"size": [0.39782, 2, 1.5],
							"pivot": [0, 1.85938, 2.75],
							"rotation": [0, 0, -22.5],
							"uv": {
								"north": {"uv": [26, 10], "uv_size": [1, 2]},
								"east": {"uv": [18, 18], "uv_size": [2, 2]},
								"south": {"uv": [12, 26], "uv_size": [1, 2]},
								"west": {"uv": [2, 20], "uv_size": [2, 2]},
								"up": {"uv": [26, 12], "uv_size": [1, 2]},
								"down": {"uv": [13, 28], "uv_size": [1, -2]}
							}
						},
						{
							"origin": [-0.19891, 0.85938, -0.25],
							"size": [0.39782, 2, 1.5],
							"pivot": [0, 1.85938, 2.75],
							"rotation": [0, 0, -45],
							"uv": {
								"north": {"uv": [29, 21], "uv_size": [1, 2]},
								"east": {"uv": [22, 12], "uv_size": [2, 2]},
								"south": {"uv": [23, 29], "uv_size": [1, 2]},
								"west": {"uv": [14, 22], "uv_size": [2, 2]},
								"up": {"uv": [24, 29], "uv_size": [1, 2]},
								"down": {"uv": [29, 26], "uv_size": [1, -2]}
							}
						},
						{
							"origin": [-0.19891, 0.85938, 3],
							"size": [0.39782, 2, 0.25],
							"pivot": [0, 1.85938, 4.75],
							"rotation": [0, 0, -45],
							"uv": {
								"north": {"uv": [26, 29], "uv_size": [1, 2]},
								"east": {"uv": [29, 26], "uv_size": [1, 2]},
								"south": {"uv": [27, 29], "uv_size": [1, 2]},
								"west": {"uv": [29, 28], "uv_size": [1, 2]},
								"up": {"uv": [33, 6], "uv_size": [1, 1]},
								"down": {"uv": [7, 34], "uv_size": [1, -1]}
							}
						},
						{
							"origin": [-0.19891, 0.85938, 3],
							"size": [0.39782, 2, 0.25],
							"pivot": [0, 1.85938, 4.75],
							"rotation": [0, 0, -22.5],
							"uv": {
								"north": {"uv": [0, 30], "uv_size": [1, 2]},
								"east": {"uv": [1, 30], "uv_size": [1, 2]},
								"south": {"uv": [2, 30], "uv_size": [1, 2]},
								"west": {"uv": [3, 30], "uv_size": [1, 2]},
								"up": {"uv": [33, 7], "uv_size": [1, 1]},
								"down": {"uv": [8, 34], "uv_size": [1, -1]}
							}
						},
						{
							"origin": [-0.19891, 0.85938, 3],
							"size": [0.39782, 2, 0.25],
							"uv": {
								"north": {"uv": [4, 30], "uv_size": [1, 2]},
								"east": {"uv": [5, 30], "uv_size": [1, 2]},
								"south": {"uv": [6, 30], "uv_size": [1, 2]},
								"west": {"uv": [7, 30], "uv_size": [1, 2]},
								"up": {"uv": [9, 33], "uv_size": [1, 1]},
								"down": {"uv": [33, 10], "uv_size": [1, -1]}
							}
						},
						{
							"origin": [-0.19891, 0.85938, 3],
							"size": [0.39782, 2, 0.25],
							"pivot": [0, 1.85938, 4.75],
							"rotation": [0, 0, 22.5],
							"uv": {
								"north": {"uv": [8, 30], "uv_size": [1, 2]},
								"east": {"uv": [30, 8], "uv_size": [1, 2]},
								"south": {"uv": [9, 30], "uv_size": [1, 2]},
								"west": {"uv": [30, 10], "uv_size": [1, 2]},
								"up": {"uv": [10, 33], "uv_size": [1, 1]},
								"down": {"uv": [33, 11], "uv_size": [1, -1]}
							}
						},
						{
							"origin": [-0.19891, 0.85938, 3],
							"size": [0.39782, 2, 0.25],
							"pivot": [0, 1.85938, 4.75],
							"rotation": [0, 0, 45],
							"uv": {
								"north": {"uv": [12, 30], "uv_size": [1, 2]},
								"east": {"uv": [30, 12], "uv_size": [1, 2]},
								"south": {"uv": [13, 30], "uv_size": [1, 2]},
								"west": {"uv": [30, 14], "uv_size": [1, 2]},
								"up": {"uv": [11, 33], "uv_size": [1, 1]},
								"down": {"uv": [33, 12], "uv_size": [1, -1]}
							}
						},
						{
							"origin": [-1, 1.66047, 3],
							"size": [2, 0.39782, 0.25],
							"pivot": [0, 1.85938, 4.75],
							"rotation": [0, 0, -22.5],
							"uv": {
								"north": {"uv": [30, 16], "uv_size": [2, 1]},
								"east": {"uv": [33, 12], "uv_size": [1, 1]},
								"south": {"uv": [30, 17], "uv_size": [2, 1]},
								"west": {"uv": [33, 13], "uv_size": [1, 1]},
								"up": {"uv": [30, 18], "uv_size": [2, 1]},
								"down": {"uv": [30, 20], "uv_size": [2, -1]}
							}
						},
						{
							"origin": [-1, 1.66047, 3],
							"size": [2, 0.39782, 0.25],
							"uv": {
								"north": {"uv": [30, 20], "uv_size": [2, 1]},
								"east": {"uv": [14, 33], "uv_size": [1, 1]},
								"south": {"uv": [30, 21], "uv_size": [2, 1]},
								"west": {"uv": [33, 14], "uv_size": [1, 1]},
								"up": {"uv": [30, 22], "uv_size": [2, 1]},
								"down": {"uv": [30, 24], "uv_size": [2, -1]}
							}
						},
						{
							"origin": [-1, 1.66047, 3],
							"size": [2, 0.39782, 0.25],
							"pivot": [0, 1.85938, 4.75],
							"rotation": [0, 0, 22.5],
							"uv": {
								"north": {"uv": [30, 24], "uv_size": [2, 1]},
								"east": {"uv": [15, 33], "uv_size": [1, 1]},
								"south": {"uv": [30, 25], "uv_size": [2, 1]},
								"west": {"uv": [33, 15], "uv_size": [1, 1]},
								"up": {"uv": [30, 26], "uv_size": [2, 1]},
								"down": {"uv": [30, 28], "uv_size": [2, -1]}
							}
						},
						{
							"origin": [-0.9, 1.68036, 1.25],
							"size": [1.8, 0.35804, 2.25],
							"pivot": [0, 1.85938, 3.375],
							"rotation": [0, 0, 22.5],
							"uv": {
								"north": {"uv": [28, 30], "uv_size": [2, 1]},
								"east": {"uv": [30, 28], "uv_size": [2, 1]},
								"south": {"uv": [30, 29], "uv_size": [2, 1]},
								"west": {"uv": [30, 30], "uv_size": [2, 1]},
								"up": {"uv": [18, 22], "uv_size": [2, 2]},
								"down": {"uv": [22, 20], "uv_size": [2, -2]}
							}
						},
						{
							"origin": [-0.9, 1.68036, 1.25],
							"size": [1.8, 0.35804, 2.25],
							"uv": {
								"north": {"uv": [31, 0], "uv_size": [2, 1]},
								"east": {"uv": [31, 1], "uv_size": [2, 1]},
								"south": {"uv": [31, 2], "uv_size": [2, 1]},
								"west": {"uv": [31, 3], "uv_size": [2, 1]},
								"up": {"uv": [20, 22], "uv_size": [2, 2]},
								"down": {"uv": [22, 22], "uv_size": [2, -2]}
							}
						},
						{
							"origin": [-0.9, 1.68036, 1.25],
							"size": [1.8, 0.35804, 2.25],
							"pivot": [0, 1.85938, 3.375],
							"rotation": [0, 0, -22.5],
							"uv": {
								"north": {"uv": [31, 4], "uv_size": [2, 1]},
								"east": {"uv": [31, 5], "uv_size": [2, 1]},
								"south": {"uv": [31, 6], "uv_size": [2, 1]},
								"west": {"uv": [31, 7], "uv_size": [2, 1]},
								"up": {"uv": [22, 22], "uv_size": [2, 2]},
								"down": {"uv": [24, 2], "uv_size": [2, -2]}
							}
						},
						{
							"origin": [-0.17902, 0.95938, 1.25],
							"size": [0.35804, 1.8, 2.25],
							"pivot": [0, 1.85938, 3.375],
							"rotation": [0, 0, 45],
							"uv": {
								"north": {"uv": [16, 30], "uv_size": [1, 2]},
								"east": {"uv": [2, 24], "uv_size": [2, 2]},
								"south": {"uv": [19, 30], "uv_size": [1, 2]},
								"west": {"uv": [4, 24], "uv_size": [2, 2]},
								"up": {"uv": [22, 30], "uv_size": [1, 2]},
								"down": {"uv": [25, 32], "uv_size": [1, -2]}
							}
						},
						{
							"origin": [-0.17902, 0.95938, 1.25],
							"size": [0.35804, 1.8, 2.25],
							"pivot": [0, 1.85938, 3.375],
							"rotation": [0, 0, 22.5],
							"uv": {
								"north": {"uv": [31, 8], "uv_size": [1, 2]},
								"east": {"uv": [24, 4], "uv_size": [2, 2]},
								"south": {"uv": [10, 31], "uv_size": [1, 2]},
								"west": {"uv": [6, 24], "uv_size": [2, 2]},
								"up": {"uv": [31, 10], "uv_size": [1, 2]},
								"down": {"uv": [11, 33], "uv_size": [1, -2]}
							}
						},
						{
							"origin": [-0.17902, 0.95938, 1.25],
							"size": [0.35804, 1.8, 2.25],
							"uv": {
								"north": {"uv": [31, 12], "uv_size": [1, 2]},
								"east": {"uv": [24, 6], "uv_size": [2, 2]},
								"south": {"uv": [14, 31], "uv_size": [1, 2]},
								"west": {"uv": [8, 24], "uv_size": [2, 2]},
								"up": {"uv": [31, 14], "uv_size": [1, 2]},
								"down": {"uv": [15, 33], "uv_size": [1, -2]}
							}
						},
						{
							"origin": [-0.17902, 0.95938, 1.25],
							"size": [0.35804, 1.8, 2.25],
							"pivot": [0, 1.85938, 3.375],
							"rotation": [0, 0, -22.5],
							"uv": {
								"north": {"uv": [17, 31], "uv_size": [1, 2]},
								"east": {"uv": [24, 10], "uv_size": [2, 2]},
								"south": {"uv": [18, 31], "uv_size": [1, 2]},
								"west": {"uv": [12, 24], "uv_size": [2, 2]},
								"up": {"uv": [20, 31], "uv_size": [1, 2]},
								"down": {"uv": [21, 33], "uv_size": [1, -2]}
							}
						},
						{
							"origin": [-0.17902, 0.95938, 1.25],
							"size": [0.35804, 1.8, 2.25],
							"pivot": [0, 1.85938, 3.375],
							"rotation": [0, 0, -45],
							"uv": {
								"north": {"uv": [23, 31], "uv_size": [1, 2]},
								"east": {"uv": [24, 12], "uv_size": [2, 2]},
								"south": {"uv": [24, 31], "uv_size": [1, 2]},
								"west": {"uv": [14, 24], "uv_size": [2, 2]},
								"up": {"uv": [26, 31], "uv_size": [1, 2]},
								"down": {"uv": [27, 33], "uv_size": [1, -2]}
							}
						},
						{
							"origin": [-0.7, 1.72014, -8.25],
							"size": [0.125, 0.27848, 7.5],
							"pivot": [0, 1.85938, -4.5],
							"rotation": [0, 0, 22.5],
							"uv": {
								"north": {"uv": [33, 16], "uv_size": [1, 1]},
								"east": {"uv": [2, 2], "uv_size": [8, 1]},
								"south": {"uv": [17, 33], "uv_size": [1, 1]},
								"west": {"uv": [2, 3], "uv_size": [8, 1]},
								"up": {"uv": [2, 4], "uv_size": [1, 8]},
								"down": {"uv": [3, 12], "uv_size": [1, -8]}
							}
						},
						{
							"origin": [-0.7, 1.72014, -8.25],
							"size": [0.125, 0.27848, 7.5],
							"uv": {
								"north": {"uv": [33, 17], "uv_size": [1, 1]},
								"east": {"uv": [4, 4], "uv_size": [8, 1]},
								"south": {"uv": [18, 33], "uv_size": [1, 1]},
								"west": {"uv": [4, 5], "uv_size": [8, 1]},
								"up": {"uv": [4, 6], "uv_size": [1, 8]},
								"down": {"uv": [5, 14], "uv_size": [1, -8]}
							}
						},
						{
							"origin": [-0.7, 1.72014, -8.25],
							"size": [0.125, 0.27848, 7.5],
							"pivot": [0, 1.85938, -4.5],
							"rotation": [0, 0, -22.5],
							"uv": {
								"north": {"uv": [33, 18], "uv_size": [1, 1]},
								"east": {"uv": [6, 6], "uv_size": [8, 1]},
								"south": {"uv": [19, 33], "uv_size": [1, 1]},
								"west": {"uv": [6, 7], "uv_size": [8, 1]},
								"up": {"uv": [6, 8], "uv_size": [1, 8]},
								"down": {"uv": [7, 16], "uv_size": [1, -8]}
							}
						},
						{
							"origin": [-0.13924, 1.15938, -8.25],
							"size": [0.27848, 0.125, 7.5],
							"pivot": [0, 1.85938, -4.5],
							"rotation": [0, 0, 45],
							"uv": {
								"north": {"uv": [33, 19], "uv_size": [1, 1]},
								"east": {"uv": [8, 0], "uv_size": [8, 1]},
								"south": {"uv": [20, 33], "uv_size": [1, 1]},
								"west": {"uv": [8, 1], "uv_size": [8, 1]},
								"up": {"uv": [8, 8], "uv_size": [1, 8]},
								"down": {"uv": [9, 16], "uv_size": [1, -8]}
							}
						},
						{
							"origin": [-0.13924, 1.15938, -8.25],
							"size": [0.27848, 0.125, 7.5],
							"pivot": [0, 1.85938, -4.5],
							"rotation": [0, 0, 22.5],
							"uv": {
								"north": {"uv": [33, 20], "uv_size": [1, 1]},
								"east": {"uv": [10, 2], "uv_size": [8, 1]},
								"south": {"uv": [21, 33], "uv_size": [1, 1]},
								"west": {"uv": [10, 3], "uv_size": [8, 1]},
								"up": {"uv": [0, 10], "uv_size": [1, 8]},
								"down": {"uv": [1, 18], "uv_size": [1, -8]}
							}
						},
						{
							"origin": [-0.13924, 2.43438, -8.25],
							"size": [0.27848, 0.125, 7.5],
							"uv": {
								"north": {"uv": [33, 21], "uv_size": [1, 1]},
								"east": {"uv": [10, 8], "uv_size": [8, 1]},
								"south": {"uv": [22, 33], "uv_size": [1, 1]},
								"west": {"uv": [10, 9], "uv_size": [8, 1]},
								"up": {"uv": [10, 10], "uv_size": [1, 8]},
								"down": {"uv": [11, 18], "uv_size": [1, -8]}
							}
						},
						{
							"origin": [-0.13924, 2.00102, -1.22861],
							"size": [0.27848, 0.585, 0],
							"pivot": [0, 1.85938, -0.49837],
							"rotation": [-59.25, 0, 0],
							"uv": {
								"north": {"uv": [33, 22], "uv_size": [1, 1]},
								"east": {"uv": [0, 0], "uv_size": [0, 1]},
								"south": {"uv": [23, 33], "uv_size": [1, 1]},
								"west": {"uv": [0, 0], "uv_size": [0, 1]},
								"up": {"uv": [0, 0], "uv_size": [1, 0]},
								"down": {"uv": [0, 0], "uv_size": [1, 0]}
							}
						},
						{
							"origin": [0.06252, 2.01481, -1.22762],
							"size": [0.06115, 0.5818, 0],
							"pivot": [0, 1.85938, -0.49837],
							"rotation": [-59.11152, 5.15397, 3.07606],
							"uv": {
								"north": {"uv": [33, 23], "uv_size": [1, 1]},
								"east": {"uv": [0, 0], "uv_size": [0, 1]},
								"south": {"uv": [24, 33], "uv_size": [1, 1]},
								"west": {"uv": [0, 0], "uv_size": [0, 1]},
								"up": {"uv": [0, 0], "uv_size": [1, 0]},
								"down": {"uv": [0, 0], "uv_size": [1, 0]}
							}
						},
						{
							"origin": [-0.12367, 2.01481, -1.22762],
							"size": [0.06115, 0.5818, 0],
							"pivot": [0, 1.85938, -0.49837],
							"rotation": [-59.11152, -5.15397, -3.07606],
							"uv": {
								"north": {"uv": [33, 24], "uv_size": [1, 1]},
								"east": {"uv": [0, 0], "uv_size": [0, 1]},
								"south": {"uv": [25, 33], "uv_size": [1, 1]},
								"west": {"uv": [0, 0], "uv_size": [0, 1]},
								"up": {"uv": [0, 0], "uv_size": [1, 0]},
								"down": {"uv": [0, 0], "uv_size": [1, 0]}
							}
						},
						{
							"origin": [-0.13924, 1.13273, -1.22861],
							"size": [0.27848, 0.585, 0],
							"pivot": [0, 1.85938, -0.49837],
							"rotation": [59.25, 0, 0],
							"uv": {
								"north": {"uv": [33, 25], "uv_size": [1, 1]},
								"east": {"uv": [0, 0], "uv_size": [0, 1]},
								"south": {"uv": [26, 33], "uv_size": [1, 1]},
								"west": {"uv": [0, 0], "uv_size": [0, 1]},
								"up": {"uv": [0, 0], "uv_size": [1, 0]},
								"down": {"uv": [0, 0], "uv_size": [1, 0]}
							}
						},
						{
							"origin": [-0.12367, 1.12215, -1.22762],
							"size": [0.06115, 0.5818, 0],
							"pivot": [0, 1.85938, -0.49837],
							"rotation": [59.11152, -5.15397, 3.07606],
							"uv": {
								"north": {"uv": [33, 26], "uv_size": [1, 1]},
								"east": {"uv": [0, 0], "uv_size": [0, 1]},
								"south": {"uv": [27, 33], "uv_size": [1, 1]},
								"west": {"uv": [0, 0], "uv_size": [0, 1]},
								"up": {"uv": [0, 0], "uv_size": [1, 0]},
								"down": {"uv": [0, 0], "uv_size": [1, 0]}
							}
						},
						{
							"origin": [0.06252, 1.12215, -1.22762],
							"size": [0.06115, 0.5818, 0],
							"pivot": [0, 1.85938, -0.49837],
							"rotation": [59.11152, 5.15397, -3.07606],
							"uv": {
								"north": {"uv": [33, 27], "uv_size": [1, 1]},
								"east": {"uv": [0, 0], "uv_size": [0, 1]},
								"south": {"uv": [28, 33], "uv_size": [1, 1]},
								"west": {"uv": [0, 0], "uv_size": [0, 1]},
								"up": {"uv": [0, 0], "uv_size": [1, 0]},
								"down": {"uv": [0, 0], "uv_size": [1, 0]}
							}
						},
						{
							"origin": [-0.12367, 2.01481, -1.22762],
							"size": [0.06115, 0.5818, 0],
							"pivot": [0, 1.85938, -0.49837],
							"rotation": [-59.11152, -5.15397, 86.92394],
							"uv": {
								"north": {"uv": [33, 28], "uv_size": [1, 1]},
								"east": {"uv": [0, 0], "uv_size": [0, 1]},
								"south": {"uv": [29, 33], "uv_size": [1, 1]},
								"west": {"uv": [0, 0], "uv_size": [0, 1]},
								"up": {"uv": [0, 0], "uv_size": [1, 0]},
								"down": {"uv": [0, 0], "uv_size": [1, 0]}
							}
						},
						{
							"origin": [-0.13924, 2.00102, -1.22861],
							"size": [0.27848, 0.585, 0],
							"pivot": [0, 1.85938, -0.49837],
							"rotation": [-59.25, 0, 90],
							"uv": {
								"north": {"uv": [33, 29], "uv_size": [1, 1]},
								"east": {"uv": [0, 0], "uv_size": [0, 1]},
								"south": {"uv": [30, 33], "uv_size": [1, 1]},
								"west": {"uv": [0, 0], "uv_size": [0, 1]},
								"up": {"uv": [0, 0], "uv_size": [1, 0]},
								"down": {"uv": [0, 0], "uv_size": [1, 0]}
							}
						},
						{
							"origin": [0.06252, 2.01481, -1.22762],
							"size": [0.06115, 0.5818, 0],
							"pivot": [0, 1.85938, -0.49837],
							"rotation": [-59.11152, 5.15397, 93.07606],
							"uv": {
								"north": {"uv": [33, 30], "uv_size": [1, 1]},
								"east": {"uv": [0, 0], "uv_size": [0, 1]},
								"south": {"uv": [31, 33], "uv_size": [1, 1]},
								"west": {"uv": [0, 0], "uv_size": [0, 1]},
								"up": {"uv": [0, 0], "uv_size": [1, 0]},
								"down": {"uv": [0, 0], "uv_size": [1, 0]}
							}
						},
						{
							"origin": [-0.13924, 1.13273, -1.22861],
							"size": [0.27848, 0.585, 0],
							"pivot": [0, 1.85938, -0.49837],
							"rotation": [59.25, 0, 90],
							"uv": {
								"north": {"uv": [33, 31], "uv_size": [1, 1]},
								"east": {"uv": [0, 0], "uv_size": [0, 1]},
								"south": {"uv": [32, 33], "uv_size": [1, 1]},
								"west": {"uv": [0, 0], "uv_size": [0, 1]},
								"up": {"uv": [0, 0], "uv_size": [1, 0]},
								"down": {"uv": [0, 0], "uv_size": [1, 0]}
							}
						},
						{
							"origin": [-0.12367, 1.12215, -1.22762],
							"size": [0.06115, 0.5818, 0],
							"pivot": [0, 1.85938, -0.49837],
							"rotation": [59.11152, -5.15397, 93.07606],
							"uv": {
								"north": {"uv": [33, 32], "uv_size": [1, 1]},
								"east": {"uv": [0, 0], "uv_size": [0, 1]},
								"south": {"uv": [33, 33], "uv_size": [1, 1]},
								"west": {"uv": [0, 0], "uv_size": [0, 1]},
								"up": {"uv": [0, 0], "uv_size": [1, 0]},
								"down": {"uv": [0, 0], "uv_size": [1, 0]}
							}
						},
						{
							"origin": [0.06252, 1.12215, -1.22762],
							"size": [0.06115, 0.5818, 0],
							"pivot": [0, 1.85938, -0.49837],
							"rotation": [59.11152, 5.15397, 86.92394],
							"uv": {
								"north": {"uv": [0, 34], "uv_size": [1, 1]},
								"east": {"uv": [0, 0], "uv_size": [0, 1]},
								"south": {"uv": [34, 0], "uv_size": [1, 1]},
								"west": {"uv": [0, 0], "uv_size": [0, 1]},
								"up": {"uv": [0, 0], "uv_size": [1, 0]},
								"down": {"uv": [0, 0], "uv_size": [1, 0]}
							}
						},
						{
							"origin": [-0.12367, 2.01481, -1.22762],
							"size": [0.06115, 0.5818, 0],
							"pivot": [0, 1.85938, -0.49837],
							"rotation": [-59.11152, -5.15397, 41.92394],
							"uv": {
								"north": {"uv": [1, 34], "uv_size": [1, 1]},
								"east": {"uv": [0, 0], "uv_size": [0, 1]},
								"south": {"uv": [34, 1], "uv_size": [1, 1]},
								"west": {"uv": [0, 0], "uv_size": [0, 1]},
								"up": {"uv": [0, 0], "uv_size": [1, 0]},
								"down": {"uv": [0, 0], "uv_size": [1, 0]}
							}
						},
						{
							"origin": [-0.13924, 2.00102, -1.22861],
							"size": [0.27848, 0.585, 0],
							"pivot": [0, 1.85938, -0.49837],
							"rotation": [-59.25, 0, 45],
							"uv": {
								"north": {"uv": [2, 34], "uv_size": [1, 1]},
								"east": {"uv": [0, 0], "uv_size": [0, 1]},
								"south": {"uv": [34, 2], "uv_size": [1, 1]},
								"west": {"uv": [0, 0], "uv_size": [0, 1]},
								"up": {"uv": [0, 0], "uv_size": [1, 0]},
								"down": {"uv": [0, 0], "uv_size": [1, 0]}
							}
						},
						{
							"origin": [0.06252, 2.01481, -1.22762],
							"size": [0.06115, 0.5818, 0],
							"pivot": [0, 1.85938, -0.49837],
							"rotation": [-59.11152, 5.15397, 48.07606],
							"uv": {
								"north": {"uv": [3, 34], "uv_size": [1, 1]},
								"east": {"uv": [0, 0], "uv_size": [0, 1]},
								"south": {"uv": [34, 3], "uv_size": [1, 1]},
								"west": {"uv": [0, 0], "uv_size": [0, 1]},
								"up": {"uv": [0, 0], "uv_size": [1, 0]},
								"down": {"uv": [0, 0], "uv_size": [1, 0]}
							}
						},
						{
							"origin": [-0.13924, 1.13273, -1.22861],
							"size": [0.27848, 0.585, 0],
							"pivot": [0, 1.85938, -0.49837],
							"rotation": [59.25, 0, 45],
							"uv": {
								"north": {"uv": [4, 34], "uv_size": [1, 1]},
								"east": {"uv": [0, 0], "uv_size": [0, 1]},
								"south": {"uv": [34, 4], "uv_size": [1, 1]},
								"west": {"uv": [0, 0], "uv_size": [0, 1]},
								"up": {"uv": [0, 0], "uv_size": [1, 0]},
								"down": {"uv": [0, 0], "uv_size": [1, 0]}
							}
						},
						{
							"origin": [-0.12367, 1.12215, -1.22762],
							"size": [0.06115, 0.5818, 0],
							"pivot": [0, 1.85938, -0.49837],
							"rotation": [59.11152, -5.15397, 48.07606],
							"uv": {
								"north": {"uv": [5, 34], "uv_size": [1, 1]},
								"east": {"uv": [0, 0], "uv_size": [0, 1]},
								"south": {"uv": [34, 5], "uv_size": [1, 1]},
								"west": {"uv": [0, 0], "uv_size": [0, 1]},
								"up": {"uv": [0, 0], "uv_size": [1, 0]},
								"down": {"uv": [0, 0], "uv_size": [1, 0]}
							}
						},
						{
							"origin": [0.06252, 1.12215, -1.22762],
							"size": [0.06115, 0.5818, 0],
							"pivot": [0, 1.85938, -0.49837],
							"rotation": [59.11152, 5.15397, 41.92394],
							"uv": {
								"north": {"uv": [6, 34], "uv_size": [1, 1]},
								"east": {"uv": [0, 0], "uv_size": [0, 1]},
								"south": {"uv": [34, 6], "uv_size": [1, 1]},
								"west": {"uv": [0, 0], "uv_size": [0, 1]},
								"up": {"uv": [0, 0], "uv_size": [1, 0]},
								"down": {"uv": [0, 0], "uv_size": [1, 0]}
							}
						},
						{
							"origin": [-0.12367, 2.01481, -1.22762],
							"size": [0.06115, 0.5818, 0],
							"pivot": [0, 1.85938, -0.49837],
							"rotation": [-59.11152, -5.15397, -48.07606],
							"uv": {
								"north": {"uv": [7, 34], "uv_size": [1, 1]},
								"east": {"uv": [0, 0], "uv_size": [0, 1]},
								"south": {"uv": [34, 7], "uv_size": [1, 1]},
								"west": {"uv": [0, 0], "uv_size": [0, 1]},
								"up": {"uv": [0, 0], "uv_size": [1, 0]},
								"down": {"uv": [0, 0], "uv_size": [1, 0]}
							}
						},
						{
							"origin": [0.06252, 2.01481, -1.22762],
							"size": [0.06115, 0.5818, 0],
							"pivot": [0, 1.85938, -0.49837],
							"rotation": [-59.11152, 5.15397, -41.92394],
							"uv": {
								"north": {"uv": [8, 34], "uv_size": [1, 1]},
								"east": {"uv": [0, 0], "uv_size": [0, 1]},
								"south": {"uv": [34, 8], "uv_size": [1, 1]},
								"west": {"uv": [0, 0], "uv_size": [0, 1]},
								"up": {"uv": [0, 0], "uv_size": [1, 0]},
								"down": {"uv": [0, 0], "uv_size": [1, 0]}
							}
						},
						{
							"origin": [-0.13924, 2.00102, -1.22861],
							"size": [0.27848, 0.585, 0],
							"pivot": [0, 1.85938, -0.49837],
							"rotation": [-59.25, 0, -45],
							"uv": {
								"north": {"uv": [9, 34], "uv_size": [1, 1]},
								"east": {"uv": [0, 0], "uv_size": [0, 1]},
								"south": {"uv": [34, 9], "uv_size": [1, 1]},
								"west": {"uv": [0, 0], "uv_size": [0, 1]},
								"up": {"uv": [0, 0], "uv_size": [1, 0]},
								"down": {"uv": [0, 0], "uv_size": [1, 0]}
							}
						},
						{
							"origin": [-0.13924, 1.13273, -1.22861],
							"size": [0.27848, 0.585, 0],
							"pivot": [0, 1.85938, -0.49837],
							"rotation": [59.25, 0, -45],
							"uv": {
								"north": {"uv": [10, 34], "uv_size": [1, 1]},
								"east": {"uv": [0, 0], "uv_size": [0, 1]},
								"south": {"uv": [34, 10], "uv_size": [1, 1]},
								"west": {"uv": [0, 0], "uv_size": [0, 1]},
								"up": {"uv": [0, 0], "uv_size": [1, 0]},
								"down": {"uv": [0, 0], "uv_size": [1, 0]}
							}
						},
						{
							"origin": [0.06252, 1.12215, -1.22762],
							"size": [0.06115, 0.5818, 0],
							"pivot": [0, 1.85938, -0.49837],
							"rotation": [59.11152, 5.15397, -48.07606],
							"uv": {
								"north": {"uv": [11, 34], "uv_size": [1, 1]},
								"east": {"uv": [0, 0], "uv_size": [0, 1]},
								"south": {"uv": [34, 11], "uv_size": [1, 1]},
								"west": {"uv": [0, 0], "uv_size": [0, 1]},
								"up": {"uv": [0, 0], "uv_size": [1, 0]},
								"down": {"uv": [0, 0], "uv_size": [1, 0]}
							}
						},
						{
							"origin": [-0.12367, 1.12215, -1.22762],
							"size": [0.06115, 0.5818, 0],
							"pivot": [0, 1.85938, -0.49837],
							"rotation": [59.11152, -5.15397, -41.92394],
							"uv": {
								"north": {"uv": [12, 34], "uv_size": [1, 1]},
								"east": {"uv": [0, 0], "uv_size": [0, 1]},
								"south": {"uv": [34, 12], "uv_size": [1, 1]},
								"west": {"uv": [0, 0], "uv_size": [0, 1]},
								"up": {"uv": [0, 0], "uv_size": [1, 0]},
								"down": {"uv": [0, 0], "uv_size": [1, 0]}
							}
						},
						{
							"origin": [-0.12367, 2.01481, -1.22762],
							"size": [0.06115, 0.5818, 0],
							"pivot": [0, 1.85938, -0.49837],
							"rotation": [-59.11152, -5.15397, 19.42394],
							"uv": {
								"north": {"uv": [13, 34], "uv_size": [1, 1]},
								"east": {"uv": [0, 0], "uv_size": [0, 1]},
								"south": {"uv": [34, 13], "uv_size": [1, 1]},
								"west": {"uv": [0, 0], "uv_size": [0, 1]},
								"up": {"uv": [0, 0], "uv_size": [1, 0]},
								"down": {"uv": [0, 0], "uv_size": [1, 0]}
							}
						},
						{
							"origin": [-0.13924, 2.00102, -1.22861],
							"size": [0.27848, 0.585, 0],
							"pivot": [0, 1.85938, -0.49837],
							"rotation": [-59.25, 0, 22.5],
							"uv": {
								"north": {"uv": [14, 34], "uv_size": [1, 1]},
								"east": {"uv": [0, 0], "uv_size": [0, 1]},
								"south": {"uv": [34, 14], "uv_size": [1, 1]},
								"west": {"uv": [0, 0], "uv_size": [0, 1]},
								"up": {"uv": [0, 0], "uv_size": [1, 0]},
								"down": {"uv": [0, 0], "uv_size": [1, 0]}
							}
						},
						{
							"origin": [0.06252, 2.01481, -1.22762],
							"size": [0.06115, 0.5818, 0],
							"pivot": [0, 1.85938, -0.49837],
							"rotation": [-59.11152, 5.15397, 25.57606],
							"uv": {
								"north": {"uv": [15, 34], "uv_size": [1, 1]},
								"east": {"uv": [0, 0], "uv_size": [0, 1]},
								"south": {"uv": [34, 15], "uv_size": [1, 1]},
								"west": {"uv": [0, 0], "uv_size": [0, 1]},
								"up": {"uv": [0, 0], "uv_size": [1, 0]},
								"down": {"uv": [0, 0], "uv_size": [1, 0]}
							}
						},
						{
							"origin": [-0.13924, 1.13273, -1.22861],
							"size": [0.27848, 0.585, 0],
							"pivot": [0, 1.85938, -0.49837],
							"rotation": [59.25, 0, 22.5],
							"uv": {
								"north": {"uv": [16, 34], "uv_size": [1, 1]},
								"east": {"uv": [0, 0], "uv_size": [0, 1]},
								"south": {"uv": [34, 16], "uv_size": [1, 1]},
								"west": {"uv": [0, 0], "uv_size": [0, 1]},
								"up": {"uv": [0, 0], "uv_size": [1, 0]},
								"down": {"uv": [0, 0], "uv_size": [1, 0]}
							}
						},
						{
							"origin": [-0.12367, 1.12215, -1.22762],
							"size": [0.06115, 0.5818, 0],
							"pivot": [0, 1.85938, -0.49837],
							"rotation": [59.11152, -5.15397, 25.57606],
							"uv": {
								"north": {"uv": [17, 34], "uv_size": [1, 1]},
								"east": {"uv": [0, 0], "uv_size": [0, 1]},
								"south": {"uv": [34, 17], "uv_size": [1, 1]},
								"west": {"uv": [0, 0], "uv_size": [0, 1]},
								"up": {"uv": [0, 0], "uv_size": [1, 0]},
								"down": {"uv": [0, 0], "uv_size": [1, 0]}
							}
						},
						{
							"origin": [0.06252, 1.12215, -1.22762],
							"size": [0.06115, 0.5818, 0],
							"pivot": [0, 1.85938, -0.49837],
							"rotation": [59.11152, 5.15397, 19.42394],
							"uv": {
								"north": {"uv": [18, 34], "uv_size": [1, 1]},
								"east": {"uv": [0, 0], "uv_size": [0, 1]},
								"south": {"uv": [34, 18], "uv_size": [1, 1]},
								"west": {"uv": [0, 0], "uv_size": [0, 1]},
								"up": {"uv": [0, 0], "uv_size": [1, 0]},
								"down": {"uv": [0, 0], "uv_size": [1, 0]}
							}
						},
						{
							"origin": [-0.12367, 2.01481, -1.22762],
							"size": [0.06115, 0.5818, 0],
							"pivot": [0, 1.85938, -0.49837],
							"rotation": [-59.11152, -5.15397, -70.57606],
							"uv": {
								"north": {"uv": [19, 34], "uv_size": [1, 1]},
								"east": {"uv": [0, 0], "uv_size": [0, 1]},
								"south": {"uv": [34, 19], "uv_size": [1, 1]},
								"west": {"uv": [0, 0], "uv_size": [0, 1]},
								"up": {"uv": [0, 0], "uv_size": [1, 0]},
								"down": {"uv": [0, 0], "uv_size": [1, 0]}
							}
						},
						{
							"origin": [0.06252, 2.01481, -1.22762],
							"size": [0.06115, 0.5818, 0],
							"pivot": [0, 1.85938, -0.49837],
							"rotation": [-59.11152, 5.15397, -64.42394],
							"uv": {
								"north": {"uv": [20, 34], "uv_size": [1, 1]},
								"east": {"uv": [0, 0], "uv_size": [0, 1]},
								"south": {"uv": [34, 20], "uv_size": [1, 1]},
								"west": {"uv": [0, 0], "uv_size": [0, 1]},
								"up": {"uv": [0, 0], "uv_size": [1, 0]},
								"down": {"uv": [0, 0], "uv_size": [1, 0]}
							}
						},
						{
							"origin": [-0.13924, 2.00102, -1.22861],
							"size": [0.27848, 0.585, 0],
							"pivot": [0, 1.85938, -0.49837],
							"rotation": [-59.25, 0, -67.5],
							"uv": {
								"north": {"uv": [21, 34], "uv_size": [1, 1]},
								"east": {"uv": [0, 0], "uv_size": [0, 1]},
								"south": {"uv": [34, 21], "uv_size": [1, 1]},
								"west": {"uv": [0, 0], "uv_size": [0, 1]},
								"up": {"uv": [0, 0], "uv_size": [1, 0]},
								"down": {"uv": [0, 0], "uv_size": [1, 0]}
							}
						},
						{
							"origin": [-0.13924, 1.13273, -1.22861],
							"size": [0.27848, 0.585, 0],
							"pivot": [0, 1.85938, -0.49837],
							"rotation": [59.25, 0, -67.5],
							"uv": {
								"north": {"uv": [22, 34], "uv_size": [1, 1]},
								"east": {"uv": [0, 0], "uv_size": [0, 1]},
								"south": {"uv": [34, 22], "uv_size": [1, 1]},
								"west": {"uv": [0, 0], "uv_size": [0, 1]},
								"up": {"uv": [0, 0], "uv_size": [1, 0]},
								"down": {"uv": [0, 0], "uv_size": [1, 0]}
							}
						},
						{
							"origin": [0.06252, 1.12215, -1.22762],
							"size": [0.06115, 0.5818, 0],
							"pivot": [0, 1.85938, -0.49837],
							"rotation": [59.11152, 5.15397, -70.57606],
							"uv": {
								"north": {"uv": [23, 34], "uv_size": [1, 1]},
								"east": {"uv": [0, 0], "uv_size": [0, 1]},
								"south": {"uv": [34, 23], "uv_size": [1, 1]},
								"west": {"uv": [0, 0], "uv_size": [0, 1]},
								"up": {"uv": [0, 0], "uv_size": [1, 0]},
								"down": {"uv": [0, 0], "uv_size": [1, 0]}
							}
						},
						{
							"origin": [-0.12367, 1.12215, -1.22762],
							"size": [0.06115, 0.5818, 0],
							"pivot": [0, 1.85938, -0.49837],
							"rotation": [59.11152, -5.15397, -64.42394],
							"uv": {
								"north": {"uv": [24, 34], "uv_size": [1, 1]},
								"east": {"uv": [0, 0], "uv_size": [0, 1]},
								"south": {"uv": [34, 24], "uv_size": [1, 1]},
								"west": {"uv": [0, 0], "uv_size": [0, 1]},
								"up": {"uv": [0, 0], "uv_size": [1, 0]},
								"down": {"uv": [0, 0], "uv_size": [1, 0]}
							}
						},
						{
							"origin": [-0.12367, 2.01481, -1.22762],
							"size": [0.06115, 0.5818, 0],
							"pivot": [0, 1.85938, -0.49837],
							"rotation": [-59.11152, -5.15397, 64.42394],
							"uv": {
								"north": {"uv": [25, 34], "uv_size": [1, 1]},
								"east": {"uv": [0, 0], "uv_size": [0, 1]},
								"south": {"uv": [34, 25], "uv_size": [1, 1]},
								"west": {"uv": [0, 0], "uv_size": [0, 1]},
								"up": {"uv": [0, 0], "uv_size": [1, 0]},
								"down": {"uv": [0, 0], "uv_size": [1, 0]}
							}
						},
						{
							"origin": [-0.13924, 2.00102, -1.22861],
							"size": [0.27848, 0.585, 0],
							"pivot": [0, 1.85938, -0.49837],
							"rotation": [-59.25, 0, 67.5],
							"uv": {
								"north": {"uv": [26, 34], "uv_size": [1, 1]},
								"east": {"uv": [0, 0], "uv_size": [0, 1]},
								"south": {"uv": [34, 26], "uv_size": [1, 1]},
								"west": {"uv": [0, 0], "uv_size": [0, 1]},
								"up": {"uv": [0, 0], "uv_size": [1, 0]},
								"down": {"uv": [0, 0], "uv_size": [1, 0]}
							}
						},
						{
							"origin": [0.06252, 2.01481, -1.22762],
							"size": [0.06115, 0.5818, 0],
							"pivot": [0, 1.85938, -0.49837],
							"rotation": [-59.11152, 5.15397, 70.57606],
							"uv": {
								"north": {"uv": [27, 34], "uv_size": [1, 1]},
								"east": {"uv": [0, 0], "uv_size": [0, 1]},
								"south": {"uv": [34, 27], "uv_size": [1, 1]},
								"west": {"uv": [0, 0], "uv_size": [0, 1]},
								"up": {"uv": [0, 0], "uv_size": [1, 0]},
								"down": {"uv": [0, 0], "uv_size": [1, 0]}
							}
						},
						{
							"origin": [-0.13924, 1.13273, -1.22861],
							"size": [0.27848, 0.585, 0],
							"pivot": [0, 1.85938, -0.49837],
							"rotation": [59.25, 0, 67.5],
							"uv": {
								"north": {"uv": [28, 34], "uv_size": [1, 1]},
								"east": {"uv": [0, 0], "uv_size": [0, 1]},
								"south": {"uv": [34, 28], "uv_size": [1, 1]},
								"west": {"uv": [0, 0], "uv_size": [0, 1]},
								"up": {"uv": [0, 0], "uv_size": [1, 0]},
								"down": {"uv": [0, 0], "uv_size": [1, 0]}
							}
						},
						{
							"origin": [-0.12367, 1.12215, -1.22762],
							"size": [0.06115, 0.5818, 0],
							"pivot": [0, 1.85938, -0.49837],
							"rotation": [59.11152, -5.15397, 70.57606],
							"uv": {
								"north": {"uv": [29, 34], "uv_size": [1, 1]},
								"east": {"uv": [0, 0], "uv_size": [0, 1]},
								"south": {"uv": [34, 29], "uv_size": [1, 1]},
								"west": {"uv": [0, 0], "uv_size": [0, 1]},
								"up": {"uv": [0, 0], "uv_size": [1, 0]},
								"down": {"uv": [0, 0], "uv_size": [1, 0]}
							}
						},
						{
							"origin": [0.06252, 1.12215, -1.22762],
							"size": [0.06115, 0.5818, 0],
							"pivot": [0, 1.85938, -0.49837],
							"rotation": [59.11152, 5.15397, 64.42394],
							"uv": {
								"north": {"uv": [30, 34], "uv_size": [1, 1]},
								"east": {"uv": [0, 0], "uv_size": [0, 1]},
								"south": {"uv": [34, 30], "uv_size": [1, 1]},
								"west": {"uv": [0, 0], "uv_size": [0, 1]},
								"up": {"uv": [0, 0], "uv_size": [1, 0]},
								"down": {"uv": [0, 0], "uv_size": [1, 0]}
							}
						},
						{
							"origin": [-0.12367, 2.01481, -1.22762],
							"size": [0.06115, 0.5818, 0],
							"pivot": [0, 1.85938, -0.49837],
							"rotation": [-59.11152, -5.15397, -25.57606],
							"uv": {
								"north": {"uv": [31, 34], "uv_size": [1, 1]},
								"east": {"uv": [0, 0], "uv_size": [0, 1]},
								"south": {"uv": [34, 31], "uv_size": [1, 1]},
								"west": {"uv": [0, 0], "uv_size": [0, 1]},
								"up": {"uv": [0, 0], "uv_size": [1, 0]},
								"down": {"uv": [0, 0], "uv_size": [1, 0]}
							}
						},
						{
							"origin": [0.06252, 2.01481, -1.22762],
							"size": [0.06115, 0.5818, 0],
							"pivot": [0, 1.85938, -0.49837],
							"rotation": [-59.11152, 5.15397, -19.42394],
							"uv": {
								"north": {"uv": [32, 34], "uv_size": [1, 1]},
								"east": {"uv": [0, 0], "uv_size": [0, 1]},
								"south": {"uv": [34, 32], "uv_size": [1, 1]},
								"west": {"uv": [0, 0], "uv_size": [0, 1]},
								"up": {"uv": [0, 0], "uv_size": [1, 0]},
								"down": {"uv": [0, 0], "uv_size": [1, 0]}
							}
						},
						{
							"origin": [-0.13924, 2.00102, -1.22861],
							"size": [0.27848, 0.585, 0],
							"pivot": [0, 1.85938, -0.49837],
							"rotation": [-59.25, 0, -22.5],
							"uv": {
								"north": {"uv": [33, 34], "uv_size": [1, 1]},
								"east": {"uv": [0, 0], "uv_size": [0, 1]},
								"south": {"uv": [34, 33], "uv_size": [1, 1]},
								"west": {"uv": [0, 0], "uv_size": [0, 1]},
								"up": {"uv": [0, 0], "uv_size": [1, 0]},
								"down": {"uv": [0, 0], "uv_size": [1, 0]}
							}
						},
						{
							"origin": [-0.13924, 1.13273, -1.22861],
							"size": [0.27848, 0.585, 0],
							"pivot": [0, 1.85938, -0.49837],
							"rotation": [59.25, 0, -22.5],
							"uv": {
								"north": {"uv": [34, 34], "uv_size": [1, 1]},
								"east": {"uv": [0, 0], "uv_size": [0, 1]},
								"south": {"uv": [0, 35], "uv_size": [1, 1]},
								"west": {"uv": [0, 0], "uv_size": [0, 1]},
								"up": {"uv": [0, 0], "uv_size": [1, 0]},
								"down": {"uv": [0, 0], "uv_size": [1, 0]}
							}
						},
						{
							"origin": [0.06252, 1.12215, -1.22762],
							"size": [0.06115, 0.5818, 0],
							"pivot": [0, 1.85938, -0.49837],
							"rotation": [59.11152, 5.15397, -25.57606],
							"uv": {
								"north": {"uv": [35, 0], "uv_size": [1, 1]},
								"east": {"uv": [0, 0], "uv_size": [0, 1]},
								"south": {"uv": [1, 35], "uv_size": [1, 1]},
								"west": {"uv": [0, 0], "uv_size": [0, 1]},
								"up": {"uv": [0, 0], "uv_size": [1, 0]},
								"down": {"uv": [0, 0], "uv_size": [1, 0]}
							}
						},
						{
							"origin": [-0.12367, 1.12215, -1.22762],
							"size": [0.06115, 0.5818, 0],
							"pivot": [0, 1.85938, -0.49837],
							"rotation": [59.11152, -5.15397, -19.42394],
							"uv": {
								"north": {"uv": [35, 1], "uv_size": [1, 1]},
								"east": {"uv": [0, 0], "uv_size": [0, 1]},
								"south": {"uv": [2, 35], "uv_size": [1, 1]},
								"west": {"uv": [0, 0], "uv_size": [0, 1]},
								"up": {"uv": [0, 0], "uv_size": [1, 0]},
								"down": {"uv": [0, 0], "uv_size": [1, 0]}
							}
						},
						{
							"origin": [-0.13924, 2.43438, -8.25],
							"size": [0.27848, 0.125, 7.5],
							"pivot": [0, 1.85938, -4.5],
							"rotation": [0, 0, -22.5],
							"uv": {
								"north": {"uv": [35, 2], "uv_size": [1, 1]},
								"east": {"uv": [12, 4], "uv_size": [8, 1]},
								"south": {"uv": [3, 35], "uv_size": [1, 1]},
								"west": {"uv": [12, 5], "uv_size": [8, 1]},
								"up": {"uv": [2, 12], "uv_size": [1, 8]},
								"down": {"uv": [3, 20], "uv_size": [1, -8]}
							}
						},
						{
							"origin": [-0.13924, 2.43438, -8.25],
							"size": [0.27848, 0.125, 7.5],
							"pivot": [0, 1.85938, -4.5],
							"rotation": [0, 0, -45],
							"uv": {
								"north": {"uv": [35, 3], "uv_size": [1, 1]},
								"east": {"uv": [12, 10], "uv_size": [8, 1]},
								"south": {"uv": [4, 35], "uv_size": [1, 1]},
								"west": {"uv": [12, 11], "uv_size": [8, 1]},
								"up": {"uv": [12, 12], "uv_size": [1, 8]},
								"down": {"uv": [13, 20], "uv_size": [1, -8]}
							}
						},
						{
							"origin": [-0.13924, 1.15938, -8.25],
							"size": [0.27848, 0.125, 7.5],
							"pivot": [0, 1.85938, -4.5],
							"rotation": [0, 0, -157.5],
							"uv": {
								"north": {"uv": [35, 4], "uv_size": [1, 1]},
								"east": {"uv": [14, 6], "uv_size": [8, 1]},
								"south": {"uv": [5, 35], "uv_size": [1, 1]},
								"west": {"uv": [14, 7], "uv_size": [8, 1]},
								"up": {"uv": [4, 14], "uv_size": [1, 8]},
								"down": {"uv": [5, 22], "uv_size": [1, -8]}
							}
						},
						{
							"origin": [-0.13924, 1.15938, -8.25],
							"size": [0.27848, 0.125, 7.5],
							"pivot": [0, 1.85938, -4.5],
							"rotation": [0, 0, -135],
							"uv": {
								"north": {"uv": [35, 5], "uv_size": [1, 1]},
								"east": {"uv": [14, 12], "uv_size": [8, 1]},
								"south": {"uv": [6, 35], "uv_size": [1, 1]},
								"west": {"uv": [14, 13], "uv_size": [8, 1]},
								"up": {"uv": [14, 14], "uv_size": [1, 8]},
								"down": {"uv": [15, 22], "uv_size": [1, -8]}
							}
						},
						{
							"origin": [-0.7, 1.72014, -8.25],
							"size": [0.125, 0.27848, 7.5],
							"pivot": [0, 1.85938, -4.5],
							"rotation": [0, 0, 157.5],
							"uv": {
								"north": {"uv": [35, 6], "uv_size": [1, 1]},
								"east": {"uv": [16, 0], "uv_size": [8, 1]},
								"south": {"uv": [7, 35], "uv_size": [1, 1]},
								"west": {"uv": [16, 1], "uv_size": [8, 1]},
								"up": {"uv": [6, 16], "uv_size": [1, 8]},
								"down": {"uv": [7, 24], "uv_size": [1, -8]}
							}
						},
						{
							"origin": [-0.7, 1.72014, -8.25],
							"size": [0.125, 0.27848, 7.5],
							"pivot": [0, 1.85938, -4.5],
							"rotation": [0, 0, 180],
							"uv": {
								"north": {"uv": [35, 7], "uv_size": [1, 1]},
								"east": {"uv": [16, 14], "uv_size": [8, 1]},
								"south": {"uv": [8, 35], "uv_size": [1, 1]},
								"west": {"uv": [16, 15], "uv_size": [8, 1]},
								"up": {"uv": [8, 16], "uv_size": [1, 8]},
								"down": {"uv": [9, 24], "uv_size": [1, -8]}
							}
						},
						{
							"origin": [-0.59375, 1.72014, -8.125],
							"size": [1.1875, 0.27848, 0],
							"pivot": [0, 1.85938, -8.125],
							"rotation": [0, 0, 180],
							"uv": {
								"north": {"uv": [35, 8], "uv_size": [1, 1]},
								"east": {"uv": [0, 0], "uv_size": [0, 1]},
								"south": {"uv": [9, 35], "uv_size": [1, 1]},
								"west": {"uv": [0, 0], "uv_size": [0, 1]},
								"up": {"uv": [0, 0], "uv_size": [1, 0]},
								"down": {"uv": [0, 0], "uv_size": [1, 0]}
							}
						},
						{
							"origin": [-0.59375, 1.72014, -8.125],
							"size": [1.1875, 0.27848, 0],
							"pivot": [0, 1.85938, -8.125],
							"rotation": [0, 0, 157.5],
							"uv": {
								"north": {"uv": [35, 9], "uv_size": [1, 1]},
								"east": {"uv": [0, 0], "uv_size": [0, 1]},
								"south": {"uv": [10, 35], "uv_size": [1, 1]},
								"west": {"uv": [0, 0], "uv_size": [0, 1]},
								"up": {"uv": [0, 0], "uv_size": [1, 0]},
								"down": {"uv": [0, 0], "uv_size": [1, 0]}
							}
						},
						{
							"origin": [-0.59375, 1.72014, -8.125],
							"size": [1.1875, 0.27848, 0],
							"pivot": [0, 1.85938, -8.125],
							"rotation": [0, 0, 112.5],
							"uv": {
								"north": {"uv": [35, 10], "uv_size": [1, 1]},
								"east": {"uv": [0, 0], "uv_size": [0, 1]},
								"south": {"uv": [11, 35], "uv_size": [1, 1]},
								"west": {"uv": [0, 0], "uv_size": [0, 1]},
								"up": {"uv": [0, 0], "uv_size": [1, 0]},
								"down": {"uv": [0, 0], "uv_size": [1, 0]}
							}
						},
						{
							"origin": [-0.59375, 1.72014, -8.125],
							"size": [1.1875, 0.27848, 0],
							"pivot": [0, 1.85938, -8.125],
							"rotation": [0, 0, 135],
							"uv": {
								"north": {"uv": [35, 11], "uv_size": [1, 1]},
								"east": {"uv": [0, 0], "uv_size": [0, 1]},
								"south": {"uv": [12, 35], "uv_size": [1, 1]},
								"west": {"uv": [0, 0], "uv_size": [0, 1]},
								"up": {"uv": [0, 0], "uv_size": [1, 0]},
								"down": {"uv": [0, 0], "uv_size": [1, 0]}
							}
						},
						{
							"origin": [-0.59375, 1.72014, -8.125],
							"size": [1.1875, 0.27848, 0],
							"pivot": [0, 1.85938, -8.125],
							"rotation": [0, 0, 67.5],
							"uv": {
								"north": {"uv": [35, 12], "uv_size": [1, 1]},
								"east": {"uv": [0, 0], "uv_size": [0, 1]},
								"south": {"uv": [13, 35], "uv_size": [1, 1]},
								"west": {"uv": [0, 0], "uv_size": [0, 1]},
								"up": {"uv": [0, 0], "uv_size": [1, 0]},
								"down": {"uv": [0, 0], "uv_size": [1, 0]}
							}
						},
						{
							"origin": [-0.59375, 1.72014, -8.125],
							"size": [1.1875, 0.27848, 0],
							"pivot": [0, 1.85938, -8.125],
							"rotation": [0, 0, 90],
							"uv": {
								"north": {"uv": [35, 13], "uv_size": [1, 1]},
								"east": {"uv": [0, 0], "uv_size": [0, 1]},
								"south": {"uv": [14, 35], "uv_size": [1, 1]},
								"west": {"uv": [0, 0], "uv_size": [0, 1]},
								"up": {"uv": [0, 0], "uv_size": [1, 0]},
								"down": {"uv": [0, 0], "uv_size": [1, 0]}
							}
						},
						{
							"origin": [-0.59375, 1.72014, -8.125],
							"size": [1.1875, 0.27848, 0],
							"pivot": [0, 1.85938, -8.125],
							"rotation": [0, 0, 22.5],
							"uv": {
								"north": {"uv": [35, 14], "uv_size": [1, 1]},
								"east": {"uv": [0, 0], "uv_size": [0, 1]},
								"south": {"uv": [15, 35], "uv_size": [1, 1]},
								"west": {"uv": [0, 0], "uv_size": [0, 1]},
								"up": {"uv": [0, 0], "uv_size": [1, 0]},
								"down": {"uv": [0, 0], "uv_size": [1, 0]}
							}
						},
						{
							"origin": [-0.59375, 1.72014, -8.125],
							"size": [1.1875, 0.27848, 0],
							"pivot": [0, 1.85938, -8.125],
							"rotation": [0, 0, 45],
							"uv": {
								"north": {"uv": [35, 15], "uv_size": [1, 1]},
								"east": {"uv": [0, 0], "uv_size": [0, 1]},
								"south": {"uv": [16, 35], "uv_size": [1, 1]},
								"west": {"uv": [0, 0], "uv_size": [0, 1]},
								"up": {"uv": [0, 0], "uv_size": [1, 0]},
								"down": {"uv": [0, 0], "uv_size": [1, 0]}
							}
						},
						{
							"origin": [-0.7, 1.72014, -8.25],
							"size": [0.125, 0.27848, 7.5],
							"pivot": [0, 1.85938, -4.5],
							"rotation": [0, 0, -157.5],
							"uv": {
								"north": {"uv": [35, 16], "uv_size": [1, 1]},
								"east": {"uv": [16, 16], "uv_size": [8, 1]},
								"south": {"uv": [17, 35], "uv_size": [1, 1]},
								"west": {"uv": [16, 17], "uv_size": [8, 1]},
								"up": {"uv": [0, 18], "uv_size": [1, 8]},
								"down": {"uv": [1, 26], "uv_size": [1, -8]}
							}
						},
						{
							"origin": [-0.13924, 2.43438, -8.25],
							"size": [0.27848, 0.125, 7.5],
							"pivot": [0, 1.85938, -4.5],
							"rotation": [0, 0, 135],
							"uv": {
								"north": {"uv": [35, 17], "uv_size": [1, 1]},
								"east": {"uv": [18, 2], "uv_size": [8, 1]},
								"south": {"uv": [18, 35], "uv_size": [1, 1]},
								"west": {"uv": [18, 3], "uv_size": [8, 1]},
								"up": {"uv": [10, 18], "uv_size": [1, 8]},
								"down": {"uv": [11, 26], "uv_size": [1, -8]}
							}
						},
						{
							"origin": [-0.13924, 2.43438, -8.25],
							"size": [0.27848, 0.125, 7.5],
							"pivot": [0, 1.85938, -4.5],
							"rotation": [0, 0, 157.5],
							"uv": {
								"north": {"uv": [35, 18], "uv_size": [1, 1]},
								"east": {"uv": [18, 8], "uv_size": [8, 1]},
								"south": {"uv": [19, 35], "uv_size": [1, 1]},
								"west": {"uv": [18, 9], "uv_size": [8, 1]},
								"up": {"uv": [16, 18], "uv_size": [1, 8]},
								"down": {"uv": [17, 26], "uv_size": [1, -8]}
							}
						}
					]
				},
				{
					"name": "other",
					"parent": "scope",
					"pivot": [0, -0.01562, 0],
					"cubes": [
						{
							"origin": [-0.75, 1.54872, -5],
							"size": [1.5, 0.62132, 1.5],
							"uv": {
								"north": {"uv": [28, 31], "uv_size": [2, 1]},
								"east": {"uv": [30, 31], "uv_size": [2, 1]},
								"south": {"uv": [0, 32], "uv_size": [2, 1]},
								"west": {"uv": [2, 32], "uv_size": [2, 1]},
								"up": {"uv": [24, 14], "uv_size": [2, 2]},
								"down": {"uv": [24, 18], "uv_size": [2, -2]}
							}
						},
						{
							"origin": [-0.75, 1.54872, -5],
							"size": [1.5, 0.62132, 1.5],
							"pivot": [0, 1.85938, -4],
							"rotation": [0, 0, 45],
							"uv": {
								"north": {"uv": [4, 32], "uv_size": [2, 1]},
								"east": {"uv": [6, 32], "uv_size": [2, 1]},
								"south": {"uv": [8, 32], "uv_size": [2, 1]},
								"west": {"uv": [32, 8], "uv_size": [2, 1]},
								"up": {"uv": [18, 24], "uv_size": [2, 2]},
								"down": {"uv": [24, 20], "uv_size": [2, -2]}
							}
						},
						{
							"origin": [-0.31066, 1.10938, -5],
							"size": [0.62132, 1.5, 1.5],
							"uv": {
								"north": {"uv": [32, 9], "uv_size": [1, 2]},
								"east": {"uv": [20, 24], "uv_size": [2, 2]},
								"south": {"uv": [32, 11], "uv_size": [1, 2]},
								"west": {"uv": [24, 20], "uv_size": [2, 2]},
								"up": {"uv": [12, 32], "uv_size": [1, 2]},
								"down": {"uv": [13, 34], "uv_size": [1, -2]}
							}
						},
						{
							"origin": [-0.31066, 1.10938, -5],
							"size": [0.62132, 1.5, 1.5],
							"pivot": [0, 1.85938, -4],
							"rotation": [0, 0, 45],
							"uv": {
								"north": {"uv": [32, 13], "uv_size": [1, 2]},
								"east": {"uv": [22, 24], "uv_size": [2, 2]},
								"south": {"uv": [32, 15], "uv_size": [1, 2]},
								"west": {"uv": [24, 22], "uv_size": [2, 2]},
								"up": {"uv": [16, 32], "uv_size": [1, 2]},
								"down": {"uv": [32, 19], "uv_size": [1, -2]}
							}
						},
						{
							"origin": [-1, 1.23438, -4.50888],
							"size": [2.5, 1.25, 0.51777],
							"uv": {
								"north": {"uv": [24, 24], "uv_size": [3, 1]},
								"east": {"uv": [35, 19], "uv_size": [1, 1]},
								"south": {"uv": [24, 25], "uv_size": [3, 1]},
								"west": {"uv": [20, 35], "uv_size": [1, 1]},
								"up": {"uv": [0, 26], "uv_size": [3, 1]},
								"down": {"uv": [26, 1], "uv_size": [3, -1]}
							}
						},
						{
							"origin": [-1, 1.23438, -4.50888],
							"size": [2.5, 1.25, 0.51777],
							"pivot": [0, 1.85938, -4.25],
							"rotation": [-45, 0, 0],
							"uv": {
								"north": {"uv": [26, 1], "uv_size": [3, 1]},
								"east": {"uv": [35, 20], "uv_size": [1, 1]},
								"south": {"uv": [26, 2], "uv_size": [3, 1]},
								"west": {"uv": [21, 35], "uv_size": [1, 1]},
								"up": {"uv": [3, 26], "uv_size": [3, 1]},
								"down": {"uv": [26, 4], "uv_size": [3, -1]}
							}
						},
						{
							"origin": [-1, 1.6005, -4.875],
							"size": [2.5, 0.51777, 1.25],
							"uv": {
								"north": {"uv": [26, 4], "uv_size": [3, 1]},
								"east": {"uv": [35, 21], "uv_size": [1, 1]},
								"south": {"uv": [26, 5], "uv_size": [3, 1]},
								"west": {"uv": [22, 35], "uv_size": [1, 1]},
								"up": {"uv": [6, 26], "uv_size": [3, 1]},
								"down": {"uv": [26, 7], "uv_size": [3, -1]}
							}
						},
						{
							"origin": [-1, 1.6005, -4.875],
							"size": [2.5, 0.51777, 1.25],
							"pivot": [0, 1.85938, -4.25],
							"rotation": [-45, 0, 0],
							"uv": {
								"north": {"uv": [26, 7], "uv_size": [3, 1]},
								"east": {"uv": [35, 23], "uv_size": [1, 1]},
								"south": {"uv": [26, 8], "uv_size": [3, 1]},
								"west": {"uv": [24, 35], "uv_size": [1, 1]},
								"up": {"uv": [9, 26], "uv_size": [3, 1]},
								"down": {"uv": [26, 10], "uv_size": [3, -1]}
							}
						},
						{
							"origin": [0.5, 1.6005, -4.875],
							"size": [0.5, 0.51777, 1.25],
							"pivot": [0, 1.85938, -4.25],
							"rotation": [-45, 0, -90],
							"uv": {
								"north": {"uv": [35, 24], "uv_size": [1, 1]},
								"east": {"uv": [25, 35], "uv_size": [1, 1]},
								"south": {"uv": [35, 25], "uv_size": [1, 1]},
								"west": {"uv": [26, 35], "uv_size": [1, 1]},
								"up": {"uv": [35, 26], "uv_size": [1, 1]},
								"down": {"uv": [27, 36], "uv_size": [1, -1]}
							}
						},
						{
							"origin": [0.5, 1.23438, -4.50888],
							"size": [0.5, 1.25, 0.51777],
							"pivot": [0, 1.85938, -4.25],
							"rotation": [0, 0, -90],
							"uv": {
								"north": {"uv": [35, 27], "uv_size": [1, 1]},
								"east": {"uv": [28, 35], "uv_size": [1, 1]},
								"south": {"uv": [35, 28], "uv_size": [1, 1]},
								"west": {"uv": [29, 35], "uv_size": [1, 1]},
								"up": {"uv": [35, 29], "uv_size": [1, 1]},
								"down": {"uv": [30, 36], "uv_size": [1, -1]}
							}
						},
						{
							"origin": [0.5, 1.23438, -4.50888],
							"size": [0.5, 1.25, 0.51777],
							"pivot": [0, 1.85938, -4.25],
							"rotation": [-45, 0, -90],
							"uv": {
								"north": {"uv": [35, 30], "uv_size": [1, 1]},
								"east": {"uv": [31, 35], "uv_size": [1, 1]},
								"south": {"uv": [35, 31], "uv_size": [1, 1]},
								"west": {"uv": [32, 35], "uv_size": [1, 1]},
								"up": {"uv": [35, 32], "uv_size": [1, 1]},
								"down": {"uv": [33, 36], "uv_size": [1, -1]}
							}
						},
						{
							"origin": [0.5, 1.6005, -4.875],
							"size": [0.5, 0.51777, 1.25],
							"pivot": [0, 1.85938, -4.25],
							"rotation": [0, 0, -90],
							"uv": {
								"north": {"uv": [35, 33], "uv_size": [1, 1]},
								"east": {"uv": [34, 35], "uv_size": [1, 1]},
								"south": {"uv": [35, 34], "uv_size": [1, 1]},
								"west": {"uv": [35, 35], "uv_size": [1, 1]},
								"up": {"uv": [0, 36], "uv_size": [1, 1]},
								"down": {"uv": [36, 1], "uv_size": [1, -1]}
							}
						},
						{
							"origin": [-0.25, 2.81166, -4.96875],
							"size": [0.5, 0.59543, 1.4375],
							"pivot": [0, 3.10938, -4.25],
							"rotation": [-45, 0, -90],
							"uv": {
								"north": {"uv": [1, 36], "uv_size": [1, 1]},
								"east": {"uv": [36, 1], "uv_size": [1, 1]},
								"south": {"uv": [2, 36], "uv_size": [1, 1]},
								"west": {"uv": [36, 2], "uv_size": [1, 1]},
								"up": {"uv": [3, 36], "uv_size": [1, 1]},
								"down": {"uv": [36, 4], "uv_size": [1, -1]}
							}
						},
						{
							"origin": [-0.25, 2.39063, -4.54772],
							"size": [0.5, 1.4375, 0.59543],
							"pivot": [0, 3.10938, -4.25],
							"rotation": [0, 0, -90],
							"uv": {
								"north": {"uv": [4, 36], "uv_size": [1, 1]},
								"east": {"uv": [36, 4], "uv_size": [1, 1]},
								"south": {"uv": [5, 36], "uv_size": [1, 1]},
								"west": {"uv": [36, 5], "uv_size": [1, 1]},
								"up": {"uv": [6, 36], "uv_size": [1, 1]},
								"down": {"uv": [36, 7], "uv_size": [1, -1]}
							}
						},
						{
							"origin": [-0.25, 2.39063, -4.54772],
							"size": [0.5, 1.4375, 0.59543],
							"pivot": [0, 3.10938, -4.25],
							"rotation": [-45, 0, -90],
							"uv": {
								"north": {"uv": [7, 36], "uv_size": [1, 1]},
								"east": {"uv": [36, 7], "uv_size": [1, 1]},
								"south": {"uv": [8, 36], "uv_size": [1, 1]},
								"west": {"uv": [36, 8], "uv_size": [1, 1]},
								"up": {"uv": [9, 36], "uv_size": [1, 1]},
								"down": {"uv": [36, 10], "uv_size": [1, -1]}
							}
						},
						{
							"origin": [-0.25, 2.81166, -4.96875],
							"size": [0.5, 0.59543, 1.4375],
							"pivot": [0, 3.10938, -4.25],
							"rotation": [0, 0, -90],
							"uv": {
								"north": {"uv": [10, 36], "uv_size": [1, 1]},
								"east": {"uv": [36, 10], "uv_size": [1, 1]},
								"south": {"uv": [11, 36], "uv_size": [1, 1]},
								"west": {"uv": [36, 11], "uv_size": [1, 1]},
								"up": {"uv": [12, 36], "uv_size": [1, 1]},
								"down": {"uv": [36, 13], "uv_size": [1, -1]}
							}
						},
						{
							"origin": [-1.5, 1.56166, -4.96875],
							"size": [0.5, 0.59543, 1.4375],
							"pivot": [-1.25, 1.85938, -4.25],
							"rotation": [-45, 0, 0],
							"uv": {
								"north": {"uv": [13, 36], "uv_size": [1, 1]},
								"east": {"uv": [36, 13], "uv_size": [1, 1]},
								"south": {"uv": [14, 36], "uv_size": [1, 1]},
								"west": {"uv": [36, 14], "uv_size": [1, 1]},
								"up": {"uv": [15, 36], "uv_size": [1, 1]},
								"down": {"uv": [36, 16], "uv_size": [1, -1]}
							}
						},
						{
							"origin": [-1.5, 1.56166, -4.96875],
							"size": [0.5, 0.59543, 1.4375],
							"uv": {
								"north": {"uv": [16, 36], "uv_size": [1, 1]},
								"east": {"uv": [36, 16], "uv_size": [1, 1]},
								"south": {"uv": [17, 36], "uv_size": [1, 1]},
								"west": {"uv": [36, 17], "uv_size": [1, 1]},
								"up": {"uv": [18, 36], "uv_size": [1, 1]},
								"down": {"uv": [36, 19], "uv_size": [1, -1]}
							}
						},
						{
							"origin": [-1.5, 1.14063, -4.54772],
							"size": [0.5, 1.4375, 0.59543],
							"pivot": [-1.25, 1.85938, -4.25],
							"rotation": [-45, 0, 0],
							"uv": {
								"north": {"uv": [19, 36], "uv_size": [1, 1]},
								"east": {"uv": [36, 19], "uv_size": [1, 1]},
								"south": {"uv": [20, 36], "uv_size": [1, 1]},
								"west": {"uv": [36, 20], "uv_size": [1, 1]},
								"up": {"uv": [21, 36], "uv_size": [1, 1]},
								"down": {"uv": [36, 22], "uv_size": [1, -1]}
							}
						},
						{
							"origin": [-1.5, 1.14063, -4.54772],
							"size": [0.5, 1.4375, 0.59543],
							"uv": {
								"north": {"uv": [22, 36], "uv_size": [1, 1]},
								"east": {"uv": [36, 22], "uv_size": [1, 1]},
								"south": {"uv": [23, 36], "uv_size": [1, 1]},
								"west": {"uv": [36, 23], "uv_size": [1, 1]},
								"up": {"uv": [24, 36], "uv_size": [1, 1]},
								"down": {"uv": [36, 25], "uv_size": [1, -1]}
							}
						},
						{
							"origin": [1.13125, 1.47813, -4.59191],
							"size": [0.375, 0.7, 0.7],
							"uv": {
								"east": {"uv": [471, 288], "uv_size": [41, 47]},
								"west": {"uv": [282, 445], "uv_size": [32, 32]},
								"up": {"uv": [469, 323], "uv_size": [43, 31]},
								"down": {"uv": [478, 234], "uv_size": [34, -36]}
							}
						}
					]
				},
				{
					"name": "division",
					"pivot": [-0.14687, 1.31251, -112.575],
					"cubes": [
						{
							"origin": [-26.375, -24.93749, -112.5],
							"size": [52.375, 52.375, 0.25],
							"uv": {
								"south": {"uv": [268, 0], "uv_size": [210, 210]}
							}
						},
						{
							"origin": [-93.08125, -74.93749, -112.5],
							"size": [66.70625, 152.375, 0.25],
							"uv": {
								"south": {"uv": [62, 59], "uv_size": [1, 1]}
							}
						},
						{
							"origin": [25.85937, -74.93749, -112.5],
							"size": [67.26875, 152.375, 0.25],
							"uv": {
								"south": {"uv": [62, 59], "uv_size": [1, 1]}
							}
						},
						{
							"origin": [-26.375, 27.43751, -112.5],
							"size": [52.375, 50, 0.25],
							"uv": {
								"south": {"uv": [62, 59], "uv_size": [1, 1]}
							}
						},
						{
							"origin": [-26.375, -74.93749, -112.5],
							"size": [52.375, 50, 0.25],
							"uv": {
								"south": {"uv": [62, 59], "uv_size": [1, 1]}
							}
						}
					]
				},
				{
					"name": "cross_illuminated",
					"parent": "division",
					"pivot": [-0.0625, 1.95313, -112.75],
					"rotation": [0, 0, -45],
					"cubes": [
						{
							"origin": [-10.22187, -9.14312, -114.145],
							"size": [21.5, 21.5, 0.92],
							"pivot": [-0.0625, 1.01313, -69.685],
							"rotation": [0, 0, -45],
							"uv": {
								"south": {"uv": [0, 263], "uv_size": [238, 238]}
							}
						},
						{
							"origin": [-3.76562, -1.5625, -151],
							"size": [7, 7, 0],
							"pivot": [-0.0625, 2.14063, -161],
							"rotation": [0, 0, -45],
							"uv": {
								"south": {"uv": [370, 410], "uv_size": [82, 82]}
							}
						}
					]
				},
				{
					"name": "scope_view",
					"pivot": [0, 1.875, 9.25]
				},
				{
					"name": "ocular_ring",
					"pivot": [0, 1.85938, 3.5],
					"cubes": [
						{
							"origin": [-0.19891, 2.73438, 3.5],
							"size": [0.39782, 0.125, 0.5],
							"pivot": [0, 1.85938, 3.5],
							"rotation": [0, 0, -45],
							"uv": {
								"north": {"uv": [25, 36], "uv_size": [1, 1]},
								"east": {"uv": [36, 25], "uv_size": [1, 1]},
								"south": {"uv": [26, 36], "uv_size": [1, 1]},
								"west": {"uv": [36, 26], "uv_size": [1, 1]},
								"up": {"uv": [27, 36], "uv_size": [1, 1]},
								"down": {"uv": [36, 28], "uv_size": [1, -1]}
							}
						},
						{
							"origin": [-0.19891, 2.73438, 3.5],
							"size": [0.39782, 0.125, 0.5],
							"pivot": [0, 1.85938, 3.5],
							"rotation": [0, 0, -22.5],
							"uv": {
								"north": {"uv": [28, 36], "uv_size": [1, 1]},
								"east": {"uv": [36, 28], "uv_size": [1, 1]},
								"south": {"uv": [29, 36], "uv_size": [1, 1]},
								"west": {"uv": [36, 29], "uv_size": [1, 1]},
								"up": {"uv": [30, 36], "uv_size": [1, 1]},
								"down": {"uv": [36, 31], "uv_size": [1, -1]}
							}
						},
						{
							"origin": [-0.19891, 2.73438, 3.5],
							"size": [0.39782, 0.125, 0.5],
							"uv": {
								"north": {"uv": [31, 36], "uv_size": [1, 1]},
								"east": {"uv": [36, 31], "uv_size": [1, 1]},
								"south": {"uv": [32, 36], "uv_size": [1, 1]},
								"west": {"uv": [36, 32], "uv_size": [1, 1]},
								"up": {"uv": [33, 36], "uv_size": [1, 1]},
								"down": {"uv": [36, 34], "uv_size": [1, -1]}
							}
						},
						{
							"origin": [-0.19891, 0.85938, 3.5],
							"size": [0.39782, 0.125, 0.5],
							"pivot": [0, 1.85938, 3.5],
							"rotation": [0, 0, 22.5],
							"uv": {
								"north": {"uv": [34, 36], "uv_size": [1, 1]},
								"east": {"uv": [36, 34], "uv_size": [1, 1]},
								"south": {"uv": [35, 36], "uv_size": [1, 1]},
								"west": {"uv": [36, 35], "uv_size": [1, 1]},
								"up": {"uv": [36, 36], "uv_size": [1, 1]},
								"down": {"uv": [0, 38], "uv_size": [1, -1]}
							}
						},
						{
							"origin": [-0.19891, 0.85938, 3.5],
							"size": [0.39782, 0.125, 0.5],
							"pivot": [0, 1.85938, 3.5],
							"rotation": [0, 0, 45],
							"uv": {
								"north": {"uv": [37, 0], "uv_size": [1, 1]},
								"east": {"uv": [1, 37], "uv_size": [1, 1]},
								"south": {"uv": [37, 1], "uv_size": [1, 1]},
								"west": {"uv": [2, 37], "uv_size": [1, 1]},
								"up": {"uv": [37, 2], "uv_size": [1, 1]},
								"down": {"uv": [3, 38], "uv_size": [1, -1]}
							}
						},
						{
							"origin": [-1, 1.66047, 3.5],
							"size": [0.125, 0.39782, 0.5],
							"pivot": [0, 1.85938, 3.5],
							"rotation": [0, 0, -22.5],
							"uv": {
								"north": {"uv": [37, 3], "uv_size": [1, 1]},
								"east": {"uv": [4, 37], "uv_size": [1, 1]},
								"south": {"uv": [37, 4], "uv_size": [1, 1]},
								"west": {"uv": [5, 37], "uv_size": [1, 1]},
								"up": {"uv": [37, 5], "uv_size": [1, 1]},
								"down": {"uv": [6, 38], "uv_size": [1, -1]}
							}
						},
						{
							"origin": [-1, 1.66047, 3.5],
							"size": [0.125, 0.39782, 0.5],
							"uv": {
								"north": {"uv": [37, 6], "uv_size": [1, 1]},
								"east": {"uv": [7, 37], "uv_size": [1, 1]},
								"south": {"uv": [37, 7], "uv_size": [1, 1]},
								"west": {"uv": [8, 37], "uv_size": [1, 1]},
								"up": {"uv": [37, 8], "uv_size": [1, 1]},
								"down": {"uv": [9, 38], "uv_size": [1, -1]}
							}
						},
						{
							"origin": [-1, 1.66047, 3.5],
							"size": [0.125, 0.39782, 0.5],
							"pivot": [0, 1.85938, 3.5],
							"rotation": [0, 0, 22.5],
							"uv": {
								"north": {"uv": [37, 9], "uv_size": [1, 1]},
								"east": {"uv": [10, 37], "uv_size": [1, 1]},
								"south": {"uv": [37, 10], "uv_size": [1, 1]},
								"west": {"uv": [11, 37], "uv_size": [1, 1]},
								"up": {"uv": [37, 11], "uv_size": [1, 1]},
								"down": {"uv": [12, 38], "uv_size": [1, -1]}
							}
						},
						{
							"origin": [-0.19891, 0.85938, 3.5],
							"size": [0.39782, 0.125, 0.5],
							"pivot": [0, 1.85938, 3.5],
							"rotation": [0, 0, -157.5],
							"uv": {
								"north": {"uv": [37, 12], "uv_size": [1, 1]},
								"east": {"uv": [13, 37], "uv_size": [1, 1]},
								"south": {"uv": [37, 13], "uv_size": [1, 1]},
								"west": {"uv": [14, 37], "uv_size": [1, 1]},
								"up": {"uv": [37, 14], "uv_size": [1, 1]},
								"down": {"uv": [15, 38], "uv_size": [1, -1]}
							}
						},
						{
							"origin": [-0.19891, 0.85938, 3.5],
							"size": [0.39782, 0.125, 0.5],
							"pivot": [0, 1.85938, 3.5],
							"rotation": [0, 0, -135],
							"uv": {
								"north": {"uv": [37, 15], "uv_size": [1, 1]},
								"east": {"uv": [16, 37], "uv_size": [1, 1]},
								"south": {"uv": [37, 16], "uv_size": [1, 1]},
								"west": {"uv": [17, 37], "uv_size": [1, 1]},
								"up": {"uv": [37, 17], "uv_size": [1, 1]},
								"down": {"uv": [18, 38], "uv_size": [1, -1]}
							}
						},
						{
							"origin": [-1, 1.66047, 3.5],
							"size": [0.125, 0.39782, 0.5],
							"pivot": [0, 1.85938, 3.5],
							"rotation": [0, 0, 157.5],
							"uv": {
								"north": {"uv": [37, 18], "uv_size": [1, 1]},
								"east": {"uv": [19, 37], "uv_size": [1, 1]},
								"south": {"uv": [37, 19], "uv_size": [1, 1]},
								"west": {"uv": [20, 37], "uv_size": [1, 1]},
								"up": {"uv": [37, 20], "uv_size": [1, 1]},
								"down": {"uv": [21, 38], "uv_size": [1, -1]}
							}
						},
						{
							"origin": [-1, 1.66047, 3.5],
							"size": [0.125, 0.39782, 0.5],
							"pivot": [0, 1.85938, 3.5],
							"rotation": [0, 0, -180],
							"uv": {
								"north": {"uv": [37, 21], "uv_size": [1, 1]},
								"east": {"uv": [22, 37], "uv_size": [1, 1]},
								"south": {"uv": [37, 22], "uv_size": [1, 1]},
								"west": {"uv": [23, 37], "uv_size": [1, 1]},
								"up": {"uv": [37, 23], "uv_size": [1, 1]},
								"down": {"uv": [24, 38], "uv_size": [1, -1]}
							}
						},
						{
							"origin": [-1, 1.66047, 3.5],
							"size": [0.125, 0.39782, 0.5],
							"pivot": [0, 1.85938, 3.5],
							"rotation": [0, 0, -157.5],
							"uv": {
								"north": {"uv": [37, 24], "uv_size": [1, 1]},
								"east": {"uv": [25, 37], "uv_size": [1, 1]},
								"south": {"uv": [37, 25], "uv_size": [1, 1]},
								"west": {"uv": [26, 37], "uv_size": [1, 1]},
								"up": {"uv": [37, 26], "uv_size": [1, 1]},
								"down": {"uv": [27, 38], "uv_size": [1, -1]}
							}
						},
						{
							"origin": [-0.19891, 2.73438, 3.5],
							"size": [0.39782, 0.125, 0.5],
							"pivot": [0, 1.85938, 3.5],
							"rotation": [0, 0, 135],
							"uv": {
								"north": {"uv": [37, 27], "uv_size": [1, 1]},
								"east": {"uv": [28, 37], "uv_size": [1, 1]},
								"south": {"uv": [37, 28], "uv_size": [1, 1]},
								"west": {"uv": [29, 37], "uv_size": [1, 1]},
								"up": {"uv": [37, 29], "uv_size": [1, 1]},
								"down": {"uv": [30, 38], "uv_size": [1, -1]}
							}
						},
						{
							"origin": [-0.19891, 2.73438, 3.5],
							"size": [0.39782, 0.125, 0.5],
							"pivot": [0, 1.85938, 3.5],
							"rotation": [0, 0, 157.5],
							"uv": {
								"north": {"uv": [37, 30], "uv_size": [1, 1]},
								"east": {"uv": [31, 37], "uv_size": [1, 1]},
								"south": {"uv": [37, 31], "uv_size": [1, 1]},
								"west": {"uv": [32, 37], "uv_size": [1, 1]},
								"up": {"uv": [37, 32], "uv_size": [1, 1]},
								"down": {"uv": [33, 38], "uv_size": [1, -1]}
							}
						},
						{
							"origin": [-0.19891, 2.73438, 3.5],
							"size": [0.39782, 0.125, 0.5],
							"pivot": [0, 1.85938, 3.5],
							"rotation": [0, 0, -180],
							"uv": {
								"north": {"uv": [37, 33], "uv_size": [1, 1]},
								"east": {"uv": [34, 37], "uv_size": [1, 1]},
								"south": {"uv": [37, 34], "uv_size": [1, 1]},
								"west": {"uv": [35, 37], "uv_size": [1, 1]},
								"up": {"uv": [37, 35], "uv_size": [1, 1]},
								"down": {"uv": [36, 38], "uv_size": [1, -1]}
							}
						}
					]
				},
				{
					"name": "ocular",
					"pivot": [0, 1.85938, 3.875],
					"cubes": [
						{
							"origin": [-0.88, 1.68434, 3.875],
							"size": [1.76, 0.35009, 0],
							"pivot": [0, 1.85938, 3.875],
							"rotation": [0, 0, 22.5],
							"uv": {
								"south": {"uv": [37, 37], "uv_size": [2, 1]}
							}
						},
						{
							"origin": [-0.88, 1.68434, 3.875],
							"size": [1.76, 0.35009, 0],
							"pivot": [0, 1.85938, 3.875],
							"rotation": [0, 0, -180],
							"uv": {
								"north": {"uv": [0, 38], "uv_size": [2, 1]},
								"east": {"uv": [0, 0], "uv_size": [0, 1]},
								"south": {"uv": [38, 0], "uv_size": [2, 1]},
								"west": {"uv": [0, 0], "uv_size": [0, 1]},
								"up": {"uv": [0, 0], "uv_size": [2, 0]},
								"down": {"uv": [0, 0], "uv_size": [2, 0]}
							}
						},
						{
							"origin": [-0.88, 1.68434, 3.875],
							"size": [1.76, 0.35009, 0],
							"pivot": [0, 1.85938, 3.875],
							"rotation": [0, 0, 157.5],
							"uv": {
								"south": {"uv": [2, 38], "uv_size": [2, 1]}
							}
						},
						{
							"origin": [-0.17504, 0.97938, 3.875],
							"size": [0.35009, 1.76, 0],
							"pivot": [0, 1.85938, 3.875],
							"rotation": [0, 0, -135],
							"uv": {
								"south": {"uv": [4, 38], "uv_size": [1, 2]}
							}
						},
						{
							"origin": [-0.17504, 0.97938, 3.875],
							"size": [0.35009, 1.76, 0],
							"pivot": [0, 1.85938, 3.875],
							"rotation": [0, 0, -157.5],
							"uv": {
								"south": {"uv": [5, 38], "uv_size": [1, 2]}
							}
						},
						{
							"origin": [-0.17504, 0.97938, 3.875],
							"size": [0.35009, 1.76, 0],
							"uv": {
								"south": {"uv": [38, 6], "uv_size": [1, 2]}
							}
						},
						{
							"origin": [-0.17504, 0.97938, 3.875],
							"size": [0.35009, 1.76, 0],
							"pivot": [0, 1.85938, 3.875],
							"rotation": [0, 0, -22.5],
							"uv": {
								"south": {"uv": [8, 38], "uv_size": [1, 2]}
							}
						},
						{
							"origin": [-0.17504, 0.97938, 3.875],
							"size": [0.35009, 1.76, 0],
							"pivot": [0, 1.85938, 3.875],
							"rotation": [0, 0, -45],
							"uv": {
								"south": {"uv": [9, 38], "uv_size": [1, 2]}
							}
						}
					]
				}
			]
		}
	]
}