{
  "model": "maxstuff:gun/gm6_lynx_geo",
  "texture": "maxstuff:gun/uv/gm6_lynx",
  "lod": {
    "model": "maxstuff:gun/gm6_lynx_geo",
    "texture": "maxstuff:gun/uv/gm6_lynx"
  },
  "hud": "maxstuff:gun/hud/gm6_lynx",
  "slot": "maxstuff:gun/slot/gm6_lynx",
  "animation": "maxstuff:gm6_lynx",
  "third_person_animation": "default",
  "use_default_animation": "rifle",
  "transform": {
    "scale": {
      "thirdperson": [0.6, 0.6, 0.6],
      "ground": [0.6, 0.6, 0.6],
      "fixed": [1.2, 1.2, 1.2]
    }
  },
  "muzzle_flash": {
    "texture": "tacz:flash/common_muzzle_flash",
    "scale": 2
  },
  "shell": {
    "initial_velocity": [5, 2, 1],
    "random_velocity": [1, 1, 0.25],
    "acceleration": [0.0, -10, 0.0],
    "angular_velocity": [360, -1200, 90],
    "living_time": 1.0
  },
  "sounds": {
    "shoot": "maxstuff:gm6_lynx/gm6_lynx_shoot",
    "shoot_3p": "maxstuff:gm6_lynx/gm6_lynx_shoot"
  },
  "offhand_show": {
    "pos": [0, 20, 4],
    "rotate": [0, 0, 30],
    "scale": [0.5, 0.5, 0.5]
  },
  "hotbar_show": {
    "0": {
      "pos": [-4, 24, 3],
      "rotate": [-90, -5, -90],
      "scale": [0.5, 0.5, 0.5]
    }
  }
}