{
	"format_version": "1.12.0",
	"minecraft:geometry": [
		{
			"description": {
				"identifier": "geometry.unknown",
				"texture_width": 32,
				"texture_height": 32,
				"visible_bounds_width": 2,
				"visible_bounds_height": 1.5,
				"visible_bounds_offset": [0, 0.25, 0]
			},
			"bones": [
				{
					"name": "bullet",
					"pivot": [0, 0, -5.5]
				},
				{
					"name": "can",
					"parent": "bullet",
					"pivot": [0, -0.125, -10.25]
				},
				{
					"name": "octagon",
					"parent": "can",
					"pivot": [0, -0.125, -9.6875],
					"rotation": [0, -90, 0],
					"cubes": [
						{
							"origin": [-2.109, -0.63075, -10.9085],
							"size": [4.218, 1.01151, 2.442],
							"pivot": [0, -0.125, -9.6875],
							"rotation": [-45, 0, 0],
							"uv": {
								"north": {"uv": [13, 8], "uv_size": [4, 1]},
								"east": {"uv": [5, 9], "uv_size": [2.5, 1]},
								"south": {"uv": [13, 9], "uv_size": [4, 1]},
								"west": {"uv": [0, 15], "uv_size": [2.5, 1]},
								"up": {"uv": [0, 0], "uv_size": [4, 2.5]},
								"down": {"uv": [0, 5.5], "uv_size": [4, -2.5]}
							}
						},
						{
							"origin": [-2.109, -0.63075, -10.9085],
							"size": [4.218, 1.01151, 2.442],
							"uv": {
								"north": {"uv": [10, 13], "uv_size": [4, 1]},
								"east": {"uv": [3, 15], "uv_size": [2.5, 1]},
								"south": {"uv": [0, 14], "uv_size": [4, 1]},
								"west": {"uv": [6, 15], "uv_size": [2.5, 1]},
								"up": {"uv": [4, 0], "uv_size": [4, 2.5]},
								"down": {"uv": [4, 5.5], "uv_size": [4, -2.5]}
							}
						},
						{
							"origin": [-2.109, -1.346, -10.19325],
							"size": [4.218, 2.442, 1.01151],
							"pivot": [0, -0.125, -9.6875],
							"rotation": [-45, 0, 0],
							"uv": {
								"north": {"uv": [0, 6], "uv_size": [4, 2.5]},
								"east": {"uv": [9, 15], "uv_size": [1, 2.5]},
								"south": {"uv": [4, 6], "uv_size": [4, 2.5]},
								"west": {"uv": [10, 15], "uv_size": [1, 2.5]},
								"up": {"uv": [4, 14], "uv_size": [4, 1]},
								"down": {"uv": [8, 15], "uv_size": [4, -1]}
							}
						},
						{
							"origin": [-2.109, -1.346, -10.19325],
							"size": [4.218, 2.442, 1.01151],
							"uv": {
								"north": {"uv": [8, 0], "uv_size": [4, 2.5]},
								"east": {"uv": [15, 10], "uv_size": [1, 2.5]},
								"south": {"uv": [8, 3], "uv_size": [4, 2.5]},
								"west": {"uv": [11, 15], "uv_size": [1, 2.5]},
								"up": {"uv": [12, 14], "uv_size": [4, 1]},
								"down": {"uv": [14, 14], "uv_size": [4, -1]}
							}
						}
					]
				},
				{
					"name": "octagon4",
					"parent": "can",
					"pivot": [0, -0.125, -10.7975],
					"rotation": [0, -90, 0],
					"cubes": [
						{
							"origin": [-1.18528, -0.54233, -11.80503],
							"size": [4.59057, 0.83467, 2.01507],
							"pivot": [0, -0.125, -10.7975],
							"rotation": [-45, 0, 0],
							"uv": {
								"north": {"uv": [12, 4], "uv_size": [4.5, 1]},
								"east": {"uv": [12, 15], "uv_size": [2, 1]},
								"south": {"uv": [5, 12], "uv_size": [4.5, 1]},
								"west": {"uv": [14, 15], "uv_size": [2, 1]},
								"up": {"uv": [8, 6], "uv_size": [4.5, 2]},
								"down": {"uv": [8, 10], "uv_size": [4.5, -2]}
							}
						},
						{
							"origin": [-1.18528, -0.54233, -11.80503],
							"size": [4.59057, 0.83467, 2.01507],
							"uv": {
								"north": {"uv": [12, 5], "uv_size": [4.5, 1]},
								"east": {"uv": [0, 16], "uv_size": [2, 1]},
								"south": {"uv": [10, 12], "uv_size": [4.5, 1]},
								"west": {"uv": [2, 16], "uv_size": [2, 1]},
								"up": {"uv": [0, 9], "uv_size": [4.5, 2]},
								"down": {"uv": [5, 12], "uv_size": [4.5, -2]}
							}
						},
						{
							"origin": [-1.18528, -1.13253, -11.21483],
							"size": [4.59057, 2.01507, 0.83467],
							"pivot": [0, -0.125, -10.7975],
							"rotation": [-45, 0, 0],
							"uv": {
								"north": {"uv": [10, 10], "uv_size": [4.5, 2]},
								"east": {"uv": [4, 16], "uv_size": [1, 2]},
								"south": {"uv": [0, 11], "uv_size": [4.5, 2]},
								"west": {"uv": [5, 16], "uv_size": [1, 2]},
								"up": {"uv": [0, 13], "uv_size": [4.5, 1]},
								"down": {"uv": [5, 14], "uv_size": [4.5, -1]}
							}
						},
						{
							"origin": [-1.18528, -1.13253, -11.21483],
							"size": [4.59057, 2.01507, 0.83467],
							"uv": {
								"north": {"uv": [12, 0], "uv_size": [4.5, 2]},
								"east": {"uv": [6, 16], "uv_size": [1, 2]},
								"south": {"uv": [12, 2], "uv_size": [4.5, 2]},
								"west": {"uv": [7, 16], "uv_size": [1, 2]},
								"up": {"uv": [13, 6], "uv_size": [4.5, 1]},
								"down": {"uv": [13, 8], "uv_size": [4.5, -1]}
							}
						}
					]
				}
			]
		}
	]
}