{
	"format_version": "1.12.0",
	"minecraft:geometry": [
		{
			"description": {
				"identifier": "geometry.LP-Honey Badger",
				"texture_width": 40,
				"texture_height": 40,
				"visible_bounds_width": 4,
				"visible_bounds_height": 2.5,
				"visible_bounds_offset": [0, 0.75, 0]
			},
			"bones": [
				{
					"name": "lod_m4",
					"pivot": [0, 0, -8]
				},
				{
					"name": "ld_handguard",
					"parent": "lod_m4",
					"pivot": [0.075, 0, -8],
					"cubes": [
						{
							"origin": [-0.89022, 8.6418, -16.47186],
							"size": [1.78044, 1.78044, 8.13871],
							"pivot": [0, 9.53202, -8.48156],
							"rotation": [0, 0, -45],
							"uv": {
								"north": {"uv": [6, 10], "uv_size": [2, 2]},
								"east": {"uv": [8, 0], "uv_size": [8, 2]},
								"south": {"uv": [24, 24], "uv_size": [2, 2]},
								"west": {"uv": [8, 2], "uv_size": [8, 2]},
								"up": {"uv": [8, 4], "uv_size": [2, 8]},
								"down": {"uv": [0, 18], "uv_size": [2, -8]}
							}
						},
						{
							"origin": [-0.375, 7.95, -16.475],
							"size": [0.75, 3.15, 8.1],
							"uv": {
								"north": {"uv": [26, 19], "uv_size": [1, 3]},
								"east": {"uv": [0, 0], "uv_size": [8, 3]},
								"south": {"uv": [26, 22], "uv_size": [1, 3]},
								"west": {"uv": [0, 3], "uv_size": [8, 3]},
								"up": {"uv": [3, 19], "uv_size": [1, 8]},
								"down": {"uv": [4, 27], "uv_size": [1, -8]}
							}
						}
					]
				},
				{
					"name": "ld_gunbody",
					"parent": "lod_m4",
					"pivot": [0, 0, -8]
				},
				{
					"name": "ld_foresight",
					"parent": "ld_gunbody",
					"pivot": [-0.06171, 9.53202, -16.88079]
				},
				{
					"name": "ld_barrel",
					"parent": "ld_gunbody",
					"pivot": [0, 9.53202, -16.98409],
					"cubes": [
						{
							"origin": [-0.44438, 9.08763, -17.78324],
							"size": [0.88877, 0.88877, 2.25573],
							"pivot": [0, 9.53201, -17.37412],
							"rotation": [0, 0, -45],
							"uv": {
								"north": {"uv": [9, 12], "uv_size": [1, 1]},
								"east": {"uv": [26, 9], "uv_size": [2.5, 1]},
								"south": {"uv": [11, 22], "uv_size": [1, 1]},
								"west": {"uv": [26, 10], "uv_size": [2.5, 1]},
								"up": {"uv": [24, 26], "uv_size": [1, 2.5]},
								"down": {"uv": [25, 28.5], "uv_size": [1, -2.5]}
							}
						}
					]
				},
				{
					"name": "ld_buffer",
					"parent": "ld_gunbody",
					"pivot": [-0.31262, 9.43115, -0.28907],
					"cubes": [
						{
							"origin": [-0.81869, 8.29618, 0.13745],
							"size": [1.66411, 1.63286, 0.96479],
							"pivot": [-0.54585, 9.30971, 0.59636],
							"rotation": [0, 0, -45],
							"uv": {
								"north": {"uv": [3, 27], "uv_size": [1.5, 1.5]},
								"east": {"uv": [29, 9], "uv_size": [1, 1.5]},
								"south": {"uv": [11, 27], "uv_size": [1.5, 1.5]},
								"west": {"uv": [13, 29], "uv_size": [1, 1.5]},
								"up": {"uv": [16, 29], "uv_size": [1.5, 1]},
								"down": {"uv": [29, 17], "uv_size": [1.5, -1]}
							}
						},
						{
							"origin": [-0.88119, 8.29618, -0.40234],
							"size": [1.69536, 0.23286, 0.72729],
							"pivot": [-0.54585, 9.30971, 1.63157],
							"rotation": [0, 0, -45],
							"uv": {
								"north": {"uv": [31, 27], "uv_size": [1.5, 0.5]},
								"east": {"uv": [33, 32], "uv_size": [0.5, 0.5]},
								"south": {"uv": [31, 28], "uv_size": [1.5, 0.5]},
								"west": {"uv": [33, 33], "uv_size": [0.5, 0.5]},
								"up": {"uv": [29, 31], "uv_size": [1.5, 0.5]},
								"down": {"uv": [31, 29.5], "uv_size": [1.5, -0.5]}
							}
						},
						{
							"origin": [-0.84543, 8.26493, -0.40234],
							"size": [1.72661, 0.26411, 0.53979],
							"pivot": [0.54585, 9.30971, 1.63157],
							"rotation": [0, 0, 45],
							"uv": {
								"north": {"uv": [31, 30], "uv_size": [1.5, 0.5]},
								"east": {"uv": [0, 34], "uv_size": [0.5, 0.5]},
								"south": {"uv": [31, 31], "uv_size": [1.5, 0.5]},
								"west": {"uv": [34, 0], "uv_size": [0.5, 0.5]},
								"up": {"uv": [32, 0], "uv_size": [1.5, 0.5]},
								"down": {"uv": [32, 1.5], "uv_size": [1.5, -0.5]}
							}
						}
					]
				},
				{
					"name": "sight",
					"parent": "ld_gunbody",
					"pivot": [0.0625, -0.79028, -8.00065],
					"cubes": [
						{
							"origin": [-0.4375, 10.67847, -1.4069],
							"size": [0.875, 0.75, 1.03125],
							"uv": {
								"north": {"uv": [18, 31], "uv_size": [1, 1]},
								"east": {"uv": [31, 18], "uv_size": [1, 1]},
								"south": {"uv": [19, 31], "uv_size": [1, 1]},
								"west": {"uv": [31, 19], "uv_size": [1, 1]},
								"up": {"uv": [20, 31], "uv_size": [1, 1]},
								"down": {"uv": [31, 21], "uv_size": [1, -1]}
							}
						},
						{
							"origin": [-0.4375, 10.67847, -16.31315],
							"size": [0.875, 0.75, 1.03125],
							"uv": {
								"north": {"uv": [22, 31], "uv_size": [1, 1]},
								"east": {"uv": [31, 22], "uv_size": [1, 1]},
								"south": {"uv": [23, 31], "uv_size": [1, 1]},
								"west": {"uv": [31, 23], "uv_size": [1, 1]},
								"up": {"uv": [24, 31], "uv_size": [1, 1]},
								"down": {"uv": [25, 32], "uv_size": [1, -1]}
							}
						},
						{
							"origin": [-0.4375, 11.42847, -0.81315],
							"size": [0, 0.875, 0.4375],
							"uv": {
								"north": {"uv": [0, 0], "uv_size": [0, 1]},
								"east": {"uv": [33, 28], "uv_size": [0.5, 1]},
								"south": {"uv": [0, 0], "uv_size": [0, 1]},
								"west": {"uv": [29, 33], "uv_size": [0.5, 1]},
								"up": {"uv": [0, 0], "uv_size": [0, 0.5]},
								"down": {"uv": [0, 0.5], "uv_size": [0, -0.5]}
							}
						},
						{
							"origin": [0.125, 11.42847, 0.00035],
							"size": [0, 0.875, 0.874],
							"pivot": [0.5625, 11.83472, -0.12565],
							"rotation": [0, -90, 0],
							"uv": {
								"north": {"uv": [0, 0], "uv_size": [0, 1]},
								"east": {"uv": [21, 31], "uv_size": [1, 1]},
								"south": {"uv": [0, 0], "uv_size": [0, 1]},
								"west": {"uv": [31, 21], "uv_size": [1, 1]},
								"up": {"uv": [0, 0], "uv_size": [0, 1]},
								"down": {"uv": [0, 1], "uv_size": [0, -1]}
							}
						},
						{
							"origin": [0.125, 11.42847, -14.93715],
							"size": [0, 0.875, 0.874],
							"pivot": [0.5625, 11.83472, -15.06315],
							"rotation": [0, -90, 0],
							"uv": {
								"north": {"uv": [0, 0], "uv_size": [0, 1]},
								"east": {"uv": [26, 31], "uv_size": [1, 1]},
								"south": {"uv": [0, 0], "uv_size": [0, 1]},
								"west": {"uv": [27, 31], "uv_size": [1, 1]},
								"up": {"uv": [0, 0], "uv_size": [0, 1]},
								"down": {"uv": [0, 1], "uv_size": [0, -1]}
							}
						},
						{
							"origin": [0.4375, 11.42847, -0.81315],
							"size": [0, 0.875, 0.4375],
							"uv": {
								"north": {"uv": [0, 0], "uv_size": [0, 1]},
								"east": {"uv": [33, 29], "uv_size": [0.5, 1]},
								"south": {"uv": [0, 0], "uv_size": [0, 1]},
								"west": {"uv": [30, 33], "uv_size": [0.5, 1]},
								"up": {"uv": [0, 0], "uv_size": [0, 0.5]},
								"down": {"uv": [0, 0.5], "uv_size": [0, -0.5]}
							}
						},
						{
							"origin": [0.4375, 11.42847, -15.7194],
							"size": [0, 0.875, 0.4375],
							"uv": {
								"north": {"uv": [0, 0], "uv_size": [0, 1]},
								"east": {"uv": [33, 30], "uv_size": [0.5, 1]},
								"south": {"uv": [0, 0], "uv_size": [0, 1]},
								"west": {"uv": [31, 33], "uv_size": [0.5, 1]},
								"up": {"uv": [0, 0], "uv_size": [0, 0.5]},
								"down": {"uv": [0, 0.5], "uv_size": [0, -0.5]}
							}
						},
						{
							"origin": [-0.4375, 11.42847, -15.7194],
							"size": [0, 0.875, 0.4375],
							"uv": {
								"north": {"uv": [0, 0], "uv_size": [0, 1]},
								"east": {"uv": [33, 31], "uv_size": [0.5, 1]},
								"south": {"uv": [0, 0], "uv_size": [0, 1]},
								"west": {"uv": [32, 33], "uv_size": [0.5, 1]},
								"up": {"uv": [0, 0], "uv_size": [0, 0.5]},
								"down": {"uv": [0, 0.5], "uv_size": [0, -0.5]}
							}
						}
					]
				},
				{
					"name": "ld_grip",
					"parent": "ld_gunbody",
					"pivot": [0, 4.58039, 0.23945],
					"cubes": [
						{
							"origin": [-0.625, 5.475, -2],
							"size": [1.25, 1.525, 1.7],
							"uv": {
								"north": {"uv": [13, 27], "uv_size": [1.5, 1.5]},
								"east": {"uv": [27, 13], "uv_size": [1.5, 1.5]},
								"south": {"uv": [27, 15], "uv_size": [1.5, 1.5]},
								"west": {"uv": [16, 27], "uv_size": [1.5, 1.5]},
								"up": {"uv": [27, 17], "uv_size": [1.5, 1.5]},
								"down": {"uv": [18, 28.5], "uv_size": [1.5, -1.5]}
							}
						},
						{
							"origin": [-0.625, 2.68178, -0.8108],
							"size": [1.25, 3.875, 1.625],
							"inflate": 0.001,
							"pivot": [0, 4.46928, 0.0767],
							"rotation": [30.75, 0, 0],
							"uv": {
								"north": {"uv": [18, 20], "uv_size": [1.5, 4]},
								"east": {"uv": [20, 20], "uv_size": [1.5, 4]},
								"south": {"uv": [5, 21], "uv_size": [1.5, 4]},
								"west": {"uv": [7, 21], "uv_size": [1.5, 4]},
								"up": {"uv": [27, 19], "uv_size": [1.5, 1.5]},
								"down": {"uv": [20, 28.5], "uv_size": [1.5, -1.5]}
							}
						},
						{
							"origin": [-0.625, 2.69492, 0.46508],
							"size": [1.25, 3.9, 0.575],
							"pivot": [0, 4.65742, 0.22758],
							"rotation": [39.25, 0, 0],
							"uv": {
								"north": {"uv": [21, 8], "uv_size": [1.5, 4]},
								"east": {"uv": [2, 28], "uv_size": [0.5, 4]},
								"south": {"uv": [22, 0], "uv_size": [1.5, 4]},
								"west": {"uv": [15, 28], "uv_size": [0.5, 4]},
								"up": {"uv": [32, 2], "uv_size": [1.5, 0.5]},
								"down": {"uv": [7, 32.5], "uv_size": [1.5, -0.5]}
							}
						},
						{
							"origin": [-0.625, 2.55539, -0.82305],
							"size": [1.25, 0.6, 2.575],
							"pivot": [0, 4.58039, 0.23945],
							"rotation": [16.75, 0, 0],
							"uv": {
								"north": {"uv": [9, 32], "uv_size": [1.5, 0.5]},
								"east": {"uv": [29, 26], "uv_size": [2.5, 0.5]},
								"south": {"uv": [32, 11], "uv_size": [1.5, 0.5]},
								"west": {"uv": [28, 29], "uv_size": [2.5, 0.5]},
								"up": {"uv": [5, 25], "uv_size": [1.5, 2.5]},
								"down": {"uv": [25, 7.5], "uv_size": [1.5, -2.5]}
							}
						}
					]
				},
				{
					"name": "ld_trigger",
					"parent": "ld_grip",
					"pivot": [0.575, 0, -8],
					"cubes": [
						{
							"origin": [0, 5.575, -4.7],
							"size": [0, 1.425, 2.8],
							"uv": {
								"north": {"uv": [0, 0], "uv_size": [0, 1.5]},
								"east": {"uv": [23, 9], "uv_size": [3, 1.5]},
								"south": {"uv": [0, 0], "uv_size": [0, 1.5]},
								"west": {"uv": [15, 23], "uv_size": [3, 1.5]},
								"up": {"uv": [0, 0], "uv_size": [0, 3]},
								"down": {"uv": [0, 3], "uv_size": [0, -3]}
							}
						}
					]
				},
				{
					"name": "ld_body",
					"parent": "ld_gunbody",
					"pivot": [0, 0, -8]
				},
				{
					"name": "ld_upper",
					"parent": "ld_body",
					"pivot": [-0.0375, 0, -8],
					"cubes": [
						{
							"origin": [-0.80754, 8.33325, -8.56547],
							"size": [1.58231, 1.58231, 8.88094],
							"pivot": [-0.50023, 9.34799, 0.32905],
							"rotation": [0, 0, -45],
							"uv": {
								"north": {"uv": [27, 21], "uv_size": [1.5, 1.5]},
								"east": {"uv": [10, 4], "uv_size": [9, 1.5]},
								"south": {"uv": [27, 23], "uv_size": [1.5, 1.5]},
								"west": {"uv": [10, 6], "uv_size": [9, 1.5]},
								"up": {"uv": [2, 10], "uv_size": [1.5, 9]},
								"down": {"uv": [4, 19], "uv_size": [1.5, -9]}
							}
						},
						{
							"origin": [0.3875, 10, -7.25],
							"size": [0.3, 0.65, 1.1],
							"uv": {
								"north": {"uv": [1, 34], "uv_size": [0.5, 0.5]},
								"east": {"uv": [2, 32], "uv_size": [1, 0.5]},
								"south": {"uv": [34, 1], "uv_size": [0.5, 0.5]},
								"west": {"uv": [33, 7], "uv_size": [1, 0.5]},
								"up": {"uv": [8, 33], "uv_size": [0.5, 1]},
								"down": {"uv": [33, 9], "uv_size": [0.5, -1]}
							}
						},
						{
							"origin": [-1.21303, 9.03202, -3.43453],
							"size": [2.42505, 0.9287, 4.53658],
							"inflate": -0.0006,
							"uv": {
								"north": {"uv": [26, 25], "uv_size": [2.5, 1]},
								"east": {"uv": [23, 11], "uv_size": [4.5, 1]},
								"south": {"uv": [26, 26], "uv_size": [2.5, 1]},
								"west": {"uv": [24, 3], "uv_size": [4.5, 1]},
								"up": {"uv": [13, 8], "uv_size": [2.5, 4.5]},
								"down": {"uv": [9, 17.5], "uv_size": [2.5, -4.5]}
							}
						}
					]
				},
				{
					"name": "ld_magwell",
					"parent": "ld_body",
					"pivot": [-0.0375, 0, -8],
					"cubes": [
						{
							"origin": [-0.7125, 8.10865, -7.99315],
							"size": [1.425, 0.9875, 0.4375],
							"pivot": [0, 8.39615, -7.75565],
							"rotation": [31, 0, 0],
							"uv": {
								"north": {"uv": [29, 17], "uv_size": [1.5, 1]},
								"east": {"uv": [9, 33], "uv_size": [0.5, 1]},
								"south": {"uv": [18, 29], "uv_size": [1.5, 1]},
								"west": {"uv": [33, 9], "uv_size": [0.5, 1]},
								"up": {"uv": [13, 32], "uv_size": [1.5, 0.5]},
								"down": {"uv": [15, 32.5], "uv_size": [1.5, -0.5]}
							}
						},
						{
							"origin": [-0.7125, 8.8625, -8.33125],
							"size": [1.425, 0.2375, 0.53125],
							"uv": {
								"north": {"uv": [33, 4], "uv_size": [1.5, 0.5]},
								"east": {"uv": [14, 34], "uv_size": [0.5, 0.5]},
								"south": {"uv": [33, 5], "uv_size": [1.5, 0.5]},
								"west": {"uv": [34, 14], "uv_size": [0.5, 0.5]},
								"up": {"uv": [6, 33], "uv_size": [1.5, 0.5]},
								"down": {"uv": [33, 6.5], "uv_size": [1.5, -0.5]}
							}
						},
						{
							"origin": [-0.9125, 5.72895, -7.94752],
							"size": [1.825, 0.425, 3.35],
							"pivot": [0, 5.99145, -6.27252],
							"rotation": [-9.75, 0, 0],
							"uv": {
								"north": {"uv": [22, 30], "uv_size": [2, 0.5]},
								"east": {"uv": [8, 29], "uv_size": [3.5, 0.5]},
								"south": {"uv": [30, 25], "uv_size": [2, 0.5]},
								"west": {"uv": [29, 8], "uv_size": [3.5, 0.5]},
								"up": {"uv": [19, 8], "uv_size": [2, 3.5]},
								"down": {"uv": [20, 3.5], "uv_size": [2, -3.5]}
							}
						},
						{
							"origin": [-0.6375, 5.975, -5.925],
							"size": [1.425, 2.9, 0.775],
							"uv": {
								"north": {"uv": [23, 17], "uv_size": [1.5, 3]},
								"east": {"uv": [25, 14], "uv_size": [1, 3]},
								"south": {"uv": [24, 0], "uv_size": [1.5, 3]},
								"west": {"uv": [15, 25], "uv_size": [1, 3]},
								"up": {"uv": [29, 18], "uv_size": [1.5, 1]},
								"down": {"uv": [29, 20], "uv_size": [1.5, -1]}
							}
						},
						{
							"origin": [-0.6375, 7.725, -5.725],
							"size": [1.45, 0.225, 1.475],
							"uv": {
								"north": {"uv": [32, 16], "uv_size": [1.5, 0.5]},
								"east": {"uv": [17, 32], "uv_size": [1.5, 0.5]},
								"south": {"uv": [32, 17], "uv_size": [1.5, 0.5]},
								"west": {"uv": [32, 18], "uv_size": [1.5, 0.5]},
								"up": {"uv": [26, 27], "uv_size": [1.5, 1.5]},
								"down": {"uv": [0, 29.5], "uv_size": [1.5, -1.5]}
							}
						},
						{
							"origin": [-0.7125, 7.1, -4.65],
							"size": [1.425, 2, 0.675],
							"uv": {
								"north": {"uv": [16, 25], "uv_size": [1.5, 2]},
								"east": {"uv": [30, 27], "uv_size": [0.5, 2]},
								"south": {"uv": [25, 17], "uv_size": [1.5, 2]},
								"west": {"uv": [28, 30], "uv_size": [0.5, 2]},
								"up": {"uv": [19, 32], "uv_size": [1.5, 0.5]},
								"down": {"uv": [32, 19.5], "uv_size": [1.5, -0.5]}
							}
						},
						{
							"origin": [-0.5625, 8.075, -4.65],
							"size": [1.425, 0.65, 0.25],
							"uv": {
								"north": {"uv": [32, 20], "uv_size": [1.5, 0.5]},
								"east": {"uv": [2, 34], "uv_size": [0.5, 0.5]},
								"south": {"uv": [21, 32], "uv_size": [1.5, 0.5]},
								"west": {"uv": [34, 2], "uv_size": [0.5, 0.5]},
								"up": {"uv": [32, 21], "uv_size": [1.5, 0.5]},
								"down": {"uv": [32, 22.5], "uv_size": [1.5, -0.5]}
							}
						},
						{
							"origin": [-0.2125, 7.75, -4.9],
							"size": [1.425, 0.6, 0.775],
							"pivot": [0.175, 7.775, -5.5375],
							"rotation": [0, 0, -45],
							"uv": {
								"north": {"uv": [23, 32], "uv_size": [1.5, 0.5]},
								"east": {"uv": [10, 33], "uv_size": [1, 0.5]},
								"south": {"uv": [32, 23], "uv_size": [1.5, 0.5]},
								"west": {"uv": [33, 10], "uv_size": [1, 0.5]},
								"up": {"uv": [20, 29], "uv_size": [1.5, 1]},
								"down": {"uv": [29, 21], "uv_size": [1.5, -1]}
							}
						},
						{
							"origin": [0.78455, 8.70745, -4.775],
							"size": [0.2, 0.625, 0.5],
							"pivot": [0.92205, 8.93245, -4.525],
							"rotation": [0, 0, 10],
							"uv": {
								"north": {"uv": [3, 34], "uv_size": [0.5, 0.5]},
								"east": {"uv": [4, 34], "uv_size": [0.5, 0.5]},
								"south": {"uv": [5, 34], "uv_size": [0.5, 0.5]},
								"west": {"uv": [6, 34], "uv_size": [0.5, 0.5]},
								"up": {"uv": [7, 34], "uv_size": [0.5, 0.5]},
								"down": {"uv": [34, 7.5], "uv_size": [0.5, -0.5]}
							}
						},
						{
							"origin": [-0.8125, 7.275, -4.55],
							"size": [1.425, 0.75, 0.5],
							"uv": {
								"north": {"uv": [29, 21], "uv_size": [1.5, 1]},
								"east": {"uv": [11, 33], "uv_size": [0.5, 1]},
								"south": {"uv": [22, 29], "uv_size": [1.5, 1]},
								"west": {"uv": [12, 33], "uv_size": [0.5, 1]},
								"up": {"uv": [25, 32], "uv_size": [1.5, 0.5]},
								"down": {"uv": [32, 25.5], "uv_size": [1.5, -0.5]}
							}
						},
						{
							"origin": [-0.8125, 8.2, -7.8],
							"size": [0.425, 0.4, 3.825],
							"inflate": 0.01,
							"uv": {
								"north": {"uv": [8, 34], "uv_size": [0.5, 0.5]},
								"east": {"uv": [28, 11], "uv_size": [4, 0.5]},
								"south": {"uv": [34, 8], "uv_size": [0.5, 0.5]},
								"west": {"uv": [29, 3], "uv_size": [4, 0.5]},
								"up": {"uv": [3, 29], "uv_size": [0.5, 4]},
								"down": {"uv": [4, 33], "uv_size": [0.5, -4]}
							}
						},
						{
							"origin": [-0.7125, 5.55, -7.8],
							"size": [1.425, 3.55, 3.15],
							"uv": {
								"north": {"uv": [11, 23], "uv_size": [1.5, 3.5]},
								"east": {"uv": [12, 13], "uv_size": [3, 3.5]},
								"south": {"uv": [13, 23], "uv_size": [1.5, 3.5]},
								"west": {"uv": [15, 13], "uv_size": [3, 3.5]},
								"up": {"uv": [18, 24], "uv_size": [1.5, 3]},
								"down": {"uv": [20, 27], "uv_size": [1.5, -3]}
							}
						}
					]
				},
				{
					"name": "ld_lower",
					"parent": "ld_body",
					"pivot": [0.0125, 7.47633, 0.14778],
					"cubes": [
						{
							"origin": [-0.5625, 7, -8.325],
							"size": [1.125, 2, 8.025],
							"uv": {
								"north": {"uv": [5, 19], "uv_size": [1, 2]},
								"east": {"uv": [0, 6], "uv_size": [8, 2]},
								"south": {"uv": [7, 29], "uv_size": [1, 2]},
								"west": {"uv": [0, 8], "uv_size": [8, 2]},
								"up": {"uv": [19, 0], "uv_size": [1, 8]},
								"down": {"uv": [2, 27], "uv_size": [1, -8]}
							}
						},
						{
							"origin": [-0.5625, 8.025, -0.3],
							"size": [1.125, 0.975, 1.4],
							"uv": {
								"north": {"uv": [25, 19], "uv_size": [1, 1]},
								"east": {"uv": [29, 22], "uv_size": [1.5, 1]},
								"south": {"uv": [29, 30], "uv_size": [1, 1]},
								"west": {"uv": [29, 23], "uv_size": [1.5, 1]},
								"up": {"uv": [14, 29], "uv_size": [1, 1.5]},
								"down": {"uv": [24, 30.5], "uv_size": [1, -1.5]}
							}
						},
						{
							"origin": [-0.55, 7.66383, -0.41472],
							"size": [1.1, 0.575, 1.325],
							"pivot": [0.0125, 7.47633, 0.14778],
							"rotation": [35, 0, 0],
							"uv": {
								"north": {"uv": [33, 12], "uv_size": [1, 0.5]},
								"east": {"uv": [32, 26], "uv_size": [1.5, 0.5]},
								"south": {"uv": [13, 33], "uv_size": [1, 0.5]},
								"west": {"uv": [27, 32], "uv_size": [1.5, 0.5]},
								"up": {"uv": [29, 24], "uv_size": [1, 1.5]},
								"down": {"uv": [25, 30.5], "uv_size": [1, -1.5]}
							}
						}
					]
				},
				{
					"name": "ld_toprails",
					"parent": "ld_body",
					"pivot": [-0.00377, 10.8375, -0.075],
					"cubes": [
						{
							"origin": [-0.375, 10.05, -8.375],
							"size": [0.75, 1.05, 8.3],
							"uv": {
								"north": {"uv": [30, 30], "uv_size": [1, 1]},
								"east": {"uv": [16, 12], "uv_size": [8.5, 1]},
								"south": {"uv": [31, 0], "uv_size": [1, 1]},
								"west": {"uv": [18, 13], "uv_size": [8.5, 1]},
								"up": {"uv": [0, 18], "uv_size": [1, 8.5]},
								"down": {"uv": [1, 26.5], "uv_size": [1, -8.5]}
							}
						},
						{
							"origin": [-0.26627, 10.175, -0.3375],
							"size": [0.525, 0.85, 0.525],
							"pivot": [-0.00377, 10.8375, -0.075],
							"rotation": [0, 45, 0],
							"uv": {
								"north": {"uv": [33, 13], "uv_size": [0.5, 1]},
								"east": {"uv": [14, 33], "uv_size": [0.5, 1]},
								"south": {"uv": [33, 14], "uv_size": [0.5, 1]},
								"west": {"uv": [15, 33], "uv_size": [0.5, 1]},
								"up": {"uv": [9, 34], "uv_size": [0.5, 0.5]},
								"down": {"uv": [34, 9.5], "uv_size": [0.5, -0.5]}
							}
						}
					]
				},
				{
					"name": "ld_portgroup",
					"parent": "ld_body",
					"pivot": [-0.16279, 9.37035, -5.875],
					"cubes": [
						{
							"origin": [-1.0611, 9.97575, -4.09335],
							"size": [0.925, 0.46875, 1.1],
							"pivot": [-0.5986, 10.0695, -3.54335],
							"rotation": [170.21055, -56.71942, -163.3335],
							"uv": {
								"north": {"uv": [33, 15], "uv_size": [1, 0.5]},
								"east": {"uv": [16, 33], "uv_size": [1, 0.5]},
								"south": {"uv": [17, 33], "uv_size": [1, 0.5]},
								"west": {"uv": [18, 33], "uv_size": [1, 0.5]},
								"up": {"uv": [31, 1], "uv_size": [1, 1]},
								"down": {"uv": [31, 3], "uv_size": [1, -1]}
							}
						},
						{
							"origin": [-0.91627, 8.05437, -7.6814],
							"size": [0.23196, 2.33196, 3.6128],
							"pivot": [-0.16279, 9.37035, -5.875],
							"rotation": [0, 0, 26.75],
							"uv": {
								"north": {"uv": [0, 30], "uv_size": [0.5, 2.5]},
								"east": {"uv": [12, 17], "uv_size": [3.5, 2.5]},
								"south": {"uv": [30, 0], "uv_size": [0.5, 2.5]},
								"west": {"uv": [16, 17], "uv_size": [3.5, 2.5]},
								"up": {"uv": [12, 29], "uv_size": [0.5, 3.5]},
								"down": {"uv": [29, 15.5], "uv_size": [0.5, -3.5]}
							}
						}
					]
				},
				{
					"name": "ld_pull",
					"parent": "ld_body",
					"pivot": [0.075, 0, -8],
					"cubes": [
						{
							"origin": [-1.175, 10.55, 0.125],
							"size": [2.35, 0.35, 0.6],
							"uv": {
								"north": {"uv": [30, 4], "uv_size": [2.5, 0.5]},
								"east": {"uv": [10, 34], "uv_size": [0.5, 0.5]},
								"south": {"uv": [30, 5], "uv_size": [2.5, 0.5]},
								"west": {"uv": [34, 10], "uv_size": [0.5, 0.5]},
								"up": {"uv": [30, 6], "uv_size": [2.5, 0.5]},
								"down": {"uv": [30, 7.5], "uv_size": [2.5, -0.5]}
							}
						}
					]
				},
				{
					"name": "ld_switch",
					"parent": "ld_body",
					"pivot": [0.425, 7.925, -1.2],
					"cubes": [
						{
							"origin": [0.575, 6.95, -1.36538],
							"size": [0.25, 0.975, 0.35],
							"uv": {
								"north": {"uv": [19, 33], "uv_size": [0.5, 1]},
								"east": {"uv": [20, 33], "uv_size": [0.5, 1]},
								"south": {"uv": [21, 33], "uv_size": [0.5, 1]},
								"west": {"uv": [22, 33], "uv_size": [0.5, 1]},
								"up": {"uv": [11, 34], "uv_size": [0.5, 0.5]},
								"down": {"uv": [34, 11.5], "uv_size": [0.5, -0.5]}
							}
						},
						{
							"origin": [-0.7, 7.6, -1.525],
							"size": [1.4, 0.65, 0.65],
							"pivot": [0.425, 7.925, -1.2],
							"rotation": [-45, 0, 0],
							"uv": {
								"north": {"uv": [29, 32], "uv_size": [1.5, 0.5]},
								"east": {"uv": [12, 34], "uv_size": [0.5, 0.5]},
								"south": {"uv": [31, 32], "uv_size": [1.5, 0.5]},
								"west": {"uv": [34, 12], "uv_size": [0.5, 0.5]},
								"up": {"uv": [0, 33], "uv_size": [1.5, 0.5]},
								"down": {"uv": [2, 33.5], "uv_size": [1.5, -0.5]}
							}
						}
					]
				},
				{
					"name": "ld_mag",
					"parent": "lod_m4",
					"pivot": [-0.0375, 0, -8],
					"cubes": [
						{
							"origin": [-0.5125, 1.27099, -8.11686],
							"size": [1.025, 4.525, 2.85],
							"pivot": [0, 3.52099, -6.69186],
							"rotation": [-12, 0, 0],
							"uv": {
								"north": {"uv": [22, 24], "uv_size": [1, 4.5]},
								"east": {"uv": [10, 8], "uv_size": [3, 4.5]},
								"south": {"uv": [23, 24], "uv_size": [1, 4.5]},
								"west": {"uv": [6, 12], "uv_size": [3, 4.5]},
								"up": {"uv": [26, 0], "uv_size": [1, 3]},
								"down": {"uv": [9, 29], "uv_size": [1, -3]}
							}
						},
						{
							"origin": [-0.5125, 5.45, -7.675],
							"size": [1.025, 3.55, 2.85],
							"inflate": 0.001,
							"uv": {
								"north": {"uv": [7, 25], "uv_size": [1, 3.5]},
								"east": {"uv": [16, 0], "uv_size": [3, 3.5]},
								"south": {"uv": [8, 25], "uv_size": [1, 3.5]},
								"west": {"uv": [16, 8], "uv_size": [3, 3.5]},
								"up": {"uv": [10, 26], "uv_size": [1, 3]},
								"down": {"uv": [26, 17], "uv_size": [1, -3]}
							}
						},
						{
							"origin": [-0.5125, 9, -6.475],
							"size": [1.025, 0.3, 1.65],
							"uv": {
								"north": {"uv": [23, 33], "uv_size": [1, 0.5]},
								"east": {"uv": [33, 3], "uv_size": [1.5, 0.5]},
								"south": {"uv": [24, 33], "uv_size": [1, 0.5]},
								"west": {"uv": [4, 33], "uv_size": [1.5, 0.5]},
								"up": {"uv": [26, 29], "uv_size": [1, 1.5]},
								"down": {"uv": [27, 30.5], "uv_size": [1, -1.5]}
							}
						}
					]
				},
				{
					"name": "ld_stock",
					"parent": "lod_m4",
					"pivot": [0, 6.96886, 9.85165],
					"cubes": [
						{
							"origin": [-1.32748, 9.07746, 1.10224],
							"size": [2.63286, 0.91411, 3.46816],
							"uv": {
								"north": {"uv": [0, 27], "uv_size": [2.5, 1]},
								"east": {"uv": [25, 8], "uv_size": [3.5, 1]},
								"south": {"uv": [27, 0], "uv_size": [2.5, 1]},
								"west": {"uv": [25, 12], "uv_size": [3.5, 1]},
								"up": {"uv": [6, 17], "uv_size": [2.5, 3.5]},
								"down": {"uv": [9, 21.5], "uv_size": [2.5, -3.5]}
							}
						},
						{
							"origin": [-1.32748, 9.48371, 4.5704],
							"size": [2.63286, 0.50786, 0.65625],
							"uv": {
								"north": {"uv": [8, 30], "uv_size": [2.5, 0.5]},
								"east": {"uv": [13, 34], "uv_size": [0.5, 0.5]},
								"south": {"uv": [30, 9], "uv_size": [2.5, 0.5]},
								"west": {"uv": [34, 13], "uv_size": [0.5, 0.5]},
								"up": {"uv": [30, 10], "uv_size": [2.5, 0.5]},
								"down": {"uv": [30, 12.5], "uv_size": [2.5, -0.5]}
							}
						},
						{
							"origin": [-1.32748, 9.13996, 6.3204],
							"size": [2.63286, 0.82036, 1.125],
							"uv": {
								"north": {"uv": [27, 1], "uv_size": [2.5, 1]},
								"east": {"uv": [9, 31], "uv_size": [1, 1]},
								"south": {"uv": [27, 2], "uv_size": [2.5, 1]},
								"west": {"uv": [10, 31], "uv_size": [1, 1]},
								"up": {"uv": [27, 4], "uv_size": [2.5, 1]},
								"down": {"uv": [27, 6], "uv_size": [2.5, -1]}
							}
						},
						{
							"origin": [-1.21163, 9.13996, -0.14835],
							"size": [0, 0.82036, 6.46875],
							"uv": {
								"north": {"uv": [0, 0], "uv_size": [0, 1]},
								"east": {"uv": [18, 14], "uv_size": [6.5, 1]},
								"south": {"uv": [0, 0], "uv_size": [0, 1]},
								"west": {"uv": [18, 15], "uv_size": [6.5, 1]},
								"up": {"uv": [0, 0], "uv_size": [0, 6.5]},
								"down": {"uv": [0, 6.5], "uv_size": [0, -6.5]}
							}
						},
						{
							"origin": [1.21163, 9.13996, -0.14835],
							"size": [0, 0.82036, 6.46875],
							"uv": {
								"north": {"uv": [0, 0], "uv_size": [0, 1]},
								"east": {"uv": [18, 16], "uv_size": [6.5, 1]},
								"south": {"uv": [0, 0], "uv_size": [0, 1]},
								"west": {"uv": [20, 4], "uv_size": [6.5, 1]},
								"up": {"uv": [0, 0], "uv_size": [0, 6.5]},
								"down": {"uv": [0, 6.5], "uv_size": [0, -6.5]}
							}
						},
						{
							"origin": [-1.32748, 6.85085, 6.8204],
							"size": [2.63286, 2.28911, 0.625],
							"uv": {
								"north": {"uv": [20, 5], "uv_size": [2.5, 2.5]},
								"east": {"uv": [1, 30], "uv_size": [0.5, 2.5]},
								"south": {"uv": [12, 20], "uv_size": [2.5, 2.5]},
								"west": {"uv": [5, 30], "uv_size": [0.5, 2.5]},
								"up": {"uv": [30, 13], "uv_size": [2.5, 0.5]},
								"down": {"uv": [30, 14.5], "uv_size": [2.5, -0.5]}
							}
						},
						{
							"origin": [-1.32748, 6.1797, 6.4769],
							"size": [2.63286, 2.32036, 0.59375],
							"pivot": [-0.01105, 8.1055, 3.4772],
							"rotation": [12.5, 0, 0],
							"uv": {
								"north": {"uv": [15, 20], "uv_size": [2.5, 2.5]},
								"east": {"uv": [6, 30], "uv_size": [0.5, 2.5]},
								"south": {"uv": [20, 17], "uv_size": [2.5, 2.5]},
								"west": {"uv": [11, 30], "uv_size": [0.5, 2.5]},
								"up": {"uv": [30, 15], "uv_size": [2.5, 0.5]},
								"down": {"uv": [16, 30.5], "uv_size": [2.5, -0.5]}
							}
						},
						{
							"origin": [-1.32748, 9.3746, 4.20615],
							"size": [2.63286, 0.36697, 0.77145],
							"pivot": [-0.01105, 9.89389, 4.89853],
							"rotation": [30, 0, 0],
							"uv": {
								"north": {"uv": [19, 30], "uv_size": [2.5, 0.5]},
								"east": {"uv": [33, 27], "uv_size": [1, 0.5]},
								"south": {"uv": [30, 24], "uv_size": [2.5, 0.5]},
								"west": {"uv": [28, 33], "uv_size": [1, 0.5]},
								"up": {"uv": [27, 6], "uv_size": [2.5, 1]},
								"down": {"uv": [27, 8], "uv_size": [2.5, -1]}
							}
						},
						{
							"origin": [-0.54623, 8.04621, 1.10224],
							"size": [1.10161, 0.96875, 0.68691],
							"uv": {
								"north": {"uv": [7, 31], "uv_size": [1, 1]},
								"east": {"uv": [33, 24], "uv_size": [0.5, 1]},
								"south": {"uv": [8, 31], "uv_size": [1, 1]},
								"west": {"uv": [25, 33], "uv_size": [0.5, 1]},
								"up": {"uv": [26, 33], "uv_size": [1, 0.5]},
								"down": {"uv": [27, 33.5], "uv_size": [1, -0.5]}
							}
						},
						{
							"origin": [-0.82748, 8.73371, 1.10224],
							"size": [1.63286, 1.66411, 4.12441],
							"pivot": [-0.01105, 9.56576, 1.44569],
							"rotation": [0, 0, 45],
							"uv": {
								"north": {"uv": [5, 28], "uv_size": [1.5, 1.5]},
								"east": {"uv": [22, 20], "uv_size": [4, 1.5]},
								"south": {"uv": [28, 27], "uv_size": [1.5, 1.5]},
								"west": {"uv": [22, 22], "uv_size": [4, 1.5]},
								"up": {"uv": [9, 22], "uv_size": [1.5, 4]},
								"down": {"uv": [23, 9], "uv_size": [1.5, -4]}
							}
						},
						{
							"origin": [-0.82748, 9.26496, 6.32099],
							"size": [1.13286, 1.13286, 1.12441],
							"pivot": [-0.01105, 9.56576, 3.22694],
							"rotation": [0, 0, 45],
							"uv": {
								"north": {"uv": [13, 31], "uv_size": [1, 1]},
								"east": {"uv": [14, 31], "uv_size": [1, 1]},
								"south": {"uv": [16, 31], "uv_size": [1, 1]},
								"west": {"uv": [31, 16], "uv_size": [1, 1]},
								"up": {"uv": [17, 31], "uv_size": [1, 1]},
								"down": {"uv": [31, 18], "uv_size": [1, -1]}
							}
						}
					]
				},
				{
					"name": "positioning2",
					"parent": "lod_m4",
					"pivot": [0, 0, 0]
				},
				{
					"name": "scope_pos",
					"parent": "positioning2",
					"pivot": [0, 11.1625, -3.725]
				},
				{
					"name": "positioning",
					"pivot": [0, 0, -8]
				},
				{
					"name": "thirdperson_hand",
					"parent": "positioning",
					"pivot": [0, 6.875, -2.65]
				},
				{
					"name": "ground",
					"parent": "positioning",
					"pivot": [0, -0.9, -7.35]
				},
				{
					"name": "fixed",
					"parent": "positioning",
					"pivot": [1.5, 8, -6.775],
					"rotation": [0, 90, 0]
				},
				{
					"name": "shell",
					"parent": "positioning",
					"pivot": [-0.75, 10, -6]
				},
				{
					"name": "muzzle_flash",
					"parent": "positioning",
					"pivot": [0, 9.5, -27]
				}
			]
		}
	]
}