{
	"format_version": "1.8.0",
	"animations": {
		"static_idle": {
			"loop": true,
			"bones": {
				"righthand": {
					"rotation": [95.04292, 367.4713, 180.6574],
					"position": [-7, -14.275, 7],
					"scale": [1, 1.5, 1]
				},
				"lefthand": {
					"rotation": [100.36601, 316.5798, -142.78527],
					"position": [7.775, -12, -10],
					"scale": [1, 1.5, 1]
				},
				"constraint": {
					"rotation": [0.2, 0.2, 0.1],
					"position": [0.2, 0.2, 0.3]
				}
			}
		},
		"static_bolt_caught": {
			"loop": true,
			"bones": {
				"righthand": {
					"rotation": [95.04292, 367.4713, 180.6574],
					"position": [-7, -14.275, 7],
					"scale": [1, 1.5, 1]
				},
				"lefthand": {
					"rotation": [100.36601, 316.5798, -142.78527],
					"position": [7.775, -12, -10],
					"scale": [1, 1.5, 1]
				},
				"constraint": {
					"rotation": [0.2, 0.2, 0.1],
					"position": [0.2, 0.2, 0.3]
				},
				"bolt": {
					"position": [0, 0, 7]
				}
			}
		},
		"draw": {
			"animation_length": 1.1333,
			"bones": {
				"righthand": {
					"rotation": [95.04292, 367.4713, 180.6574],
					"position": [-7, -14.275, 7],
					"scale": [1, 1.5, 1]
				},
				"lefthand": {
					"rotation": [100.36601, 316.5798, -142.78527],
					"position": [7.775, -12, -10],
					"scale": [1, 1.5, 1]
				},
				"root": {
					"rotation": {
						"0.0": [22.5, -22.5, 32.5],
						"0.1667": {
							"pre": [16.81, -14.77, 27.74],
							"post": [16.81, -14.77, 27.74],
							"lerp_mode": "catmullrom"
						},
						"0.2667": {
							"post": [10.38725, -13.74806, 10.06185],
							"lerp_mode": "catmullrom"
						},
						"0.4333": {
							"post": [-0.88995, -1.54338, 7.15196],
							"lerp_mode": "catmullrom"
						},
						"0.5667": [1.10685, 1.42586, -1.99731],
						"0.6667": {
							"pre": [0.39065, 0.294, 2.28025],
							"post": [0.39065, 0.294, 2.28025],
							"lerp_mode": "catmullrom"
						},
						"0.7667": {
							"post": [0.03946, 0.20234, -1.89002],
							"lerp_mode": "catmullrom"
						},
						"0.9": {
							"post": [0.03, 0.12, 0.67],
							"lerp_mode": "catmullrom"
						},
						"1.1333": [0, 0, 0]
					},
					"position": {
						"0.0": {
							"post": [-5, -14, 0],
							"lerp_mode": "catmullrom"
						},
						"0.2333": {
							"post": [-3.79, -7.23, -0.38],
							"lerp_mode": "catmullrom"
						},
						"0.4667": {
							"post": [-0.3, -0.975, -0.6],
							"lerp_mode": "catmullrom"
						},
						"0.6667": {
							"post": [0.01, -0.3, 0.5],
							"lerp_mode": "catmullrom"
						},
						"0.8": [-0.01, -0.07, -0.32],
						"1.0": {
							"pre": [0, 0, 0],
							"post": [0, 0, 0],
							"lerp_mode": "catmullrom"
						}
					}
				},
				"group7": {
					"rotation": {
						"0.2333": [0, 0, 0],
						"0.3667": [1.5, 0, 0],
						"0.5667": [-1, 0, 0],
						"0.7333": [0.975, 0, 0],
						"0.8667": [0, 0, 0],
						"1.0333": [0, 0, 0]
					}
				},
				"group2": {
					"rotation": {
						"0.2667": [0, 0, 0],
						"0.4": [1.5, 0, 0],
						"0.6": [-1, 0, 0],
						"0.7667": [0.975, 0, 0],
						"0.9": [0, 0, 0],
						"1.0667": [0, 0, 0]
					}
				},
				"camera": {
					"rotation": {
						"0.0": {
							"post": [0, 0, 0],
							"lerp_mode": "catmullrom"
						},
						"0.1333": {
							"post": [0.55, -0.05, 0.1],
							"lerp_mode": "catmullrom"
						},
						"0.2333": {
							"post": [1.1, -0.3, 0.7],
							"lerp_mode": "catmullrom"
						},
						"0.5": {
							"post": [0.7, -0.2, 0.3],
							"lerp_mode": "catmullrom"
						},
						"0.6": {
							"post": [-0.1, 0, 0.4],
							"lerp_mode": "catmullrom"
						},
						"0.7": {
							"post": [0.2, 0.1, -0.3],
							"lerp_mode": "catmullrom"
						},
						"0.8333": {
							"post": [0, 0, 0.1],
							"lerp_mode": "catmullrom"
						},
						"0.9333": {
							"post": [0, 0, 0],
							"lerp_mode": "catmullrom"
						}
					}
				}
			},
			"sound_effects": {
				"0.0667": {
					"effect": "p04_lm_rkilo_raise_first_end"
				}
			}
		},
		"put_away": {
			"animation_length": 0.6,
			"bones": {
				"righthand": {
					"rotation": [95.04292, 367.4713, 180.6574],
					"position": [-7, -14.275, 7],
					"scale": [1, 1.5, 1]
				},
				"lefthand": {
					"rotation": {
						"0.0": {
							"post": [100.36601, 316.5798, -142.78527],
							"lerp_mode": "catmullrom"
						},
						"0.2": {
							"post": [153.89111, 367.50964, -225.61909],
							"lerp_mode": "catmullrom"
						}
					},
					"position": {
						"0.0": {
							"post": [7.775, -12, -10],
							"lerp_mode": "catmullrom"
						},
						"0.1": {
							"post": [9.355, -11.45, -4.2],
							"lerp_mode": "catmullrom"
						},
						"0.1667": {
							"post": [9.07, -9.445, -3.6],
							"lerp_mode": "catmullrom"
						},
						"0.2333": {
							"post": [8.78, -9, -3],
							"lerp_mode": "catmullrom"
						}
					},
					"scale": [1, 1.5, 1]
				},
				"root": {
					"rotation": {
						"0.0": {
							"post": [0, 0, 0],
							"lerp_mode": "catmullrom"
						},
						"0.0667": {
							"post": [-0.64, -3.66, -2.19],
							"lerp_mode": "catmullrom"
						},
						"0.2": {
							"post": [1.8, -12.38, 1.96],
							"lerp_mode": "catmullrom"
						},
						"0.3667": {
							"post": [6.24, -23.59, 10.25],
							"lerp_mode": "catmullrom"
						},
						"0.5333": {
							"post": [11.63972, -43.66226, 20.28897],
							"lerp_mode": "catmullrom"
						},
						"0.6": {
							"post": [13.35, -52.02, 23.22],
							"lerp_mode": "catmullrom"
						}
					},
					"position": {
						"0.0": {
							"post": [0, 0, 0],
							"lerp_mode": "catmullrom"
						},
						"0.0667": {
							"post": [-0.45, -0.49, 0.28],
							"lerp_mode": "catmullrom"
						},
						"0.2": {
							"post": [-0.67, -1.47, 0.34],
							"lerp_mode": "catmullrom"
						},
						"0.3667": {
							"post": [-0.435, -2.62, 0.06],
							"lerp_mode": "catmullrom"
						},
						"0.5333": {
							"post": [0.92, -4.65, -0.335],
							"lerp_mode": "catmullrom"
						},
						"0.6": {
							"post": [1.97, -5.47, -0.37],
							"lerp_mode": "catmullrom"
						}
					}
				},
				"camera": {
					"rotation": {
						"0.0": {
							"post": [0, 0, 0],
							"lerp_mode": "catmullrom"
						},
						"0.1667": {
							"post": [0.3, 0, -0.125],
							"lerp_mode": "catmullrom"
						},
						"0.3": {
							"post": [0.64, 0, 0.3],
							"lerp_mode": "catmullrom"
						},
						"0.4667": {
							"post": [0.5, 0, 0.15],
							"lerp_mode": "catmullrom"
						},
						"0.6": {
							"post": [0, 0, 0],
							"lerp_mode": "catmullrom"
						}
					}
				}
			},
			"sound_effects": {
				"0.0": {
					"effect": "p04_lm_rkilo_drop_rattle"
				}
			}
		},
		"reload_tactical": {
			"animation_length": 3.0667,
			"bones": {
				"righthand": {
					"rotation": [95.04292, 367.4713, 180.6574],
					"position": [-7, -14.275, 7],
					"scale": [1, 1.5, 1]
				},
				"lefthand": {
					"rotation": {
						"0.0": [100.36601, 316.5798, -142.78527],
						"0.4333": [100.36601, 316.5798, -142.78527],
						"0.5667": [112.59014, 359.11105, -202.40769],
						"0.6667": [115.27176, 366.47125, -197.18811],
						"1.3667": [115.27176, 366.47125, -197.18811],
						"1.4667": [124.27176, 366.47125, -197.18811],
						"2.1333": [124.27176, 366.47125, -197.18811],
						"2.2667": [100.36601, 316.5798, -142.78527]
					},
					"position": {
						"0.0": [7.775, -12, -10],
						"0.4333": [7.775, -12, -10],
						"0.5333": [8.66, -15.165, -2.18],
						"0.6667": [7.18, -15, 0.35],
						"1.3667": [7.18, -15, 0.35],
						"1.4667": [7.18, -16.275, -0.9],
						"2.1333": [7.18, -16.275, -0.9],
						"2.2667": [7.775, -12, -10]
					},
					"scale": {
						"0.0": [1, 1.5, 1],
						"0.4333": [1, 1.5, 1],
						"2.2667": [1, 1.5, 1]
					}
				},
				"root": {
					"rotation": {
						"0.0": {
							"post": [0, 0, 0],
							"lerp_mode": "catmullrom"
						},
						"0.1": {
							"post": [-1.25, 0, -3.6],
							"lerp_mode": "catmullrom"
						},
						"0.2333": {
							"post": [-5.37, -0.45, -5.49],
							"lerp_mode": "catmullrom"
						},
						"0.3333": {
							"post": [-7.79901, -0.34533, -6.8002],
							"lerp_mode": "catmullrom"
						},
						"0.4333": {
							"post": [-7.93988, -0.26802, -12.37905],
							"lerp_mode": "catmullrom"
						},
						"0.5333": {
							"post": [-7.09421, -1.49163, -18.16483],
							"lerp_mode": "catmullrom"
						},
						"0.6667": {
							"post": [-5.08937, -1.57806, -18.91185],
							"lerp_mode": "catmullrom"
						},
						"0.7667": {
							"post": [-5.10245, -1.66009, -21.07978],
							"lerp_mode": "catmullrom"
						},
						"0.8333": {
							"post": [-7.66415, -0.35361, -15.69746],
							"lerp_mode": "catmullrom"
						},
						"0.9": {
							"post": [-9.00696, -0.40889, -20.49759],
							"lerp_mode": "catmullrom"
						},
						"1.0": {
							"post": [-8.88285, -1.30105, -18.91215],
							"lerp_mode": "catmullrom"
						},
						"1.1": {
							"post": [-6.82592, -1.44935, -21.3622],
							"lerp_mode": "catmullrom"
						},
						"1.2667": {
							"post": [-4.8691, -0.41163, -21.57935],
							"lerp_mode": "catmullrom"
						},
						"1.3667": {
							"post": [-5.49, -0.23, -21.38],
							"lerp_mode": "catmullrom"
						},
						"1.5333": {
							"post": [-7.98102, -0.34026, -21.03393],
							"lerp_mode": "catmullrom"
						},
						"1.6667": {
							"post": [-12.19817, -1.74916, -20.65666],
							"lerp_mode": "catmullrom"
						},
						"1.8": {
							"post": [-12.17757, -2.09274, -20.59958],
							"lerp_mode": "catmullrom"
						},
						"1.9333": {
							"post": [-10.66477, -2.23004, -20.43371],
							"lerp_mode": "catmullrom"
						},
						"1.9667": {
							"post": [-8.56877, -0.42303, -9.60771],
							"lerp_mode": "catmullrom"
						},
						"2.0333": {
							"post": [-11.0932, -0.4255, -16.68604],
							"lerp_mode": "catmullrom"
						},
						"2.1333": {
							"post": [-11.04212, 0.71521, -9.04441],
							"lerp_mode": "catmullrom"
						},
						"2.2333": {
							"post": [-7.45283, -0.53539, -8.27735],
							"lerp_mode": "catmullrom"
						},
						"2.3333": {
							"post": [-0.26433, -1.10299, -9.4432],
							"lerp_mode": "catmullrom"
						},
						"2.4333": {
							"post": [2.6377, -0.70754, -6.76675],
							"lerp_mode": "catmullrom"
						},
						"2.5667": {
							"post": [0.00698, -0.09976, -5.60001],
							"lerp_mode": "catmullrom"
						},
						"2.6667": {
							"post": [0.08242, -0.19876, -2.36596],
							"lerp_mode": "catmullrom"
						},
						"2.7333": {
							"post": [-0.18865, -0.22812, 0.60001],
							"lerp_mode": "catmullrom"
						},
						"2.8": {
							"post": [0.1, 0.3125, -1.5],
							"lerp_mode": "catmullrom"
						},
						"2.8667": {
							"post": [0.41875, 0.3125, 0.775],
							"lerp_mode": "catmullrom"
						},
						"3.0": {
							"post": [0, 0, 0],
							"lerp_mode": "catmullrom"
						}
					},
					"position": {
						"0.0": {
							"post": [0, 0, 0],
							"lerp_mode": "catmullrom"
						},
						"0.0667": {
							"post": [0.025, -0.075, 0],
							"lerp_mode": "catmullrom"
						},
						"0.2": {
							"post": [-0.58, 0.225, -0.1],
							"lerp_mode": "catmullrom"
						},
						"0.3667": {
							"post": [-0.755, -0.15, 0.55],
							"lerp_mode": "catmullrom"
						},
						"0.5667": {
							"post": [-0.905, -0.05, 0.805],
							"lerp_mode": "catmullrom"
						},
						"0.7333": {
							"post": [-0.805, -0.15, 1.03],
							"lerp_mode": "catmullrom"
						},
						"0.8333": {
							"post": [-0.705, -0.275, 1.03],
							"lerp_mode": "catmullrom"
						},
						"0.9": {
							"post": [-0.53, -0.625, 0.98],
							"lerp_mode": "catmullrom"
						},
						"1.0": {
							"post": [-0.83, -0.895, 0.98],
							"lerp_mode": "catmullrom"
						},
						"1.1333": {
							"post": [-0.84, -0.78, 1.03],
							"lerp_mode": "catmullrom"
						},
						"1.3333": {
							"post": [-0.975, -0.84, 1.07],
							"lerp_mode": "catmullrom"
						},
						"1.4667": {
							"post": [-0.995, -0.69, 1.07],
							"lerp_mode": "catmullrom"
						},
						"1.6333": {
							"post": [-0.94, 0.06, 1.32],
							"lerp_mode": "catmullrom"
						},
						"1.7667": {
							"post": [-0.825, 0.01, 1.365],
							"lerp_mode": "catmullrom"
						},
						"1.9333": {
							"post": [-0.815, -0.22, 1.42],
							"lerp_mode": "catmullrom"
						},
						"1.9667": {
							"post": [-0.84, -0.62, 1.72],
							"lerp_mode": "catmullrom"
						},
						"2.0333": {
							"post": [-0.8, -0.455, 1.595],
							"lerp_mode": "catmullrom"
						},
						"2.1667": {
							"post": [-0.515, -0.52, 1.525],
							"lerp_mode": "catmullrom"
						},
						"2.2667": {
							"post": [-0.39, -0.715, 1.425],
							"lerp_mode": "catmullrom"
						},
						"2.3333": {
							"post": [-0.34, -1.66, 0.75],
							"lerp_mode": "catmullrom"
						},
						"2.4333": {
							"post": [-0.34, -1.76, 0.455],
							"lerp_mode": "catmullrom"
						},
						"2.5667": {
							"post": [-0.01, -0.575, -0.95],
							"lerp_mode": "catmullrom"
						},
						"2.6667": {
							"post": [-0.1, -0.325, -1.125],
							"lerp_mode": "catmullrom"
						},
						"2.8": {
							"post": [0, -0.29375, 0.4875],
							"lerp_mode": "catmullrom"
						},
						"2.8667": {
							"post": [0, -0.0875, -0.06875],
							"lerp_mode": "catmullrom"
						},
						"2.9667": {
							"post": [0, 0, 0.05],
							"lerp_mode": "catmullrom"
						},
						"3.0667": [0, 0, 0]
					},
					"scale": {
						"2.6333": {
							"pre": [1, 1, 1],
							"post": [1, 1, 1],
							"lerp_mode": "catmullrom"
						}
					}
				},
				"lefthand_and_mag": {
					"rotation": {
						"0.7667": {
							"pre": [0, 0, 0],
							"post": [0, 0, 0],
							"lerp_mode": "catmullrom"
						},
						"0.8333": {
							"post": [-25, 0, 0],
							"lerp_mode": "catmullrom"
						},
						"0.9333": {
							"post": [-33.36659, -0.88548, -27.75259],
							"lerp_mode": "catmullrom"
						},
						"1.0667": {
							"post": [-20.63159, -7.43797, -37.83793],
							"lerp_mode": "catmullrom"
						},
						"1.1333": {
							"post": [9.36841, -7.43797, -37.83793],
							"lerp_mode": "catmullrom"
						},
						"1.5": {
							"post": [9.36841, -7.43797, -37.83793],
							"lerp_mode": "catmullrom"
						},
						"1.7": [-30.04292, -11.68381, -23.81804],
						"1.7667": [-24.24769, -6.27967, -13.64973],
						"1.8333": [-25, 0, 0],
						"1.9333": [-25, 0, 0],
						"1.9667": [0, 0, 0],
						"2.1333": [0, 0, 0]
					},
					"position": {
						"0.7667": {
							"pre": [0, 0, 0],
							"post": [0, 0, 0],
							"lerp_mode": "catmullrom"
						},
						"0.8333": {
							"post": [-0.04741, -0.49658, -2.5693],
							"lerp_mode": "catmullrom"
						},
						"0.9333": {
							"post": [1.95468, -3.16027, -6.81572],
							"lerp_mode": "catmullrom"
						},
						"1.0667": {
							"post": [3.58373, -9.25381, -2.22233],
							"lerp_mode": "catmullrom"
						},
						"1.1333": {
							"post": [2.93308, -12.66257, 4.20662],
							"lerp_mode": "catmullrom"
						},
						"1.5": {
							"post": [2.93308, -12.66257, 4.20662],
							"lerp_mode": "catmullrom"
						},
						"1.6333": [2.69, -7.99, -1.67],
						"1.7": [2.395, -1.47, -3.765],
						"1.7667": [1.30259, -0.49658, -2.5693],
						"1.8333": [-0.04741, -0.49658, -2.5693],
						"1.9333": [-0.04741, -0.49658, -2.5693],
						"1.9667": [0, 0, 0],
						"2.1333": [0, 0, 0]
					}
				},
				"release": {
					"rotation": {
						"0.6": [0, 0, 0],
						"0.6667": [-17.5, 0, 0],
						"1.1333": [-17.5, 0, 0],
						"1.2333": [0, 0, 0],
						"1.9333": [0, 0, 0],
						"2.0": [-17.5, 0, 0],
						"2.0667": [0, 0, 0]
					}
				},
				"bullet": {
					"scale": {
						"1.4": {
							"pre": [0, 0, 0],
							"post": [1, 1, 1]
						}
					}
				},
				"group7": {
					"rotation": {
						"0.1667": [0, 0, 0],
						"0.3": [1.5, 0, 0],
						"0.5": [-1, 0, 0],
						"0.6667": [0.975, 0, 0],
						"0.8": [0, 0, 0],
						"0.9333": [1.5, 0, 0],
						"1.1333": [-1, 0, 0],
						"1.3": [0.975, 0, 0],
						"1.6": [-0.475, 0, 0],
						"1.9333": [0, 0, 0],
						"2.0667": [1.5, 0, 0],
						"2.2667": [0, 0, 0],
						"2.4": [1.5, 0, 0],
						"2.6": [-1, 0, 0],
						"2.7667": [0.975, 0, 0],
						"2.9": [0, 0, 0],
						"3.0333": [0, 0, 0]
					}
				},
				"group2": {
					"rotation": {
						"0.0": [0, 0, 0],
						"0.1333": [1.5, 0, 0],
						"0.3333": [-1, 0, 0],
						"0.5": [0.975, 0, 0],
						"0.6333": [0, 0, 0],
						"0.7667": [1.5, 0, 0],
						"0.9667": [-1, 0, 0],
						"1.1333": [0.975, 0, 0],
						"1.4333": [-0.475, 0, 0],
						"1.7667": [0, 0, 0],
						"1.9": [1.5, 0, 0],
						"2.1": [0, 0, 0],
						"2.2333": [1.5, 0, 0],
						"2.4333": [-1, 0, 0],
						"2.6": [0.975, 0, 0],
						"2.7333": [0, 0, 0],
						"2.8667": [0, 0, 0]
					}
				},
				"constraint": {
					"rotation": {
						"2.4": [0.1, 0.1, 0.1],
						"2.7667": [0.2, 0.2, 0.1]
					},
					"position": {
						"2.4": [0.05, 0.1, 0.1],
						"2.7667": [0.2, 0.2, 0.3]
					}
				},
				"camera": {
					"rotation": {
						"0.0": {
							"post": [0, 0, 0],
							"lerp_mode": "catmullrom"
						},
						"0.2": {
							"post": [0.505, 0.175, -0.4],
							"lerp_mode": "catmullrom"
						},
						"0.3667": {
							"post": [0.425, 0.325, -0.8],
							"lerp_mode": "catmullrom"
						},
						"0.6333": {
							"post": [0.48, 0.325, -1.2],
							"lerp_mode": "catmullrom"
						},
						"0.8": {
							"post": [0.89, 0.33, -1.23],
							"lerp_mode": "catmullrom"
						},
						"0.8667": {
							"post": [1.795, 0.33, -0.595],
							"lerp_mode": "catmullrom"
						},
						"0.9667": {
							"post": [1.13, 0.325, -1.675],
							"lerp_mode": "catmullrom"
						},
						"1.1": {
							"post": [1.43, 0.31, -0.88],
							"lerp_mode": "catmullrom"
						},
						"1.2667": {
							"post": [1.24, 0.28, -1.24],
							"lerp_mode": "catmullrom"
						},
						"1.5": {
							"post": [1.46, 0.25, -1.1],
							"lerp_mode": "catmullrom"
						},
						"1.8": {
							"post": [0.465, 0.25, -1.1],
							"lerp_mode": "catmullrom"
						},
						"1.9333": {
							"post": [0.71, 0.25, -1.1],
							"lerp_mode": "catmullrom"
						},
						"2.0": {
							"post": [1.46, 0.25, -0.375],
							"lerp_mode": "catmullrom"
						},
						"2.1": {
							"post": [0.755, 0.25, -1.485],
							"lerp_mode": "catmullrom"
						},
						"2.2": {
							"post": [0.965, 0.25, -0.925],
							"lerp_mode": "catmullrom"
						},
						"2.3333": {
							"post": [0.28, 0.24, -1.11],
							"lerp_mode": "catmullrom"
						},
						"2.5": {
							"post": [-0.56, 0.2, -1],
							"lerp_mode": "catmullrom"
						},
						"2.7667": {
							"post": [0.325, 0, 0.3],
							"lerp_mode": "catmullrom"
						},
						"2.8667": {
							"post": [-0.225, 0, -0.15],
							"lerp_mode": "catmullrom"
						},
						"2.9667": {
							"post": [0.075, 0, 0.1],
							"lerp_mode": "catmullrom"
						},
						"3.0667": {
							"post": [0, 0, 0],
							"lerp_mode": "catmullrom"
						}
					}
				}
			},
			"sound_effects": {
				"0.0": {
					"effect": "ak47_drum_reload_twist"
				},
				"0.4667": {
					"effect": "p37_lm_dblmg_reload_fast_boltcharge"
				},
				"0.6667": {
					"effect": "ak47_drum_reload_grabmag"
				},
				"1.7": {
					"effect": "ar_akilo_reload_xmag_empty_maghit"
				},
				"1.8667": {
					"effect": "ak47_reload_magin_01"
				},
				"2.1667": {
					"effect": "ak47_drum_reload_end"
				}
			}
		},
		"reload_empty": {
			"animation_length": 4.0333,
			"bones": {
				"righthand": {
					"rotation": {
						"0.0": [95.04292, 367.4713, 180.6574],
						"2.3667": [95.04, 367.47, 180.66],
						"2.5667": [108.5922, 347.81416, 258.11891],
						"2.6333": [97.35129, 355.66951, 272.61968],
						"2.7333": [97.35129, 355.66951, 272.61968],
						"2.8": [110.8578, 325.95337, 268.19137],
						"2.9": [110.8578, 325.95337, 268.19137],
						"2.9667": [129.09464, 356.0725, 217.24724],
						"3.1": [95.04, 367.47, 180.66]
					},
					"position": {
						"0.0": [-7, -14.275, 7],
						"2.3667": [-7, -14.27, 7],
						"2.4667": [-10.66, -11.47, 4.165],
						"2.5667": [-9.125, -10.07, 3.5375],
						"2.6333": [-9.125, -10.07, 3.5375],
						"2.7333": [-9.125, -10.07, 3.5375],
						"2.8": [-9.13, -9.99, 5.645],
						"2.9": [-9.13, -9.99, 5.645],
						"2.9667": [-10.38, -12.29, 8.225],
						"3.1": [-7, -14.27, 7]
					},
					"scale": [1, 1.5, 1]
				},
				"lefthand": {
					"rotation": {
						"0.0": [100.36601, 316.5798, -142.78527],
						"0.0333": [100.36601, 316.5798, -142.78527],
						"0.2": [112.59014, 359.11105, -202.40769],
						"0.3": [115.27176, 366.47125, -197.18811],
						"0.5": [115.27, 366.47, -197.19],
						"0.5333": [131.2702, 366.47014, -197.18978],
						"0.6667": {
							"pre": [134.60556, 348.44918, -243.25038],
							"post": [134.60556, 348.44918, -243.25038],
							"lerp_mode": "catmullrom"
						},
						"0.8333": {
							"post": [131.4708, 372.20668, -216.56128],
							"lerp_mode": "catmullrom"
						},
						"1.4667": [115.27, 366.47, -197.19],
						"2.1": [115.27, 366.47, -197.19],
						"2.2667": [100.36601, 316.5798, -142.78527]
					},
					"position": {
						"0.0": [7.775, -12, -10],
						"0.0333": [7.775, -12, -10],
						"0.1667": [8.66, -15.165, -2.18],
						"0.3": [7.18, -15, 0.35],
						"0.5": [7.18, -15, 0.35],
						"0.5333": [7.34828, -15.32274, -1.35524],
						"0.6": [8.7557, -16.37564, -4.15704],
						"0.6667": {
							"pre": [9.50251, -16.6999, -3.89092],
							"post": [9.50251, -16.6999, -3.89092],
							"lerp_mode": "catmullrom"
						},
						"0.8": {
							"post": [12.31208, -18.95782, 0.11183],
							"lerp_mode": "catmullrom"
						},
						"0.9": {
							"post": [14.20699, -22.21559, 5.08178],
							"lerp_mode": "catmullrom"
						},
						"1.0667": {
							"post": [14.17293, -28.48956, 11.60848],
							"lerp_mode": "catmullrom"
						},
						"1.4": [14.17293, -28.48956, 11.60848],
						"1.4667": [7.605, -16.95, -1.65],
						"2.1": [7.6, -16.95, -1.65],
						"2.2667": [7.775, -12, -10]
					},
					"scale": {
						"0.0": [1, 1.5, 1],
						"0.0333": [1, 1.5, 1],
						"2.2667": [1, 1.5, 1]
					}
				},
				"root": {
					"rotation": {
						"0.0": {
							"post": [0, 0, 0],
							"lerp_mode": "catmullrom"
						},
						"0.1667": {
							"post": [-6.36488, -0.24302, -15.67905],
							"lerp_mode": "catmullrom"
						},
						"0.3": {
							"post": [-7.12854, -1.2661, -14.0033],
							"lerp_mode": "catmullrom"
						},
						"0.3667": {
							"post": [-7.73045, -1.50062, -13.96963],
							"lerp_mode": "catmullrom"
						},
						"0.5333": {
							"post": [-6.75283, -1.67657, -15.50961],
							"lerp_mode": "catmullrom"
						},
						"0.6333": {
							"post": [-7.10809, -1.83692, -19.87223],
							"lerp_mode": "catmullrom"
						},
						"0.7": {
							"post": [-5.23381, -1.14011, -11.85078],
							"lerp_mode": "catmullrom"
						},
						"0.7667": {
							"post": [-4.45725, -1.9431, -18.02724],
							"lerp_mode": "catmullrom"
						},
						"0.9667": {
							"post": [-7.95737, -0.34861, -11.38843],
							"lerp_mode": "catmullrom"
						},
						"1.2": {
							"post": [-10.75, -1.06, -13.105],
							"lerp_mode": "catmullrom"
						},
						"1.4": {
							"post": [-11.34, -1.69, -18.535],
							"lerp_mode": "catmullrom"
						},
						"1.5667": {
							"post": [-10.89759, -2.05396, -18.31007],
							"lerp_mode": "catmullrom"
						},
						"1.7": {
							"post": [-11.25, -1.71, -21.245],
							"lerp_mode": "catmullrom"
						},
						"1.8": {
							"post": [-11.24995, -2.39484, -22.8925],
							"lerp_mode": "catmullrom"
						},
						"1.9": {
							"post": [-9.83836, -2.16266, -19.55805],
							"lerp_mode": "catmullrom"
						},
						"1.9667": {
							"post": [-8.33978, -0.75965, -13.3346],
							"lerp_mode": "catmullrom"
						},
						"2.0333": {
							"post": [-8.16038, -1.54732, -17.42649],
							"lerp_mode": "catmullrom"
						},
						"2.1333": {
							"post": [-10.82814, -0.54653, -14.25739],
							"lerp_mode": "catmullrom"
						},
						"2.2667": {
							"post": [-6.5093, 0.6993, -11.32246],
							"lerp_mode": "catmullrom"
						},
						"2.4333": {
							"post": [-11.75415, -4.76828, 6.3371],
							"lerp_mode": "catmullrom"
						},
						"2.5333": {
							"post": [-7.765, -7.57, 8.88],
							"lerp_mode": "catmullrom"
						},
						"2.7": {
							"post": [-8.275, -10.86, 8.85],
							"lerp_mode": "catmullrom"
						},
						"2.8": {
							"post": [-8.84007, -6.40354, 9.93287],
							"lerp_mode": "catmullrom"
						},
						"2.9": {
							"post": [-8.09478, -10.12929, 2.56626],
							"lerp_mode": "catmullrom"
						},
						"2.9667": {
							"post": [-8.26304, -10.83854, 4.45922],
							"lerp_mode": "catmullrom"
						},
						"3.0": {
							"post": [-8.49171, -7.41398, 9.55469],
							"lerp_mode": "catmullrom"
						},
						"3.0667": {
							"post": [-7.265, -5.8, 7.225],
							"lerp_mode": "catmullrom"
						},
						"3.1667": {
							"post": [-8.9418, -5.99931, 9.44808],
							"lerp_mode": "catmullrom"
						},
						"3.2667": {
							"post": [-4.68649, -6.18086, 6.18938],
							"lerp_mode": "catmullrom"
						},
						"3.3667": {
							"post": [-2.09003, -3.92983, 5.63078],
							"lerp_mode": "catmullrom"
						},
						"3.5": {
							"post": [-2.95254, -1.17612, -4.88863],
							"lerp_mode": "catmullrom"
						},
						"3.6": {
							"post": [-1.27185, 1.22333, -2.32728],
							"lerp_mode": "catmullrom"
						},
						"3.7": {
							"post": [0.54156, -0.10069, -0.24997],
							"lerp_mode": "catmullrom"
						},
						"3.7667": {
							"post": [0.84472, 0.25762, 2.475],
							"lerp_mode": "catmullrom"
						},
						"3.8667": {
							"post": [-0.1875, 0.375, -0.35],
							"lerp_mode": "catmullrom"
						},
						"4.0": {
							"post": [0, 0, 0],
							"lerp_mode": "catmullrom"
						}
					},
					"position": {
						"0.0": {
							"post": [0, 0, 0],
							"lerp_mode": "catmullrom"
						},
						"0.1667": {
							"post": [-1.005, -0.35, -0.15],
							"lerp_mode": "catmullrom"
						},
						"0.3": {
							"post": [-1.205, -0.575, 0.405],
							"lerp_mode": "catmullrom"
						},
						"0.4667": {
							"post": [-1.005, -0.5, 0.33],
							"lerp_mode": "catmullrom"
						},
						"0.5667": {
							"post": [-1.03, -0.55, 0.33],
							"lerp_mode": "catmullrom"
						},
						"0.6333": {
							"post": [-0.755, -1.45, 0.28],
							"lerp_mode": "catmullrom"
						},
						"0.7333": {
							"post": [-1.105, -1.67, 0.28],
							"lerp_mode": "catmullrom"
						},
						"0.9333": {
							"post": [-1.29, -1.03, 0.33],
							"lerp_mode": "catmullrom"
						},
						"1.1333": {
							"post": [-1.225, 0.185, 0.37],
							"lerp_mode": "catmullrom"
						},
						"1.3": {
							"post": [-1.365, -0.14, 0.37],
							"lerp_mode": "catmullrom"
						},
						"1.4": {
							"post": [-1.265, -0.955, 0.46],
							"lerp_mode": "catmullrom"
						},
						"1.5667": {
							"post": [-1.365, -1.11, 0.62],
							"lerp_mode": "catmullrom"
						},
						"1.8": {
							"post": [-1.415, -0.715, 0.62],
							"lerp_mode": "catmullrom"
						},
						"1.9": {
							"post": [-1.405, -0.68, 0.73],
							"lerp_mode": "catmullrom"
						},
						"1.9667": {
							"post": [-1.135, -1.31, 0.82],
							"lerp_mode": "catmullrom"
						},
						"2.0667": {
							"post": [-1.365, -1.295, 0.95],
							"lerp_mode": "catmullrom"
						},
						"2.2": {
							"post": [-1.365, -1.54, 1],
							"lerp_mode": "catmullrom"
						},
						"2.3333": {
							"post": [-1.33, -2.6, 1.15],
							"lerp_mode": "catmullrom"
						},
						"2.4333": {
							"post": [-0.13, -2.15, 1.51],
							"lerp_mode": "catmullrom"
						},
						"2.5": {
							"post": [0.385, -1.62, 1.75],
							"lerp_mode": "catmullrom"
						},
						"2.6333": {
							"post": [0.405, -1.27, 1.76],
							"lerp_mode": "catmullrom"
						},
						"2.7333": {
							"post": [0.405, -2.125, 1.77],
							"lerp_mode": "catmullrom"
						},
						"2.8333": {
							"post": [0.415, -2.305, 1.78],
							"lerp_mode": "catmullrom"
						},
						"2.9333": {
							"post": [0.415, -2.485, 1.79],
							"lerp_mode": "catmullrom"
						},
						"3.0": {
							"post": [0.415, -1.915, 1.8],
							"lerp_mode": "catmullrom"
						},
						"3.0333": {
							"post": [0.285, -2.27, 1.75],
							"lerp_mode": "catmullrom"
						},
						"3.2": {
							"post": [0.285, -3.07, 1.75],
							"lerp_mode": "catmullrom"
						},
						"3.3667": {
							"post": [-0.09, -1.65, 0.935],
							"lerp_mode": "catmullrom"
						},
						"3.5": {
							"post": [-0.06, 0.355, -0.76],
							"lerp_mode": "catmullrom"
						},
						"3.6": {
							"post": [0.01, 0.55, -0.8],
							"lerp_mode": "catmullrom"
						},
						"3.7": {
							"post": [0.06, -0.52, -0.03],
							"lerp_mode": "catmullrom"
						},
						"3.7667": {
							"post": [0, -0.15, 0.675],
							"lerp_mode": "catmullrom"
						},
						"3.8333": {
							"post": [0, 0, -0.2],
							"lerp_mode": "catmullrom"
						},
						"3.9333": {
							"post": [0, 0.01, 0.11],
							"lerp_mode": "catmullrom"
						},
						"4.0333": {
							"post": [0, 0, 0],
							"lerp_mode": "catmullrom"
						}
					}
				},
				"mag_and_bullet": {
					"rotation": {
						"0.5": [0, 0, 0],
						"0.5667": {
							"pre": [-22.03979, -0.44355, -1.99393],
							"post": [-22.03979, -0.44355, -1.99393],
							"lerp_mode": "catmullrom"
						},
						"0.6333": {
							"post": [-42.34884, -2.67309, -6.47186],
							"lerp_mode": "catmullrom"
						},
						"0.7": {
							"post": [-65.86313, -1.87691, -13.16818],
							"lerp_mode": "catmullrom"
						},
						"0.8": {
							"post": [-91.48081, 14.06173, -37.44567],
							"lerp_mode": "catmullrom"
						},
						"1.0": {
							"post": [-185.03883, 15.48834, -39.17157],
							"lerp_mode": "catmullrom"
						},
						"1.1333": {
							"post": [-199.31626, 16.10734, -35.41906],
							"lerp_mode": "catmullrom"
						},
						"1.2333": {
							"post": [-19.49529, 26.19787, -19.02592],
							"lerp_mode": "catmullrom"
						},
						"1.3": {
							"post": [-19.49529, 26.19787, -19.02592],
							"lerp_mode": "catmullrom"
						},
						"1.4333": {
							"post": [-19.49529, 26.19787, -19.02592],
							"lerp_mode": "catmullrom"
						},
						"1.4667": [0, 0, 0]
					},
					"position": {
						"0.5": [0, 0, 0],
						"0.5667": {
							"pre": [0.14, -0.28, -1.98],
							"post": [0.14, -0.28, -1.98],
							"lerp_mode": "catmullrom"
						},
						"0.6333": {
							"post": [1, -0.8, -4.8],
							"lerp_mode": "catmullrom"
						},
						"0.7": {
							"post": [2.12474, -4.09082, -5.63445],
							"lerp_mode": "catmullrom"
						},
						"0.8": {
							"post": [3.01227, -10.6545, -5.57922],
							"lerp_mode": "catmullrom"
						},
						"1.0": {
							"post": [7.6, -24.325, -4.9],
							"lerp_mode": "catmullrom"
						},
						"1.1333": {
							"post": [6.35, -31.91, -2.67],
							"lerp_mode": "catmullrom"
						},
						"1.2333": {
							"post": [8.695, -20.95, 12.91],
							"lerp_mode": "catmullrom"
						},
						"1.3": {
							"post": [8.695, -20.95, 12.91],
							"lerp_mode": "catmullrom"
						},
						"1.4333": {
							"post": [8.695, -20.95, 12.91],
							"lerp_mode": "catmullrom"
						},
						"1.4667": [0, 0, 0]
					},
					"scale": {
						"0.0": [1, 1, 1],
						"1.1": {
							"pre": [1, 1, 1],
							"post": [0, 0, 0]
						},
						"1.4667": {
							"pre": [0, 0, 0],
							"post": [1, 1, 1]
						}
					}
				},
				"bolt": {
					"position": {
						"0.0": [0, 0, 7],
						"2.7333": [0, 0, 7],
						"2.8333": [0, 0, 7.75],
						"2.9": [0, 0, 7],
						"2.9667": [0, 0, 0],
						"3.0333": [0, 0, 0.875],
						"3.1": [0, 0, 0]
					}
				},
				"lefthand_and_mag": {
					"rotation": {
						"1.3667": {
							"pre": [0, 0, 0],
							"post": [0, 0, 0],
							"lerp_mode": "catmullrom"
						},
						"1.5667": [4.08132, 4.1819, -69.38004],
						"1.6667": {
							"pre": [-32.27331, -6.7355, -12.30175],
							"post": [-32.27331, -6.7355, -12.30175],
							"lerp_mode": "catmullrom"
						},
						"1.7667": [-22.63665, -3.36775, -6.15087],
						"1.8333": [-25.85045, -5.19155, -9.99996],
						"1.9": [-25.63665, -3.36775, -6.15087],
						"1.9333": [-29, 0, 0],
						"1.9667": [0, 0, 0],
						"2.0667": [0, 0, 0]
					},
					"position": {
						"1.3667": {
							"pre": [0, 0, 0],
							"post": [0, 0, 0],
							"lerp_mode": "catmullrom"
						},
						"1.4667": {
							"post": [10.05, -17.93, 10.25],
							"lerp_mode": "catmullrom"
						},
						"1.5667": {
							"post": [6.37, -11.16, 0.33],
							"lerp_mode": "catmullrom"
						},
						"1.6667": {
							"post": [0.60477, -3.2333, -3.51912],
							"lerp_mode": "catmullrom"
						},
						"1.7667": [0.6, -0.75, -2.00625],
						"1.8333": [0.975, -0.65, -2.545],
						"1.9": [0.6, -0.55, -2.225],
						"1.9333": [0, -0.5, -2.375],
						"1.9667": [0, 0, 0],
						"2.0667": [0, 0, 0]
					}
				},
				"release": {
					"rotation": {
						"0.3667": [0, 0, 0],
						"0.4333": [-17.5, 0, 0],
						"0.9333": [-17.5, 0, 0],
						"1.0333": [0, 0, 0],
						"1.9667": [0, 0, 0],
						"2.0333": [-17.5, 0, 0],
						"2.1": [0, 0, 0]
					}
				},
				"bullet": {
					"scale": {
						"1.2333": {
							"pre": [0, 0, 0],
							"post": [1, 1, 1]
						}
					}
				},
				"bullet_in_barrel": {
					"scale": 0
				},
				"group7": {
					"rotation": {
						"0.0": [0, 0, 0],
						"0.1333": [1.5, 0, 0],
						"0.3333": [-1, 0, 0],
						"0.5": [0.975, 0, 0],
						"0.8": [-0.475, 0, 0],
						"1.1333": [0.225, 0, 0],
						"1.5": [0, 0, 0],
						"1.8333": [0, 0, 0],
						"1.9667": [1.5, 0, 0],
						"2.1667": [-1, 0, 0],
						"2.3333": [0.975, 0, 0],
						"2.6333": [-0.475, 0, 0],
						"2.9667": [0, 0, 0],
						"3.1": [1.5, 0, 0],
						"3.3": [-1, 0, 0],
						"3.4667": [0.975, 0, 0],
						"3.7": [0, 0, 0]
					}
				},
				"group2": {
					"rotation": {
						"0.0": [0, 0, 0],
						"0.1333": [1.5, 0, 0],
						"0.3333": [-1, 0, 0],
						"0.5": [0.975, 0, 0],
						"0.8": [-0.475, 0, 0],
						"1.1333": [0.225, 0, 0],
						"1.5": [0, 0, 0],
						"1.8333": [0, 0, 0],
						"1.9667": [1.5, 0, 0],
						"2.1667": [-1, 0, 0],
						"2.3333": [0.975, 0, 0],
						"2.6333": [-0.475, 0, 0],
						"2.9667": [0, 0, 0],
						"3.1": [1.5, 0, 0],
						"3.3": [-1, 0, 0],
						"3.4667": [0.975, 0, 0],
						"3.7": [0, 0, 0]
					}
				},
				"constraint": {
					"rotation": {
						"3.4333": [0.1, 0.1, 0.1],
						"3.8667": [0.2, 0.2, 0.1]
					},
					"position": {
						"3.4333": [0.05, 0.1, 0.1],
						"3.8667": [0.2, 0.2, 0.3]
					}
				},
				"camera": {
					"rotation": {
						"0.0": {
							"post": [0, 0, 0],
							"lerp_mode": "catmullrom"
						},
						"0.1667": {
							"post": [0.195, 0.05, -0.2],
							"lerp_mode": "catmullrom"
						},
						"0.2333": {
							"post": [1.5, 0.125, -0.475],
							"lerp_mode": "catmullrom"
						},
						"0.4": {
							"post": [1.775, 0.17, -0.58],
							"lerp_mode": "catmullrom"
						},
						"0.5667": {
							"post": [1.53, 0.2, -0.65],
							"lerp_mode": "catmullrom"
						},
						"0.6333": {
							"post": [2.325, 0.075, 0.19],
							"lerp_mode": "catmullrom"
						},
						"0.7333": {
							"post": [2.055, -0.075, -1.25],
							"lerp_mode": "catmullrom"
						},
						"0.8333": {
							"post": [2.655, -0.05, -0.325],
							"lerp_mode": "catmullrom"
						},
						"0.9667": {
							"post": [2.645, 0.1, -0.65],
							"lerp_mode": "catmullrom"
						},
						"1.1333": {
							"post": [2.35, 0.2, -0.5],
							"lerp_mode": "catmullrom"
						},
						"1.4667": {
							"post": [0.255, 0.2, -1.125],
							"lerp_mode": "catmullrom"
						},
						"1.6667": {
							"post": [0.655, 0.2, -1.075],
							"lerp_mode": "catmullrom"
						},
						"1.8333": {
							"post": [0.85, 0.2, -0.925],
							"lerp_mode": "catmullrom"
						},
						"1.9": {
							"post": [1.82, 0.22, -0.065],
							"lerp_mode": "catmullrom"
						},
						"2.0": {
							"post": [1.2, 0.23, -1.115],
							"lerp_mode": "catmullrom"
						},
						"2.1": {
							"post": [1.9, 0.2, -0.5],
							"lerp_mode": "catmullrom"
						},
						"2.2667": {
							"post": [2.59, 0.03, -0.215],
							"lerp_mode": "catmullrom"
						},
						"2.4333": {
							"post": [3.125, -0.15, 0.55],
							"lerp_mode": "catmullrom"
						},
						"2.7333": {
							"post": [2.51, -0.21, 0.62],
							"lerp_mode": "catmullrom"
						},
						"2.8333": {
							"post": [3.07, -0.22, 1.31],
							"lerp_mode": "catmullrom"
						},
						"2.9": {
							"post": [2.105, -0.22, 0.075],
							"lerp_mode": "catmullrom"
						},
						"2.9667": {
							"post": [3.42, -0.22, 1.515],
							"lerp_mode": "catmullrom"
						},
						"3.0667": {
							"post": [2.355, -0.23, -0.12],
							"lerp_mode": "catmullrom"
						},
						"3.2": {
							"post": [3.225, -0.24, 0.985],
							"lerp_mode": "catmullrom"
						},
						"3.3667": {
							"post": [2.73, -0.225, 0.475],
							"lerp_mode": "catmullrom"
						},
						"3.6333": {
							"post": [-0.6, 0, -0.35],
							"lerp_mode": "catmullrom"
						},
						"3.7333": {
							"post": [0.275, 0, 0.3],
							"lerp_mode": "catmullrom"
						},
						"3.8": {
							"post": [-0.23, 0, -0.245],
							"lerp_mode": "catmullrom"
						},
						"3.8667": {
							"post": [0.1, 0, 0.45],
							"lerp_mode": "catmullrom"
						},
						"4.0": {
							"post": [0, 0, 0],
							"lerp_mode": "catmullrom"
						}
					}
				}
			},
			"sound_effects": {
				"0.0": {
					"effect": "p04_lm_rkilo_reload_empty_raise"
				},
				"0.1333": {
					"effect": "p04_lm_rkilo_reload_empty_magout"
				},
				"1.2333": {
					"effect": "iw8_phys_mag_drop_large_drum_dirt_02"
				},
				"1.7333": {
					"effect": "p04_lm_rkilo_reload_empty_raise"
				},
				"1.7667": {
					"effect": "p04_lm_rkilo_reload_empty_rattle"
				},
				"2.6667": {
					"effect": "p04_lm_rkilo_reload_empty_boltcharge"
				},
				"2.8333": {
					"effect": "p04_lm_rkilo_reload_empty_end_end"
				}
			}
		},
		"inspect": {
			"animation_length": 8.3,
			"bones": {
				"root": {
					"rotation": {
						"0.0": [0, 0, 0],
						"0.1667": {
							"pre": [-3.95432, -0.35524, -7.5593],
							"post": [-3.95432, -0.35524, -7.5593],
							"lerp_mode": "catmullrom"
						},
						"0.3667": {
							"post": [-18.77487, -14.73938, -42.6554],
							"lerp_mode": "catmullrom"
						},
						"0.6333": {
							"post": [-21.52657, -15.87239, -40.05886],
							"lerp_mode": "catmullrom"
						},
						"0.7667": {
							"post": [-20.25861, -16.23715, -41.02775],
							"lerp_mode": "catmullrom"
						},
						"1.0667": {
							"post": [-20.53075, -15.90496, -40.04584],
							"lerp_mode": "catmullrom"
						},
						"1.2333": {
							"post": [-20.31, -15.97, -40.25],
							"lerp_mode": "catmullrom"
						},
						"1.3333": {
							"post": [-19.50129, -18.05893, -44.38906],
							"lerp_mode": "catmullrom"
						},
						"1.4667": {
							"post": [-19.4, -17.79, -43.96],
							"lerp_mode": "catmullrom"
						},
						"1.8": {
							"post": [-19.4, -17.79, -43.96],
							"lerp_mode": "catmullrom"
						},
						"1.9667": {
							"post": [-15.98698, -18.90273, -47.17888],
							"lerp_mode": "catmullrom"
						},
						"2.1667": [-21.03635, -12.51673, -24.54773],
						"2.2333": [-21.68509, -14.72379, -30.29289],
						"2.3333": {
							"pre": [-23.93272, -16.03986, -33.0996],
							"post": [-23.93272, -16.03986, -33.0996],
							"lerp_mode": "catmullrom"
						},
						"2.3667": {
							"post": [-23.93272, -16.03986, -33.0996],
							"lerp_mode": "catmullrom"
						},
						"2.4": {
							"post": [-23.81561, -18.75152, -38.32369],
							"lerp_mode": "catmullrom"
						},
						"2.5333": {
							"post": [-26.69287, -14.89123, -34.22797],
							"lerp_mode": "catmullrom"
						},
						"2.6333": {
							"post": [-25.15112, -14.84361, -35.22725],
							"lerp_mode": "catmullrom"
						},
						"2.7667": {
							"post": [-25.65312, -11.93302, -33.22913],
							"lerp_mode": "catmullrom"
						},
						"2.9667": {
							"post": [-26.01609, -11.05842, -29.41804],
							"lerp_mode": "catmullrom"
						},
						"3.2667": {
							"post": [-26.01964, -11.08992, -32.35272],
							"lerp_mode": "catmullrom"
						},
						"3.7333": {
							"post": [-26.1, -10.91, -32.005],
							"lerp_mode": "catmullrom"
						},
						"4.3333": {
							"post": [-25.75645, -10.60384, -32.73238],
							"lerp_mode": "catmullrom"
						},
						"4.4667": {
							"post": [-22.18, -10.23376, -28.68011],
							"lerp_mode": "catmullrom"
						},
						"4.6333": {
							"post": [-21.84032, -16.35295, -42.43734],
							"lerp_mode": "catmullrom"
						},
						"4.7667": {
							"post": [-23.01767, -14.58784, -39.21257],
							"lerp_mode": "catmullrom"
						},
						"4.8667": {
							"post": [-25.01344, -14.55583, -37.22696],
							"lerp_mode": "catmullrom"
						},
						"4.9333": {
							"post": [-20.36166, -9.80986, -25.96993],
							"lerp_mode": "catmullrom"
						},
						"4.9667": {
							"post": [-19.37742, -12.97734, -35.75689],
							"lerp_mode": "catmullrom"
						},
						"5.0333": {
							"post": [-22.53365, -10.5086, -29.93511],
							"lerp_mode": "catmullrom"
						},
						"5.1333": {
							"post": [-22.35954, -11.69417, -32.98666],
							"lerp_mode": "catmullrom"
						},
						"5.3333": {
							"post": [-24.36432, -1.6775, -11.65337],
							"lerp_mode": "catmullrom"
						},
						"5.5333": {
							"post": [-23.46652, 12.24383, 43.25953],
							"lerp_mode": "catmullrom"
						},
						"5.5667": {
							"post": [-25.38254, 14.43725, 52.36102],
							"lerp_mode": "catmullrom"
						},
						"5.7333": {
							"post": [-29.00682, 14.71279, 56.6102],
							"lerp_mode": "catmullrom"
						},
						"5.8333": {
							"post": [-29.89, 14.81, 57.05],
							"lerp_mode": "catmullrom"
						},
						"5.9333": {
							"post": [-31.3227, 15.39962, 56.65147],
							"lerp_mode": "catmullrom"
						},
						"6.1333": {
							"post": [-30.7885, 14.41418, 55.14586],
							"lerp_mode": "catmullrom"
						},
						"6.4333": {
							"post": [-30.6349, 15.48634, 57.33607],
							"lerp_mode": "catmullrom"
						},
						"6.7333": {
							"post": [-31.25052, 14.70508, 55.68418],
							"lerp_mode": "catmullrom"
						},
						"6.8667": {
							"post": [-31.42, 14.31, 55.95],
							"lerp_mode": "catmullrom"
						},
						"6.9333": {
							"post": [-32.27246, 11.64382, 51.59711],
							"lerp_mode": "catmullrom"
						},
						"7.1667": {
							"post": [-26.67396, -0.07821, 27.51275],
							"lerp_mode": "catmullrom"
						},
						"7.3": {
							"post": [-11.69726, 0.58548, 26.88017],
							"lerp_mode": "catmullrom"
						},
						"7.4333": {
							"post": [-4.92613, 0.4648, 9.54116],
							"lerp_mode": "catmullrom"
						},
						"7.6": {
							"post": [-0.48719, -2.12151, -6.94069],
							"lerp_mode": "catmullrom"
						},
						"7.7": {
							"post": [0, 0, -3],
							"lerp_mode": "catmullrom"
						},
						"7.8": [1.07546, -0.05235, 0.39954],
						"7.9": [-0.95, 0, 1.64],
						"8.0333": [0, 0, 0],
						"8.1667": [0, 0, 0]
					},
					"position": {
						"0.0": [0, 0, 0],
						"0.1667": {
							"pre": [-0.3, -0.65, 0],
							"post": [-0.3, -0.65, 0],
							"lerp_mode": "catmullrom"
						},
						"0.3667": {
							"post": [-0.6, 0.8, -0.75],
							"lerp_mode": "catmullrom"
						},
						"0.5": {
							"post": [-0.6, 1.2, -1.35],
							"lerp_mode": "catmullrom"
						},
						"0.6667": {
							"post": [-0.6, 0.835, -1.59],
							"lerp_mode": "catmullrom"
						},
						"0.8667": {
							"post": [-0.6, 0.55, -1.6],
							"lerp_mode": "catmullrom"
						},
						"1.0667": {
							"post": [-0.6, 0.98, -1.6],
							"lerp_mode": "catmullrom"
						},
						"1.3333": {
							"post": [-0.6, 3.105, -1.6],
							"lerp_mode": "catmullrom"
						},
						"1.6333": {
							"post": [-0.6, 3.33, -1.6],
							"lerp_mode": "catmullrom"
						},
						"1.8": {
							"post": [-0.6, 2.7, -1.6],
							"lerp_mode": "catmullrom"
						},
						"1.9667": {
							"post": [-0.45, -0.64, -0.8],
							"lerp_mode": "catmullrom"
						},
						"2.1667": {
							"post": [0.7, -1.3, 2.1],
							"lerp_mode": "catmullrom"
						},
						"2.2333": {
							"post": [0.7, -1.35, 2.1],
							"lerp_mode": "catmullrom"
						},
						"2.3333": {
							"post": [0.7, -1.15, 2.1],
							"lerp_mode": "catmullrom"
						},
						"2.4": {
							"post": [0.575, -0.7, 2.1],
							"lerp_mode": "catmullrom"
						},
						"2.4667": {
							"post": [0.245, -0.46, 2.1],
							"lerp_mode": "catmullrom"
						},
						"2.5667": {
							"post": [-0.05, -0.65, 2.1],
							"lerp_mode": "catmullrom"
						},
						"2.6333": {
							"post": [-0.275, -1.15, 2.1],
							"lerp_mode": "catmullrom"
						},
						"2.7333": {
							"post": [-0.2, -1.6, 2.1],
							"lerp_mode": "catmullrom"
						},
						"2.8667": {
							"post": [-0.125, -1.825, 2.1],
							"lerp_mode": "catmullrom"
						},
						"3.2333": {
							"post": [-0.4, -1.4, 2.1],
							"lerp_mode": "catmullrom"
						},
						"4.3667": {
							"post": [-0.4, -1.5, 2.1],
							"lerp_mode": "catmullrom"
						},
						"4.5333": {
							"post": [-0.21, -1.27, 2.1],
							"lerp_mode": "catmullrom"
						},
						"4.6333": {
							"post": [0.15, -0.9, 2.1],
							"lerp_mode": "catmullrom"
						},
						"4.7333": {
							"post": [0.3, -0.6, 2.1],
							"lerp_mode": "catmullrom"
						},
						"4.8333": {
							"post": [0.3, -0.5, 2.1],
							"lerp_mode": "catmullrom"
						},
						"4.8667": {
							"post": [0.2, -0.5, 2.1],
							"lerp_mode": "catmullrom"
						},
						"4.9667": [0.3, -0.8, 2.1],
						"5.1333": {
							"pre": [0.3, -1.67969, 2.1],
							"post": [0.3, -1.67969, 2.1],
							"lerp_mode": "catmullrom"
						},
						"5.3333": {
							"post": [0.7, -4.11016, 1.5],
							"lerp_mode": "catmullrom"
						},
						"5.5333": [1.425, -3.36328, 0.64141],
						"5.6667": {
							"pre": [1.87422, -2.99297, 0.30938],
							"post": [1.87422, -2.99297, 0.30938],
							"lerp_mode": "catmullrom"
						},
						"5.8333": {
							"post": [2.02656, -3.34531, 0.68047],
							"lerp_mode": "catmullrom"
						},
						"5.9333": {
							"post": [2.02656, -3.96641, 1.22516],
							"lerp_mode": "catmullrom"
						},
						"6.0333": {
							"post": [1.9975, -4.26297, 1.14094],
							"lerp_mode": "catmullrom"
						},
						"6.2667": {
							"post": [1.81, -4.12625, 1.26938],
							"lerp_mode": "catmullrom"
						},
						"6.6333": {
							"post": [1.83, -3.89797, 1.35781],
							"lerp_mode": "catmullrom"
						},
						"6.8667": {
							"post": [1.84, -3.84469, 1.24359],
							"lerp_mode": "catmullrom"
						},
						"6.9333": {
							"post": [1.84, -4.45609, 1.23],
							"lerp_mode": "catmullrom"
						},
						"7.0": {
							"post": [1.84, -4.23719, 1.23359],
							"lerp_mode": "catmullrom"
						},
						"7.1": {
							"post": [1.81, -5.45562, 0.44],
							"lerp_mode": "catmullrom"
						},
						"7.2333": {
							"post": [1.6, -6.10031, -1.06],
							"lerp_mode": "catmullrom"
						},
						"7.3667": {
							"post": [1.08, -4.20469, -4.00109],
							"lerp_mode": "catmullrom"
						},
						"7.5": {
							"post": [0.52, -0.355, -4.04109],
							"lerp_mode": "catmullrom"
						},
						"7.7": {
							"post": [0, -0.3, 0.95],
							"lerp_mode": "catmullrom"
						},
						"7.8333": [0, 0.02, -0.14],
						"7.9667": [0, 0.12, 0.08],
						"8.1333": [0, 0, 0]
					}
				},
				"lefthand_and_mag": {
					"rotation": {
						"2.1667": [0, 0, 0],
						"2.2667": [-14.87378, -0.06978, -1.99878],
						"2.3333": [-14.87378, -0.06978, -1.99878],
						"2.4": {
							"pre": [-17.58598, -4.88201, -7.06163],
							"post": [-17.58598, -4.88201, -7.06163],
							"lerp_mode": "catmullrom"
						},
						"2.5": {
							"post": [-2.54764, -3.15869, -9.15509],
							"lerp_mode": "catmullrom"
						},
						"2.6": {
							"post": [-2.29304, 0.51545, -7.03527],
							"lerp_mode": "catmullrom"
						},
						"2.7667": {
							"post": [0.11593, 1.3276, -6.41886],
							"lerp_mode": "catmullrom"
						},
						"3.1": {
							"post": [-0.56745, 0.66867, -6.29566],
							"lerp_mode": "catmullrom"
						},
						"3.2": {
							"post": [-0.73884, -4.95119, 7.1523],
							"lerp_mode": "catmullrom"
						},
						"3.3333": {
							"post": [4.57279, 13.80254, 51.68818],
							"lerp_mode": "catmullrom"
						},
						"3.4333": {
							"post": [11.39392, 23.87067, 73.5731],
							"lerp_mode": "catmullrom"
						},
						"3.6": {
							"post": [10.62198, 24.66829, 69.27027],
							"lerp_mode": "catmullrom"
						},
						"3.7": {
							"post": [10.16633, 24.85041, 68.18683],
							"lerp_mode": "catmullrom"
						},
						"3.8": {
							"post": [9.71201, 25.02264, 67.10375],
							"lerp_mode": "catmullrom"
						},
						"4.1667": [10.8, 25.61, 67.345],
						"4.2667": [11.07064, 24.47878, 61.87432],
						"4.3667": {
							"pre": [2.6316, 9.13844, -19.76362],
							"post": [2.6316, 9.13844, -19.76362],
							"lerp_mode": "catmullrom"
						},
						"4.5": [-9.91205, 0, -26.17873],
						"4.6": [-16.50045, 0, -1.24916],
						"4.6667": [-23.925, 0, 0],
						"4.7": [-24.5, 0, 0],
						"4.7667": [-22.5, 0, 0],
						"4.8": [-25.25, 0, 0],
						"4.8667": [0, 0, 0]
					},
					"position": {
						"2.1667": [0, 0, 0],
						"2.2667": [0, -0.3, -0.575],
						"2.3333": [0, -0.525, -0.95],
						"2.4": {
							"pre": [1.4, -6.7, -5.4],
							"post": [1.4, -6.7, -5.4],
							"lerp_mode": "catmullrom"
						},
						"2.5": {
							"post": [2.60106, -7.37564, -1.50788],
							"lerp_mode": "catmullrom"
						},
						"2.6667": {
							"post": [4.19814, -4.01898, 1.38632],
							"lerp_mode": "catmullrom"
						},
						"2.7667": {
							"post": [4.90996, -1.98517, 2.02353],
							"lerp_mode": "catmullrom"
						},
						"2.9": {
							"post": [5.13462, -1.70756, 1.84998],
							"lerp_mode": "catmullrom"
						},
						"3.1": {
							"post": [4.95, -2.2, 1.9],
							"lerp_mode": "catmullrom"
						},
						"3.2": {
							"post": [4.75, -2.8, 2.4],
							"lerp_mode": "catmullrom"
						},
						"3.3333": {
							"post": [3.61, -3.505, 2.16],
							"lerp_mode": "catmullrom"
						},
						"3.4667": {
							"post": [3.4, -3.725, 1.125],
							"lerp_mode": "catmullrom"
						},
						"3.6": {
							"post": [3.3, -3.425, 0.875],
							"lerp_mode": "catmullrom"
						},
						"3.7": {
							"post": [3.2, -3.425, 0.875],
							"lerp_mode": "catmullrom"
						},
						"3.8": {
							"post": [3.2, -3.425, 0.875],
							"lerp_mode": "catmullrom"
						},
						"4.1667": [3.165, -3.7, 0.775],
						"4.2667": [3.3, -3.85, 0.825],
						"4.3667": {
							"pre": [2.745, -6.63, 0.885],
							"post": [2.745, -6.63, 0.885],
							"lerp_mode": "catmullrom"
						},
						"4.5": [2.05, -2, -1.95],
						"4.6": [0.4, -1, -1.525],
						"4.6667": [0.1, -1, -2.375],
						"4.7": [0.1, -1, -2.3],
						"4.7667": [0.1, -1, -1.825],
						"4.8": [0.05, -0.5, -1.75],
						"4.8667": [0, 0, 0]
					}
				},
				"lefthand": {
					"rotation": {
						"0.0": [100.36601, 316.5798, -142.78527],
						"0.1667": [120.65263, 300.35672, -200.36724],
						"0.3": [111.55615, 298.47384, -188.40898],
						"1.6667": [111.555, 298.47, -188.405],
						"1.9667": [118.83163, 326.45682, -211.14883],
						"2.0667": [128.08894, 353.56633, -232.1361],
						"2.1667": [137.90708, 352.98359, -229.17653],
						"2.2667": [136.38376, 352.2397, -227.32289],
						"2.3333": [131.92598, 335.01803, -221.25165],
						"2.4": [124.32756, 341.90777, -207.99399],
						"2.5667": [117.49784, 353.33242, -204.26761],
						"2.7": [122.57973, 353.16258, -203.63703],
						"3.0667": [122.57973, 353.16258, -203.63703],
						"3.2": [121.015, 353.92, -204.425],
						"3.3": [121.6483, 350.03872, -193.05026],
						"4.3": [121.6483, 350.03872, -193.05026],
						"4.4": [128.32432, 351.9275, -221.98264],
						"5.1": [128.32432, 351.9275, -221.98264],
						"5.2": [124.115, 332.21, -174.055],
						"5.3": [110.9783, 319.06865, -142.09861],
						"5.7": [81.9783, 319.06865, -142.09861],
						"7.3": [83.9783, 319.06865, -142.09861],
						"7.4333": [100.36601, 316.5798, -142.78527]
					},
					"position": {
						"0.0": [7.775, -12, -10],
						"0.1667": [14.3, -27.8, -3.8],
						"0.3": [9.9, -45.2, 22.9],
						"1.6667": [9.9, -45.2, 22.9],
						"1.9667": [7.18, -18.75, 1.05],
						"2.0667": [7.35, -16.5, -1.5],
						"2.2667": [7.35, -16.5, -1.5],
						"2.3333": [7.35, -16.975, -1.1],
						"2.5667": [7.31, -16.92, -0.745],
						"3.2": [7.31, -16.92, -0.745],
						"3.3": [8.54, -16.78, -1.6],
						"4.3": [8.54, -16.78, -1.6],
						"4.4": [7.65, -17.1, -1.275],
						"5.1": [7.65, -17.1, -1.275],
						"5.1667": [7.91, -15.06, -4.48],
						"5.3": [8.1, -12.1, -8.5],
						"7.3": [8.1, -12.1, -8.5],
						"7.4333": [7.775, -12, -10]
					},
					"scale": {
						"0.0": [1, 1.5, 1],
						"7.4333": [1, 1.5, 1]
					}
				},
				"righthand_and_gun": {
					"rotation": {
						"2.3667": {
							"pre": [0, 0, 0],
							"post": [0, 0, 0],
							"lerp_mode": "catmullrom"
						},
						"2.4667": {
							"post": [0, 0, -6],
							"lerp_mode": "catmullrom"
						},
						"2.6": {
							"post": [0, 0, 1],
							"lerp_mode": "catmullrom"
						},
						"2.8667": {
							"post": [4.25145, 1.49587, 1.11119],
							"lerp_mode": "catmullrom"
						},
						"3.3333": {
							"post": [9.7516, 3.94902, -2.77956],
							"lerp_mode": "catmullrom"
						},
						"3.6667": {
							"post": [11.0016, 3.94902, -2.77956],
							"lerp_mode": "catmullrom"
						},
						"4.3": {
							"post": [8.83657, 0.51786, 5.59603],
							"lerp_mode": "catmullrom"
						},
						"4.7": {
							"post": [0, 0, 0],
							"lerp_mode": "catmullrom"
						}
					},
					"position": {
						"2.3667": {
							"pre": [0, 0, 0],
							"post": [0, 0, 0],
							"lerp_mode": "catmullrom"
						},
						"2.7333": {
							"post": [0, 0, 0],
							"lerp_mode": "catmullrom"
						},
						"3.1": {
							"post": [-0.33567, -0.49419, 0.31421],
							"lerp_mode": "catmullrom"
						},
						"3.6667": {
							"post": [-0.40508, -0.57962, 0.36794],
							"lerp_mode": "catmullrom"
						},
						"4.1667": {
							"post": [-0.13019, -0.20715, 0.12851],
							"lerp_mode": "catmullrom"
						},
						"4.6667": {
							"post": [0, 0, 0],
							"lerp_mode": "catmullrom"
						}
					}
				},
				"bolt": {
					"position": {
						"5.7667": [0, 0, 0],
						"5.9": {
							"pre": [0, 0, 2],
							"post": [0, 0, 2],
							"lerp_mode": "catmullrom"
						},
						"6.0667": {
							"post": [0, 0, 2.25],
							"lerp_mode": "catmullrom"
						},
						"6.3": {
							"post": [0, 0, 2.17],
							"lerp_mode": "catmullrom"
						},
						"6.5667": [0, 0, 2.19938],
						"6.8667": [0, 0, 2],
						"6.9333": {
							"pre": [0, 0, 0],
							"post": [0, 0, 0],
							"lerp_mode": "catmullrom"
						}
					}
				},
				"righthand": {
					"rotation": {
						"0.0": [95.04292, 367.4713, 180.6574],
						"0.1": [95.04292, 367.4713, 180.6574],
						"0.2333": [95.04292, 367.4713, 180.6574],
						"1.9667": [95.04292, 367.4713, 180.6574],
						"2.1": [95.04292, 367.4713, 180.6574],
						"5.4667": [95.04292, 367.4713, 180.6574],
						"5.6667": [76.17064, 380.31866, 67.92926],
						"5.7667": [77.90318, 376.66785, 78.13254],
						"5.8": [79.05642, 378.34388, 85.93755],
						"5.9": {
							"pre": [83.30253, 402.22545, 102.90458],
							"post": [83.30253, 402.22545, 102.90458],
							"lerp_mode": "catmullrom"
						},
						"6.2333": {
							"post": [85.04261, 405.56628, 103.17399],
							"lerp_mode": "catmullrom"
						},
						"6.4667": {
							"post": [84.64494, 403.05678, 104.1009],
							"lerp_mode": "catmullrom"
						},
						"6.8667": [83.30253, 402.22545, 102.90458],
						"6.9333": {
							"pre": [62.2494, 406.43748, 84.52542],
							"post": [62.2494, 406.43748, 84.52542],
							"lerp_mode": "catmullrom"
						},
						"7.1333": [95.04292, 367.4713, 180.6574]
					},
					"position": {
						"0.0": [-7, -14.275, 7],
						"0.1": [-7, -14.275, 7],
						"0.2333": [-8.25, -14.275, 7],
						"1.9667": [-8.25, -14.275, 7],
						"2.1": [-7, -14.275, 7],
						"5.4667": [-7, -14.275, 7],
						"5.5": {
							"pre": [-8.015, -13.35, 5.48],
							"post": [-8.015, -13.35, 5.48],
							"lerp_mode": "catmullrom"
						},
						"5.6": [-9.43141, -12.18, -1.69813],
						"5.6667": [-9.05, -11.675, -2.65],
						"5.7667": [-9.05, -11.525, -3.125],
						"5.9": {
							"pre": [-9.05, -11.57, -1.85],
							"post": [-9.05, -11.57, 0.65],
							"lerp_mode": "catmullrom"
						},
						"6.1333": {
							"post": [-9.05, -11.615, -1.75281],
							"lerp_mode": "catmullrom"
						},
						"6.3667": {
							"post": [-9.05, -11.615, -1.70297],
							"lerp_mode": "catmullrom"
						},
						"6.6333": [-9.05, -11.64, -1.56766],
						"6.8667": [-9.05, -11.62859, -1.77734],
						"6.9333": {
							"pre": [-9.05, -11.94, -0.92],
							"post": [-9.05, -11.94, -0.92],
							"lerp_mode": "catmullrom"
						},
						"7.1333": [-7, -14.275, 7]
					},
					"scale": [1, 1.5, 1]
				},
				"bullet": {
					"scale": 0
				},
				"camera": {
					"rotation": {
						"0.0": {
							"post": [0, 0, 0],
							"lerp_mode": "catmullrom"
						},
						"0.1667": {
							"post": [1.72, 0.5, -0.45],
							"lerp_mode": "catmullrom"
						},
						"0.3667": {
							"post": [3.175, 0.8, -1.1],
							"lerp_mode": "catmullrom"
						},
						"0.7333": {
							"post": [3.125, 0.8, -1.1],
							"lerp_mode": "catmullrom"
						},
						"0.9333": {
							"post": [3.585, 0.8, -1.1],
							"lerp_mode": "catmullrom"
						},
						"1.1667": {
							"post": [5.295, 1.625, -1.55],
							"lerp_mode": "catmullrom"
						},
						"1.3333": {
							"post": [7.335, 2.7, -1.55],
							"lerp_mode": "catmullrom"
						},
						"1.5667": {
							"post": [8.425, 3.1, -1.55],
							"lerp_mode": "catmullrom"
						},
						"2.0": {
							"post": [2.7, 1.7, -1.55],
							"lerp_mode": "catmullrom"
						},
						"2.1667": {
							"post": [0.9, 0.8, -1.1],
							"lerp_mode": "catmullrom"
						},
						"2.3333": {
							"post": [1, 0.5, -1.1],
							"lerp_mode": "catmullrom"
						},
						"2.4": {
							"post": [1.5, -0.3, 1.2],
							"lerp_mode": "catmullrom"
						},
						"2.5": {
							"post": [0.7, -0.5, -2.95],
							"lerp_mode": "catmullrom"
						},
						"2.6": {
							"post": [0.9, -0.8, -1.1],
							"lerp_mode": "catmullrom"
						},
						"2.8": {
							"post": [2.3, -1.6, -1.55],
							"lerp_mode": "catmullrom"
						},
						"3.0": {
							"post": [3, -2, -1.55],
							"lerp_mode": "catmullrom"
						},
						"3.2": {
							"post": [3.09, -2, -1.55],
							"lerp_mode": "catmullrom"
						},
						"3.4667": {
							"post": [3.2, -4.1, -2.125],
							"lerp_mode": "catmullrom"
						},
						"3.7": {
							"post": [3.11, -4.8, -2.125],
							"lerp_mode": "catmullrom"
						},
						"4.0": {
							"post": [3, -4.8, -2.125],
							"lerp_mode": "catmullrom"
						},
						"4.3": {
							"post": [2.6, -4.5, -2.125],
							"lerp_mode": "catmullrom"
						},
						"4.5667": {
							"post": [0.8, 0.2, -2],
							"lerp_mode": "catmullrom"
						},
						"4.8": {
							"post": [0.4, 0.8, -1.55],
							"lerp_mode": "catmullrom"
						},
						"4.8667": {
							"post": [1.5, 0.8, 0.02344],
							"lerp_mode": "catmullrom"
						},
						"4.9667": {
							"post": [0.7, 0.8, -2.32578],
							"lerp_mode": "catmullrom"
						},
						"5.0667": {
							"post": [1.1, 0.8, -1.2],
							"lerp_mode": "catmullrom"
						},
						"5.2": {
							"post": [1.3, 0, -1.55],
							"lerp_mode": "catmullrom"
						},
						"5.5": {
							"post": [3.1, -0.4, -1.55],
							"lerp_mode": "catmullrom"
						},
						"5.7667": {
							"post": [3.5, -0.5, -1.55],
							"lerp_mode": "catmullrom"
						},
						"5.8667": {
							"post": [4.71, -0.5, -1.52],
							"lerp_mode": "catmullrom"
						},
						"6.0": {
							"post": [3.79, -0.49, -1.47],
							"lerp_mode": "catmullrom"
						},
						"6.2667": {
							"post": [4.22, -0.46, -1.35],
							"lerp_mode": "catmullrom"
						},
						"6.7": {
							"post": [3.85, -0.4, -1.1],
							"lerp_mode": "catmullrom"
						},
						"6.8": {
							"post": [3.27031, -0.41, -1.06],
							"lerp_mode": "catmullrom"
						},
						"6.8667": {
							"post": [3.72688, -0.42, -0.43672],
							"lerp_mode": "catmullrom"
						},
						"6.9667": {
							"post": [2.48891, -0.43, -1.10766],
							"lerp_mode": "catmullrom"
						},
						"7.1": {
							"post": [2.37781, -0.43, -0.99],
							"lerp_mode": "catmullrom"
						},
						"7.2667": {
							"post": [2.54953, -0.40234, -0.88672],
							"lerp_mode": "catmullrom"
						},
						"7.3667": {
							"post": [2.92234, -0.25734, 0.51859],
							"lerp_mode": "catmullrom"
						},
						"7.4667": {
							"post": [1.97109, -0.1775, 0.57359],
							"lerp_mode": "catmullrom"
						},
						"7.6667": {
							"post": [0.03, 0, 0],
							"lerp_mode": "catmullrom"
						},
						"7.7": {
							"post": [-0.15, 0, 1.6],
							"lerp_mode": "catmullrom"
						},
						"7.8": {
							"post": [0.05, 0, -0.63984],
							"lerp_mode": "catmullrom"
						},
						"7.9667": {
							"post": [0, 0, 0.09375],
							"lerp_mode": "catmullrom"
						},
						"8.2": {
							"post": [0, 0, 0],
							"lerp_mode": "catmullrom"
						}
					}
				},
				"group7": {
					"rotation": {
						"0.1667": [0, 0, 0],
						"0.3": [1.5, 0, 0],
						"0.5": [-1, 0, 0],
						"0.7": [0.975, 0, 0],
						"0.9667": [-0.475, 0, 0],
						"1.3": [0.225, 0, 0],
						"1.7333": [0, 0, 0],
						"2.1667": [0, 0, 0],
						"2.2667": [1.5, 0, 0],
						"2.4333": [-1, 0, 0],
						"2.5667": [0.975, 0, 0],
						"2.7667": [-0.475, 0, 0],
						"3.0333": [0.225, 0, 0],
						"3.3333": [0, 0, 0],
						"4.4333": [0, 0, 0],
						"4.5": [1.5, 0, 0],
						"4.6": [-1, 0, 0],
						"4.7": [0, 0, 0],
						"4.7667": [1.5, 0, 0],
						"4.8667": [-1, 0, 0],
						"4.9667": [0.975, 0, 0],
						"5.1": [-0.475, 0, 0],
						"5.3": [0, 0, 0],
						"5.4333": [1.5, 0, 0],
						"5.6333": [-1, 0, 0],
						"5.8": [0.975, 0, 0],
						"6.1": [-0.475, 0, 0],
						"6.4333": [0.225, 0, 0],
						"6.8": [0, 0, 0],
						"6.8667": [0, 0, 0],
						"6.9333": [1.5, 0, 0],
						"7.0333": [-1, 0, 0],
						"7.1333": [0.975, 0, 0],
						"7.2667": [-0.475, 0, 0],
						"7.4333": [0.225, 0, 0],
						"7.5333": [0, 0, 0],
						"7.6": [1.5, 0, 0],
						"7.7": [-1, 0, 0],
						"7.8": [0.975, 0, 0],
						"7.9333": [-0.475, 0, 0],
						"8.1": [0.225, 0, 0],
						"8.3": [0, 0, 0]
					}
				},
				"group2": {
					"rotation": {
						"0.2667": [0, 0, 0],
						"0.4": [1.5, 0, 0],
						"0.6": [-1, 0, 0],
						"0.7667": [0.975, 0, 0],
						"1.0667": [-0.475, 0, 0],
						"1.4": [0.225, 0, 0],
						"1.7667": [0, 0, 0],
						"2.3667": [0, 0, 0],
						"2.4667": [1.5, 0, 0],
						"2.6333": [-1, 0, 0],
						"2.7667": [0.975, 0, 0],
						"2.9667": [-0.475, 0, 0],
						"3.2333": [0.225, 0, 0],
						"3.5333": [0, 0, 0],
						"4.5667": [0, 0, 0],
						"4.6333": [1.5, 0, 0],
						"4.7333": [-1, 0, 0],
						"4.8333": [0, 0, 0],
						"4.9": [1.5, 0, 0],
						"5.0": [-1, 0, 0],
						"5.1": [0.975, 0, 0],
						"5.2333": [-0.475, 0, 0],
						"5.3": [0, 0, 0],
						"5.4333": [1.5, 0, 0],
						"5.6333": [-1, 0, 0],
						"5.8": [0.975, 0, 0],
						"6.1": [-0.475, 0, 0],
						"6.4333": [0.225, 0, 0],
						"6.8": [0, 0, 0],
						"7.3333": [0.225, 0, 0],
						"7.4333": [0, 0, 0],
						"7.5": [1.5, 0, 0],
						"7.6": [-1, 0, 0],
						"7.7": [0.975, 0, 0],
						"7.8333": [-0.475, 0, 0],
						"8.0": [0.225, 0, 0],
						"8.2": [0, 0, 0]
					}
				},
				"release": {
					"rotation": {
						"2.1333": [0, 0, 0],
						"2.2": [-17.5, 0, 0],
						"2.6667": [-17.5, 0, 0],
						"2.7667": [0, 0, 0],
						"4.8": [0, 0, 0],
						"4.8667": [-17.5, 0, 0],
						"4.9333": [-17.5, 0, 0],
						"5.0": [0, 0, 0]
					}
				}
			},
			"sound_effects": {
				"0.0": {
					"effect": "ar_akilo_inspect_up"
				},
				"2.0333": {
					"effect": "ar_akilo_raise_grab"
				},
				"2.1333": {
					"effect": "ar_akilo_inspect_magout"
				},
				"2.9667": {
					"effect": "p04_ar_akilo_inspect_mvt"
				},
				"4.4333": {
					"effect": "ar_akilo_inspect_magbump"
				},
				"4.7667": {
					"effect": "ar_akilo_inspect_magin"
				},
				"5.0667": {
					"effect": "ar_akilo_inspect_turn"
				},
				"5.6333": {
					"effect": "ar_akilo_inspect_pull"
				},
				"6.7667": {
					"effect": "ar_akilo_inspect_release"
				},
				"7.3667": {
					"effect": "ar_akilo_inspect_over"
				}
			}
		},
		"shoot": {
			"animation_length": 0.8333,
			"bones": {
				"root": {
					"rotation": {
						"0.0": {
							"post": [0, 0, 0],
							"lerp_mode": "catmullrom"
						},
						"0.0333": {
							"post": [3.203, -0.00709, 0.42499],
							"lerp_mode": "catmullrom"
						},
						"0.0667": {
							"post": [-1.78676, -0.22272, -1.1938],
							"lerp_mode": "catmullrom"
						},
						"0.1333": {
							"post": [-1.49333, 0.0345, -0.46515],
							"lerp_mode": "catmullrom"
						},
						"0.2333": {
							"post": [0.26625, 0.0093, 0.5883],
							"lerp_mode": "catmullrom"
						},
						"0.3": {
							"post": [0.05, 0.15, -0.175],
							"lerp_mode": "catmullrom"
						},
						"0.3667": {
							"post": [-0.175, 0.13, -0.265],
							"lerp_mode": "catmullrom"
						},
						"0.4667": {
							"post": [0, -0.075, 0.35],
							"lerp_mode": "catmullrom"
						},
						"0.5333": {
							"post": [0.05, -0.075, 0.24],
							"lerp_mode": "catmullrom"
						},
						"0.6": {
							"post": [0.15, -0.05, -0.3],
							"lerp_mode": "catmullrom"
						},
						"0.7": {
							"post": [0.03, 0, -0.065],
							"lerp_mode": "catmullrom"
						},
						"0.8333": {
							"post": [0, 0, 0],
							"lerp_mode": "catmullrom"
						}
					},
					"position": {
						"0.0": {
							"post": [0, 0, 0],
							"lerp_mode": "catmullrom"
						},
						"0.0333": {
							"post": [0, -0.16875, 1.67734],
							"lerp_mode": "catmullrom"
						},
						"0.1": {
							"post": [0, -0.015, 1.39],
							"lerp_mode": "catmullrom"
						},
						"0.2": {
							"post": [0, -0.00156, -0.09609],
							"lerp_mode": "catmullrom"
						},
						"0.3": {
							"post": [0, -0.075, 0.05703],
							"lerp_mode": "catmullrom"
						},
						"0.4": {
							"post": [0, 0.005, 0.04],
							"lerp_mode": "catmullrom"
						},
						"0.4667": {
							"post": [0, 0.05, 0],
							"lerp_mode": "catmullrom"
						},
						"0.5667": {
							"post": [0, 0.03, 0],
							"lerp_mode": "catmullrom"
						},
						"0.6667": {
							"post": [0, 0, 0],
							"lerp_mode": "catmullrom"
						},
						"0.7667": {
							"post": [0, 0, 0],
							"lerp_mode": "catmullrom"
						}
					}
				},
				"bolt": {
					"position": {
						"0.0": {
							"post": [0, 0, 0],
							"lerp_mode": "catmullrom"
						},
						"0.0667": {
							"post": [0.00099, -0.02835, 7.99995],
							"lerp_mode": "catmullrom"
						},
						"0.1667": [0, 0, 0],
						"0.2333": [0, 0, 0.875],
						"0.3": [0, 0, 0]
					}
				},
				"bullet_in_barrel": {
					"scale": {
						"0.0": [0, 0, 0],
						"0.2333": [0, 0, 0],
						"0.2667": [1, 1, 1]
					}
				},
				"group7": {
					"rotation": {
						"0.0": [0, 0, 0],
						"0.0333": [-6.5, 0, 0],
						"0.1": [2.25, 0, 0],
						"0.1667": [-2, 0, 0],
						"0.2667": [0.75, 0, 0],
						"0.3667": [-0.9, 0, 0],
						"0.5": [0, 0, 0]
					}
				},
				"group2": {
					"rotation": {
						"0.0": [0, 0, 0],
						"0.0667": [-6.5, 0, 0],
						"0.1333": [2.25, 0, 0],
						"0.2": [-2, 0, 0],
						"0.3": [0.75, 0, 0],
						"0.4333": [-0.9, 0, 0],
						"0.6": [0, 0, 0]
					}
				},
				"camera": {
					"rotation": {
						"0.0": {
							"post": [0, 0, 0],
							"lerp_mode": "catmullrom"
						},
						"0.0333": {
							"post": [0, 0, 0.7],
							"lerp_mode": "catmullrom"
						},
						"0.0667": {
							"post": [0, 0, -0.425],
							"lerp_mode": "catmullrom"
						},
						"0.1333": {
							"post": [0, 0, 0.375],
							"lerp_mode": "catmullrom"
						},
						"0.1667": {
							"post": [0, 0, -0.15],
							"lerp_mode": "catmullrom"
						},
						"0.2333": {
							"post": [0, 0, 0.125],
							"lerp_mode": "catmullrom"
						},
						"0.3333": {
							"post": [0, 0, -0.075],
							"lerp_mode": "catmullrom"
						},
						"0.4333": {
							"post": [0, 0, 0],
							"lerp_mode": "catmullrom"
						}
					}
				}
			}
		},
		"inspect_empty": {
			"animation_length": 8.3,
			"bones": {
				"root": {
					"rotation": {
						"0.0": [0, 0, 0],
						"0.1667": {
							"pre": [-3.95432, -0.35524, -7.5593],
							"post": [-3.95432, -0.35524, -7.5593],
							"lerp_mode": "catmullrom"
						},
						"0.3667": {
							"post": [-18.77487, -14.73938, -42.6554],
							"lerp_mode": "catmullrom"
						},
						"0.6333": {
							"post": [-21.52657, -15.87239, -40.05886],
							"lerp_mode": "catmullrom"
						},
						"0.7667": {
							"post": [-20.25861, -16.23715, -41.02775],
							"lerp_mode": "catmullrom"
						},
						"1.0667": {
							"post": [-20.53075, -15.90496, -40.04584],
							"lerp_mode": "catmullrom"
						},
						"1.2333": {
							"post": [-20.31, -15.97, -40.25],
							"lerp_mode": "catmullrom"
						},
						"1.3333": {
							"post": [-19.50129, -18.05893, -44.38906],
							"lerp_mode": "catmullrom"
						},
						"1.4667": {
							"post": [-19.4, -17.79, -43.96],
							"lerp_mode": "catmullrom"
						},
						"1.8": {
							"post": [-19.4, -17.79, -43.96],
							"lerp_mode": "catmullrom"
						},
						"1.9667": {
							"post": [-15.98698, -18.90273, -47.17888],
							"lerp_mode": "catmullrom"
						},
						"2.1667": [-21.03635, -12.51673, -24.54773],
						"2.2333": [-21.68509, -14.72379, -30.29289],
						"2.3333": {
							"pre": [-23.93272, -16.03986, -33.0996],
							"post": [-23.93272, -16.03986, -33.0996],
							"lerp_mode": "catmullrom"
						},
						"2.3667": {
							"post": [-23.93272, -16.03986, -33.0996],
							"lerp_mode": "catmullrom"
						},
						"2.4": {
							"post": [-23.81561, -18.75152, -38.32369],
							"lerp_mode": "catmullrom"
						},
						"2.5333": {
							"post": [-26.69287, -14.89123, -34.22797],
							"lerp_mode": "catmullrom"
						},
						"2.6333": {
							"post": [-25.15112, -14.84361, -35.22725],
							"lerp_mode": "catmullrom"
						},
						"2.7667": {
							"post": [-25.65312, -11.93302, -33.22913],
							"lerp_mode": "catmullrom"
						},
						"2.9667": {
							"post": [-26.01609, -11.05842, -29.41804],
							"lerp_mode": "catmullrom"
						},
						"3.2667": {
							"post": [-26.01964, -11.08992, -32.35272],
							"lerp_mode": "catmullrom"
						},
						"3.7333": {
							"post": [-26.1, -10.91, -32.005],
							"lerp_mode": "catmullrom"
						},
						"4.3333": {
							"post": [-25.75645, -10.60384, -32.73238],
							"lerp_mode": "catmullrom"
						},
						"4.4667": {
							"post": [-22.18, -10.23376, -28.68011],
							"lerp_mode": "catmullrom"
						},
						"4.6333": {
							"post": [-21.84032, -16.35295, -42.43734],
							"lerp_mode": "catmullrom"
						},
						"4.7667": {
							"post": [-23.01767, -14.58784, -39.21257],
							"lerp_mode": "catmullrom"
						},
						"4.8667": {
							"post": [-25.01344, -14.55583, -37.22696],
							"lerp_mode": "catmullrom"
						},
						"4.9333": {
							"post": [-20.36166, -9.80986, -25.96993],
							"lerp_mode": "catmullrom"
						},
						"4.9667": {
							"post": [-19.37742, -12.97734, -35.75689],
							"lerp_mode": "catmullrom"
						},
						"5.0333": {
							"post": [-22.53365, -10.5086, -29.93511],
							"lerp_mode": "catmullrom"
						},
						"5.1333": {
							"post": [-22.35954, -11.69417, -32.98666],
							"lerp_mode": "catmullrom"
						},
						"5.3333": {
							"post": [-24.36432, -1.6775, -11.65337],
							"lerp_mode": "catmullrom"
						},
						"5.5333": {
							"post": [-23.46652, 12.24383, 43.25953],
							"lerp_mode": "catmullrom"
						},
						"5.5667": {
							"post": [-25.38254, 14.43725, 52.36102],
							"lerp_mode": "catmullrom"
						},
						"5.7333": {
							"post": [-29.00682, 14.71279, 56.6102],
							"lerp_mode": "catmullrom"
						},
						"5.8333": {
							"post": [-29.89, 14.81, 57.05],
							"lerp_mode": "catmullrom"
						},
						"5.9333": {
							"post": [-31.3227, 15.39962, 56.65147],
							"lerp_mode": "catmullrom"
						},
						"6.1333": {
							"post": [-30.7885, 14.41418, 55.14586],
							"lerp_mode": "catmullrom"
						},
						"6.4333": {
							"post": [-30.6349, 15.48634, 57.33607],
							"lerp_mode": "catmullrom"
						},
						"6.7333": {
							"post": [-31.25052, 14.70508, 55.68418],
							"lerp_mode": "catmullrom"
						},
						"6.8667": {
							"post": [-31.42, 14.31, 55.95],
							"lerp_mode": "catmullrom"
						},
						"6.9333": {
							"post": [-32.27246, 11.64382, 51.59711],
							"lerp_mode": "catmullrom"
						},
						"7.1667": {
							"post": [-26.67396, -0.07821, 27.51275],
							"lerp_mode": "catmullrom"
						},
						"7.3": {
							"post": [-11.69726, 0.58548, 26.88017],
							"lerp_mode": "catmullrom"
						},
						"7.4333": {
							"post": [-4.92613, 0.4648, 9.54116],
							"lerp_mode": "catmullrom"
						},
						"7.6": {
							"post": [-0.48719, -2.12151, -6.94069],
							"lerp_mode": "catmullrom"
						},
						"7.7": {
							"post": [0, 0, -3],
							"lerp_mode": "catmullrom"
						},
						"7.8": [1.07546, -0.05235, 0.39954],
						"7.9": [-0.95, 0, 1.64],
						"8.0333": [0, 0, 0],
						"8.1667": [0, 0, 0]
					},
					"position": {
						"0.0": [0, 0, 0],
						"0.1667": {
							"pre": [-0.3, -0.65, 0],
							"post": [-0.3, -0.65, 0],
							"lerp_mode": "catmullrom"
						},
						"0.3667": {
							"post": [-0.6, 0.8, -0.75],
							"lerp_mode": "catmullrom"
						},
						"0.5": {
							"post": [-0.6, 1.2, -1.35],
							"lerp_mode": "catmullrom"
						},
						"0.6667": {
							"post": [-0.6, 0.835, -1.59],
							"lerp_mode": "catmullrom"
						},
						"0.8667": {
							"post": [-0.6, 0.55, -1.6],
							"lerp_mode": "catmullrom"
						},
						"1.0667": {
							"post": [-0.6, 0.98, -1.6],
							"lerp_mode": "catmullrom"
						},
						"1.3333": {
							"post": [-0.6, 3.105, -1.6],
							"lerp_mode": "catmullrom"
						},
						"1.6333": {
							"post": [-0.6, 3.33, -1.6],
							"lerp_mode": "catmullrom"
						},
						"1.8": {
							"post": [-0.6, 2.7, -1.6],
							"lerp_mode": "catmullrom"
						},
						"1.9667": {
							"post": [-0.45, -0.64, -0.8],
							"lerp_mode": "catmullrom"
						},
						"2.1667": {
							"post": [0.7, -1.3, 2.1],
							"lerp_mode": "catmullrom"
						},
						"2.2333": {
							"post": [0.7, -1.35, 2.1],
							"lerp_mode": "catmullrom"
						},
						"2.3333": {
							"post": [0.7, -1.15, 2.1],
							"lerp_mode": "catmullrom"
						},
						"2.4": {
							"post": [0.575, -0.7, 2.1],
							"lerp_mode": "catmullrom"
						},
						"2.4667": {
							"post": [0.245, -0.46, 2.1],
							"lerp_mode": "catmullrom"
						},
						"2.5667": {
							"post": [-0.05, -0.65, 2.1],
							"lerp_mode": "catmullrom"
						},
						"2.6333": {
							"post": [-0.275, -1.15, 2.1],
							"lerp_mode": "catmullrom"
						},
						"2.7333": {
							"post": [-0.2, -1.6, 2.1],
							"lerp_mode": "catmullrom"
						},
						"2.8667": {
							"post": [-0.125, -1.825, 2.1],
							"lerp_mode": "catmullrom"
						},
						"3.2333": {
							"post": [-0.4, -1.4, 2.1],
							"lerp_mode": "catmullrom"
						},
						"4.3667": {
							"post": [-0.4, -1.5, 2.1],
							"lerp_mode": "catmullrom"
						},
						"4.5333": {
							"post": [-0.21, -1.27, 2.1],
							"lerp_mode": "catmullrom"
						},
						"4.6333": {
							"post": [0.15, -0.9, 2.1],
							"lerp_mode": "catmullrom"
						},
						"4.7333": {
							"post": [0.3, -0.6, 2.1],
							"lerp_mode": "catmullrom"
						},
						"4.8333": {
							"post": [0.3, -0.5, 2.1],
							"lerp_mode": "catmullrom"
						},
						"4.8667": {
							"post": [0.2, -0.5, 2.1],
							"lerp_mode": "catmullrom"
						},
						"4.9667": [0.3, -0.8, 2.1],
						"5.1333": {
							"pre": [0.3, -1.67969, 2.1],
							"post": [0.3, -1.67969, 2.1],
							"lerp_mode": "catmullrom"
						},
						"5.3333": {
							"post": [0.7, -4.11016, 1.5],
							"lerp_mode": "catmullrom"
						},
						"5.5333": [1.425, -3.36328, 0.64141],
						"5.6667": {
							"pre": [1.87422, -2.99297, 0.30938],
							"post": [1.87422, -2.99297, 0.30938],
							"lerp_mode": "catmullrom"
						},
						"5.8333": {
							"post": [2.02656, -3.34531, 0.68047],
							"lerp_mode": "catmullrom"
						},
						"5.9333": {
							"post": [2.02656, -3.96641, 1.22516],
							"lerp_mode": "catmullrom"
						},
						"6.0333": {
							"post": [1.9975, -4.26297, 1.14094],
							"lerp_mode": "catmullrom"
						},
						"6.2667": {
							"post": [1.81, -4.12625, 1.26938],
							"lerp_mode": "catmullrom"
						},
						"6.6333": {
							"post": [1.83, -3.89797, 1.35781],
							"lerp_mode": "catmullrom"
						},
						"6.8667": {
							"post": [1.84, -3.84469, 1.24359],
							"lerp_mode": "catmullrom"
						},
						"6.9333": {
							"post": [1.84, -4.45609, 1.23],
							"lerp_mode": "catmullrom"
						},
						"7.0": {
							"post": [1.84, -4.23719, 1.23359],
							"lerp_mode": "catmullrom"
						},
						"7.1": {
							"post": [1.81, -5.45562, 0.44],
							"lerp_mode": "catmullrom"
						},
						"7.2333": {
							"post": [1.6, -6.10031, -1.06],
							"lerp_mode": "catmullrom"
						},
						"7.3667": {
							"post": [1.08, -4.20469, -4.00109],
							"lerp_mode": "catmullrom"
						},
						"7.5": {
							"post": [0.52, -0.355, -4.04109],
							"lerp_mode": "catmullrom"
						},
						"7.7": {
							"post": [0, -0.3, 0.95],
							"lerp_mode": "catmullrom"
						},
						"7.8333": [0, 0.02, -0.14],
						"7.9667": [0, 0.12, 0.08],
						"8.1333": [0, 0, 0]
					}
				},
				"lefthand_and_mag": {
					"rotation": {
						"2.1667": [0, 0, 0],
						"2.2667": [-14.87378, -0.06978, -1.99878],
						"2.3333": [-14.87378, -0.06978, -1.99878],
						"2.4": {
							"pre": [-17.58598, -4.88201, -7.06163],
							"post": [-17.58598, -4.88201, -7.06163],
							"lerp_mode": "catmullrom"
						},
						"2.5": {
							"post": [-2.54764, -3.15869, -9.15509],
							"lerp_mode": "catmullrom"
						},
						"2.6": {
							"post": [-2.29304, 0.51545, -7.03527],
							"lerp_mode": "catmullrom"
						},
						"2.7667": {
							"post": [0.11593, 1.3276, -6.41886],
							"lerp_mode": "catmullrom"
						},
						"3.1": {
							"post": [-0.56745, 0.66867, -6.29566],
							"lerp_mode": "catmullrom"
						},
						"3.2": {
							"post": [-0.73884, -4.95119, 7.1523],
							"lerp_mode": "catmullrom"
						},
						"3.3333": {
							"post": [4.57279, 13.80254, 51.68818],
							"lerp_mode": "catmullrom"
						},
						"3.4333": {
							"post": [11.39392, 23.87067, 73.5731],
							"lerp_mode": "catmullrom"
						},
						"3.6": {
							"post": [10.62198, 24.66829, 69.27027],
							"lerp_mode": "catmullrom"
						},
						"3.7": {
							"post": [10.16633, 24.85041, 68.18683],
							"lerp_mode": "catmullrom"
						},
						"3.8": {
							"post": [9.71201, 25.02264, 67.10375],
							"lerp_mode": "catmullrom"
						},
						"4.1667": [10.8, 25.61, 67.345],
						"4.2667": [11.07064, 24.47878, 61.87432],
						"4.3667": {
							"pre": [2.6316, 9.13844, -19.76362],
							"post": [2.6316, 9.13844, -19.76362],
							"lerp_mode": "catmullrom"
						},
						"4.5": [-9.91205, 0, -26.17873],
						"4.6": [-16.50045, 0, -1.24916],
						"4.6667": [-23.925, 0, 0],
						"4.7": [-24.5, 0, 0],
						"4.7667": [-22.5, 0, 0],
						"4.8": [-25.25, 0, 0],
						"4.8667": [0, 0, 0]
					},
					"position": {
						"2.1667": [0, 0, 0],
						"2.2667": [0, -0.3, -0.575],
						"2.3333": [0, -0.525, -0.95],
						"2.4": {
							"pre": [1.4, -6.7, -5.4],
							"post": [1.4, -6.7, -5.4],
							"lerp_mode": "catmullrom"
						},
						"2.5": {
							"post": [2.60106, -7.37564, -1.50788],
							"lerp_mode": "catmullrom"
						},
						"2.6667": {
							"post": [4.19814, -4.01898, 1.38632],
							"lerp_mode": "catmullrom"
						},
						"2.7667": {
							"post": [4.90996, -1.98517, 2.02353],
							"lerp_mode": "catmullrom"
						},
						"2.9": {
							"post": [5.13462, -1.70756, 1.84998],
							"lerp_mode": "catmullrom"
						},
						"3.1": {
							"post": [4.95, -2.2, 1.9],
							"lerp_mode": "catmullrom"
						},
						"3.2": {
							"post": [4.75, -2.8, 2.4],
							"lerp_mode": "catmullrom"
						},
						"3.3333": {
							"post": [3.61, -3.505, 2.16],
							"lerp_mode": "catmullrom"
						},
						"3.4667": {
							"post": [3.4, -3.725, 1.125],
							"lerp_mode": "catmullrom"
						},
						"3.6": {
							"post": [3.3, -3.425, 0.875],
							"lerp_mode": "catmullrom"
						},
						"3.7": {
							"post": [3.2, -3.425, 0.875],
							"lerp_mode": "catmullrom"
						},
						"3.8": {
							"post": [3.2, -3.425, 0.875],
							"lerp_mode": "catmullrom"
						},
						"4.1667": [3.165, -3.7, 0.775],
						"4.2667": [3.3, -3.85, 0.825],
						"4.3667": {
							"pre": [2.745, -6.63, 0.885],
							"post": [2.745, -6.63, 0.885],
							"lerp_mode": "catmullrom"
						},
						"4.5": [2.05, -2, -1.95],
						"4.6": [0.4, -1, -1.525],
						"4.6667": [0.1, -1, -2.375],
						"4.7": [0.1, -1, -2.3],
						"4.7667": [0.1, -1, -1.825],
						"4.8": [0.05, -0.5, -1.75],
						"4.8667": [0, 0, 0]
					}
				},
				"lefthand": {
					"rotation": {
						"0.0": [100.36601, 316.5798, -142.78527],
						"0.1667": [120.65263, 300.35672, -200.36724],
						"0.3": [111.55615, 298.47384, -188.40898],
						"1.6667": [111.555, 298.47, -188.405],
						"1.9667": [118.83163, 326.45682, -211.14883],
						"2.0667": [128.08894, 353.56633, -232.1361],
						"2.1667": [137.90708, 352.98359, -229.17653],
						"2.2667": [136.38376, 352.2397, -227.32289],
						"2.3333": [131.92598, 335.01803, -221.25165],
						"2.4": [124.32756, 341.90777, -207.99399],
						"2.5667": [117.49784, 353.33242, -204.26761],
						"2.7": [122.57973, 353.16258, -203.63703],
						"3.0667": [122.57973, 353.16258, -203.63703],
						"3.2": [121.015, 353.92, -204.425],
						"3.3": [121.6483, 350.03872, -193.05026],
						"4.3": [121.6483, 350.03872, -193.05026],
						"4.4": [128.32432, 351.9275, -221.98264],
						"5.1": [128.32432, 351.9275, -221.98264],
						"5.2": [124.115, 332.21, -174.055],
						"5.3": [110.9783, 319.06865, -142.09861],
						"5.7": [81.9783, 319.06865, -142.09861],
						"7.3": [83.9783, 319.06865, -142.09861],
						"7.4333": [100.36601, 316.5798, -142.78527]
					},
					"position": {
						"0.0": [7.775, -12, -10],
						"0.1667": [14.3, -27.8, -3.8],
						"0.3": [9.9, -45.2, 22.9],
						"1.6667": [9.9, -45.2, 22.9],
						"1.9667": [7.18, -18.75, 1.05],
						"2.0667": [7.35, -16.5, -1.5],
						"2.2667": [7.35, -16.5, -1.5],
						"2.3333": [7.35, -16.975, -1.1],
						"2.5667": [7.31, -16.92, -0.745],
						"3.2": [7.31, -16.92, -0.745],
						"3.3": [8.54, -16.78, -1.6],
						"4.3": [8.54, -16.78, -1.6],
						"4.4": [7.65, -17.1, -1.275],
						"5.1": [7.65, -17.1, -1.275],
						"5.1667": [7.91, -15.06, -4.48],
						"5.3": [8.1, -12.1, -8.5],
						"7.3": [8.1, -12.1, -8.5],
						"7.4333": [7.775, -12, -10]
					},
					"scale": {
						"0.0": [1, 1.5, 1],
						"7.4333": [1, 1.5, 1]
					}
				},
				"righthand_and_gun": {
					"rotation": {
						"2.3667": {
							"pre": [0, 0, 0],
							"post": [0, 0, 0],
							"lerp_mode": "catmullrom"
						},
						"2.4667": {
							"post": [0, 0, -6],
							"lerp_mode": "catmullrom"
						},
						"2.6": {
							"post": [0, 0, 1],
							"lerp_mode": "catmullrom"
						},
						"2.8667": {
							"post": [4.25145, 1.49587, 1.11119],
							"lerp_mode": "catmullrom"
						},
						"3.3333": {
							"post": [9.7516, 3.94902, -2.77956],
							"lerp_mode": "catmullrom"
						},
						"3.6667": {
							"post": [11.0016, 3.94902, -2.77956],
							"lerp_mode": "catmullrom"
						},
						"4.3": {
							"post": [8.83657, 0.51786, 5.59603],
							"lerp_mode": "catmullrom"
						},
						"4.7": {
							"post": [0, 0, 0],
							"lerp_mode": "catmullrom"
						}
					},
					"position": {
						"2.3667": {
							"pre": [0, 0, 0],
							"post": [0, 0, 0],
							"lerp_mode": "catmullrom"
						},
						"2.7333": {
							"post": [0, 0, 0],
							"lerp_mode": "catmullrom"
						},
						"3.1": {
							"post": [-0.33567, -0.49419, 0.31421],
							"lerp_mode": "catmullrom"
						},
						"3.6667": {
							"post": [-0.40508, -0.57962, 0.36794],
							"lerp_mode": "catmullrom"
						},
						"4.1667": {
							"post": [-0.13019, -0.20715, 0.12851],
							"lerp_mode": "catmullrom"
						},
						"4.6667": {
							"post": [0, 0, 0],
							"lerp_mode": "catmullrom"
						}
					}
				},
				"bolt": {
					"position": {
						"0.0": [0, 0, 7],
						"5.7667": [0, 0, 7],
						"5.9": [0, 0, 7.75],
						"5.9667": [0, 0, 7],
						"6.0333": [0, 0, 0],
						"6.1": [0, 0, 0.875],
						"6.1667": [0, 0, 0],
						"6.8": [0, 0, 0],
						"6.8667": [0, 0, 7]
					}
				},
				"righthand": {
					"rotation": {
						"0.0": [95.04292, 367.4713, 180.6574],
						"0.1": [95.04292, 367.4713, 180.6574],
						"0.2333": [95.04292, 367.4713, 180.6574],
						"1.9667": [95.04292, 367.4713, 180.6574],
						"2.1": [95.04292, 367.4713, 180.6574],
						"5.4667": [95.04292, 367.4713, 180.6574],
						"5.6667": [76.17064, 380.31866, 67.92926],
						"5.7667": [77.90318, 376.66785, 78.13254],
						"5.8": [79.05642, 378.34388, 85.93755],
						"5.9": {
							"pre": [83.30253, 402.22545, 102.90458],
							"post": [83.30253, 402.22545, 102.90458],
							"lerp_mode": "catmullrom"
						},
						"6.0667": {
							"post": [85.78613, 383.12327, 106.34279],
							"lerp_mode": "catmullrom"
						},
						"6.2333": {
							"post": [85.59142, 398.09116, 103.99516],
							"lerp_mode": "catmullrom"
						},
						"6.4667": {
							"post": [85.98436, 373.15058, 106.84759],
							"lerp_mode": "catmullrom"
						},
						"6.8667": [83.30253, 402.22545, 102.90458],
						"6.9333": {
							"pre": [62.2494, 406.43748, 84.52542],
							"post": [62.2494, 406.43748, 84.52542],
							"lerp_mode": "catmullrom"
						},
						"7.1333": [95.04292, 367.4713, 180.6574]
					},
					"position": {
						"0.0": [-7, -14.275, 7],
						"0.1": [-7, -14.275, 7],
						"0.2333": [-8.25, -14.275, 7],
						"1.9667": [-8.25, -14.275, 7],
						"2.1": [-7, -14.275, 7],
						"5.4667": [-7, -14.275, 7],
						"5.5": {
							"pre": [-8.015, -13.35, 5.48],
							"post": [-8.015, -13.35, 5.48],
							"lerp_mode": "catmullrom"
						},
						"5.6": [-9.43141, -12.18, 4.55187],
						"5.6667": [-9.05, -11.675, 4.1],
						"5.7667": [-9.05, -11.525, 3.625],
						"5.9": {
							"pre": [-9.05, -11.57, 4.4],
							"post": [-9.05, -11.57, 4.4],
							"lerp_mode": "catmullrom"
						},
						"6.1333": {
							"post": [-10.05, -13.615, 3.49719],
							"lerp_mode": "catmullrom"
						},
						"6.3667": {
							"post": [-9.05, -11.615, -2.45297],
							"lerp_mode": "catmullrom"
						},
						"6.6333": [-9.05, -11.64, -2.31766],
						"6.8": {
							"pre": [-9.05, -11.62859, -2.15234],
							"post": [-9.05, -11.62859, -2.15234],
							"lerp_mode": "catmullrom"
						},
						"6.8667": {
							"post": [-8.46, -11.5, 3.8025],
							"lerp_mode": "catmullrom"
						},
						"6.9333": {
							"post": [-7.78054, -11.6872, 2.66345],
							"lerp_mode": "catmullrom"
						},
						"7.1333": [-7, -14.275, 7]
					},
					"scale": [1, 1.5, 1]
				},
				"bullet": {
					"scale": 0
				},
				"group7": {
					"rotation": {
						"0.1667": [0, 0, 0],
						"0.3": [1.5, 0, 0],
						"0.5": [-1, 0, 0],
						"0.7": [0.975, 0, 0],
						"0.9667": [-0.475, 0, 0],
						"1.3": [0.225, 0, 0],
						"1.7333": [0, 0, 0],
						"2.1667": [0, 0, 0],
						"2.2667": [1.5, 0, 0],
						"2.4333": [-1, 0, 0],
						"2.5667": [0.975, 0, 0],
						"2.7667": [-0.475, 0, 0],
						"3.0333": [0.225, 0, 0],
						"3.3333": [0, 0, 0],
						"4.4333": [0, 0, 0],
						"4.5": [1.5, 0, 0],
						"4.6": [-1, 0, 0],
						"4.7": [0, 0, 0],
						"4.7667": [1.5, 0, 0],
						"4.8667": [-1, 0, 0],
						"4.9667": [0.975, 0, 0],
						"5.1": [-0.475, 0, 0],
						"5.3": [0, 0, 0],
						"5.4333": [1.5, 0, 0],
						"5.6333": [-1, 0, 0],
						"5.8": [0.975, 0, 0],
						"6.1": [-0.475, 0, 0],
						"6.4333": [0.225, 0, 0],
						"6.8": [0, 0, 0],
						"6.8667": [0, 0, 0],
						"6.9333": [1.5, 0, 0],
						"7.0333": [-1, 0, 0],
						"7.1333": [0.975, 0, 0],
						"7.2667": [-0.475, 0, 0],
						"7.4333": [0.225, 0, 0],
						"7.5333": [0, 0, 0],
						"7.6": [1.5, 0, 0],
						"7.7": [-1, 0, 0],
						"7.8": [0.975, 0, 0],
						"7.9333": [-0.475, 0, 0],
						"8.1": [0.225, 0, 0],
						"8.3": [0, 0, 0]
					}
				},
				"group2": {
					"rotation": {
						"0.2667": [0, 0, 0],
						"0.4": [1.5, 0, 0],
						"0.6": [-1, 0, 0],
						"0.7667": [0.975, 0, 0],
						"1.0667": [-0.475, 0, 0],
						"1.4": [0.225, 0, 0],
						"1.7667": [0, 0, 0],
						"2.3667": [0, 0, 0],
						"2.4667": [1.5, 0, 0],
						"2.6333": [-1, 0, 0],
						"2.7667": [0.975, 0, 0],
						"2.9667": [-0.475, 0, 0],
						"3.2333": [0.225, 0, 0],
						"3.5333": [0, 0, 0],
						"4.5667": [0, 0, 0],
						"4.6333": [1.5, 0, 0],
						"4.7333": [-1, 0, 0],
						"4.8333": [0, 0, 0],
						"4.9": [1.5, 0, 0],
						"5.0": [-1, 0, 0],
						"5.1": [0.975, 0, 0],
						"5.2333": [-0.475, 0, 0],
						"5.3": [0, 0, 0],
						"5.4333": [1.5, 0, 0],
						"5.6333": [-1, 0, 0],
						"5.8": [0.975, 0, 0],
						"6.1": [-0.475, 0, 0],
						"6.4333": [0.225, 0, 0],
						"6.8": [0, 0, 0],
						"7.3333": [0.225, 0, 0],
						"7.4333": [0, 0, 0],
						"7.5": [1.5, 0, 0],
						"7.6": [-1, 0, 0],
						"7.7": [0.975, 0, 0],
						"7.8333": [-0.475, 0, 0],
						"8.0": [0.225, 0, 0],
						"8.2": [0, 0, 0]
					}
				},
				"release": {
					"rotation": {
						"2.1333": [0, 0, 0],
						"2.2": [-17.5, 0, 0],
						"2.6667": [-17.5, 0, 0],
						"2.7667": [0, 0, 0],
						"4.8": [0, 0, 0],
						"4.8667": [-17.5, 0, 0],
						"4.9333": [-17.5, 0, 0],
						"5.0": [0, 0, 0]
					}
				},
				"camera": {
					"rotation": {
						"0.0": {
							"post": [0, 0, 0],
							"lerp_mode": "catmullrom"
						},
						"0.1667": {
							"post": [1.72, 0.5, -0.45],
							"lerp_mode": "catmullrom"
						},
						"0.3667": {
							"post": [3.175, 0.8, -1.1],
							"lerp_mode": "catmullrom"
						},
						"0.7333": {
							"post": [3.125, 0.8, -1.1],
							"lerp_mode": "catmullrom"
						},
						"0.9333": {
							"post": [3.585, 0.8, -1.1],
							"lerp_mode": "catmullrom"
						},
						"1.1667": {
							"post": [5.295, 1.625, -1.55],
							"lerp_mode": "catmullrom"
						},
						"1.3333": {
							"post": [7.335, 2.7, -1.55],
							"lerp_mode": "catmullrom"
						},
						"1.5667": {
							"post": [8.425, 3.1, -1.55],
							"lerp_mode": "catmullrom"
						},
						"2.0": {
							"post": [2.7, 1.7, -1.55],
							"lerp_mode": "catmullrom"
						},
						"2.1667": {
							"post": [0.9, 0.8, -1.1],
							"lerp_mode": "catmullrom"
						},
						"2.3333": {
							"post": [1, 0.5, -1.1],
							"lerp_mode": "catmullrom"
						},
						"2.4": {
							"post": [1.5, -0.3, 1.2],
							"lerp_mode": "catmullrom"
						},
						"2.5": {
							"post": [0.7, -0.5, -2.95],
							"lerp_mode": "catmullrom"
						},
						"2.6": {
							"post": [0.9, -0.8, -1.1],
							"lerp_mode": "catmullrom"
						},
						"2.8": {
							"post": [2.3, -1.6, -1.55],
							"lerp_mode": "catmullrom"
						},
						"3.0": {
							"post": [3, -2, -1.55],
							"lerp_mode": "catmullrom"
						},
						"3.2": {
							"post": [3.09, -2, -1.55],
							"lerp_mode": "catmullrom"
						},
						"3.4667": {
							"post": [3.2, -4.1, -2.125],
							"lerp_mode": "catmullrom"
						},
						"3.7": {
							"post": [3.11, -4.8, -2.125],
							"lerp_mode": "catmullrom"
						},
						"4.0": {
							"post": [3, -4.8, -2.125],
							"lerp_mode": "catmullrom"
						},
						"4.3": {
							"post": [2.6, -4.5, -2.125],
							"lerp_mode": "catmullrom"
						},
						"4.5667": {
							"post": [0.8, 0.2, -2],
							"lerp_mode": "catmullrom"
						},
						"4.8": {
							"post": [0.4, 0.8, -1.55],
							"lerp_mode": "catmullrom"
						},
						"4.8667": {
							"post": [1.5, 0.8, 0.02344],
							"lerp_mode": "catmullrom"
						},
						"4.9667": {
							"post": [0.7, 0.8, -2.32578],
							"lerp_mode": "catmullrom"
						},
						"5.0667": {
							"post": [1.1, 0.8, -1.2],
							"lerp_mode": "catmullrom"
						},
						"5.2": {
							"post": [1.3, 0, -1.55],
							"lerp_mode": "catmullrom"
						},
						"5.5": {
							"post": [3.1, -0.4, -1.55],
							"lerp_mode": "catmullrom"
						},
						"5.7667": {
							"post": [3.5, -0.5, -1.55],
							"lerp_mode": "catmullrom"
						},
						"5.8667": {
							"post": [4.71, -0.5, -1.52],
							"lerp_mode": "catmullrom"
						},
						"6.0": {
							"post": [3.79, -0.49, -1.47],
							"lerp_mode": "catmullrom"
						},
						"6.2667": {
							"post": [4.22, -0.46, -1.35],
							"lerp_mode": "catmullrom"
						},
						"6.7": {
							"post": [3.85, -0.4, -1.1],
							"lerp_mode": "catmullrom"
						},
						"6.8": {
							"post": [3.27031, -0.41, -1.06],
							"lerp_mode": "catmullrom"
						},
						"6.8667": {
							"post": [3.72688, -0.42, -0.43672],
							"lerp_mode": "catmullrom"
						},
						"6.9667": {
							"post": [2.48891, -0.43, -1.10766],
							"lerp_mode": "catmullrom"
						},
						"7.1": {
							"post": [2.37781, -0.43, -0.99],
							"lerp_mode": "catmullrom"
						},
						"7.2667": {
							"post": [2.54953, -0.40234, -0.88672],
							"lerp_mode": "catmullrom"
						},
						"7.3667": {
							"post": [2.92234, -0.25734, 0.51859],
							"lerp_mode": "catmullrom"
						},
						"7.4667": {
							"post": [1.97109, -0.1775, 0.57359],
							"lerp_mode": "catmullrom"
						},
						"7.6667": {
							"post": [0.03, 0, 0],
							"lerp_mode": "catmullrom"
						},
						"7.7": {
							"post": [-0.15, 0, 1.6],
							"lerp_mode": "catmullrom"
						},
						"7.8": {
							"post": [0.05, 0, -0.63984],
							"lerp_mode": "catmullrom"
						},
						"7.9667": {
							"post": [0, 0, 0.09375],
							"lerp_mode": "catmullrom"
						},
						"8.2": {
							"post": [0, 0, 0],
							"lerp_mode": "catmullrom"
						}
					}
				}
			},
			"sound_effects": {
				"0.0": {
					"effect": "ar_akilo_inspect_up"
				},
				"2.0333": {
					"effect": "ar_akilo_raise_grab"
				},
				"2.1333": {
					"effect": "ar_akilo_inspect_magout"
				},
				"2.9667": {
					"effect": "p04_ar_akilo_inspect_mvt"
				},
				"4.4333": {
					"effect": "ar_akilo_inspect_magbump"
				},
				"4.7667": {
					"effect": "ar_akilo_inspect_magin"
				},
				"5.0667": {
					"effect": "ar_akilo_inspect_turn"
				},
				"5.6333": {
					"effect": "ar_akilo_inspect_pull"
				},
				"6.7667": {
					"effect": "ar_akilo_inspect_release"
				},
				"7.3667": {
					"effect": "ar_akilo_inspect_over"
				}
			}
		}
	}
}