{
	"format_version": "1.8.0",
	"animations": {
		"shoot": {
			"loop": true,
			"animation_length": 0.7083,
			"bones": {
				"root": {
					"rotation": {
						"0.0": [0, 0, 0],
						"0.0417": [1.23, 0, 0.73],
						"0.0833": [-2.52, 0, -1.23],
						"0.125": [-2.41, 0, -0.4],
						"0.1667": [-1.59, 0, 0.53],
						"0.2083": [-0.61, 0.01, 0.02],
						"0.25": [0.28, 0, -0.57],
						"0.2917": [0.48, -0.06, -0.31],
						"0.3333": [0.49, -0.15, 0.2],
						"0.375": [0.43, -0.2, 0.53],
						"0.4167": [0.29, -0.18, 0.43],
						"0.4583": [0.08, -0.12, 0.16],
						"0.5": [-0.07, -0.07, -0.05],
						"0.5417": [-0.13, -0.04, -0.1],
						"0.5833": [-0.13, -0.02, -0.09],
						"0.625": [0, 0, 0]
					},
					"position": {
						"0.0": [0, 0, 0],
						"0.0417": [0, -0.02, 1.23],
						"0.0833": [0, -0.07, 1.08],
						"0.125": [0, -0.14, 0.46],
						"0.1667": [0, -0.17, -0.12],
						"0.2083": [0, -0.11, -0.14],
						"0.25": [0, -0.02, 0.1],
						"0.2917": [0, -0.01, 0],
						"0.3333": [0, 0, -0.13],
						"0.375": [0, 0, 0]
					}
				},
				"bolt": {
					"position": {
						"0.0": [0, 0, -6.75],
						"0.0417": [0, 0, -2.96],
						"0.0833": [0, 0, -1.04],
						"0.125": [0, 0, 0]
					}
				},
				"camera": {
					"rotation": {
						"0.0": [0, 0, 0],
						"0.0417": [0, 0, 0.6],
						"0.0833": [0, 0, -0.4],
						"0.125": [0, 0, 0.33],
						"0.1667": [0, 0, 0.08],
						"0.2083": [0, 0, -0.22],
						"0.25": [0, 0, 0],
						"0.2917": [0, 0, -0.01],
						"0.3333": [0, 0, -0.04],
						"0.375": [0, 0, 0]
					}
				}
			}
		},
		"static_idle": {
			"loop": true,
			"bones": {
				"lefthand": {
					"rotation": [97.51, -33.53, -140.07],
					"position": [7.18, -11.28, -17.06],
					"scale": [1, 1.5, 1]
				},
				"righthand": {
					"rotation": [107.13921, 12.31529, -176.94329],
					"position": [-6.44, -12.7, -2.48],
					"scale": [1, 1.5, 1]
				}
			}
		},
		"draw": {
			"animation_length": 0.6667,
			"bones": {
				"lefthand": {
					"rotation": [97.51, -33.53, -140.07],
					"position": [7.18, -11.28, -17.06],
					"scale": [1, 1.5, 1]
				},
				"righthand": {
					"rotation": [107.13921, 12.31529, -176.94329],
					"position": [-6.44, -12.7, -2.48],
					"scale": [1, 1.5, 1]
				},
				"root": {
					"rotation": {
						"0.0": {
							"post": [24.24619, -29.99022, 1.81432],
							"lerp_mode": "catmullrom"
						},
						"0.125": {
							"post": [15.8897, -21.88634, 4.9414],
							"lerp_mode": "catmullrom"
						},
						"0.2083": {
							"post": [9.86858, -15.26919, 6.51721],
							"lerp_mode": "catmullrom"
						},
						"0.2917": {
							"post": [6.7725, -13.0925, 0.99],
							"lerp_mode": "catmullrom"
						},
						"0.375": {
							"post": [5.24151, -5.93493, -4.66546],
							"lerp_mode": "catmullrom"
						},
						"0.5417": {
							"post": [-0.07992, -0.03757, -0.09525],
							"lerp_mode": "catmullrom"
						},
						"0.6667": {
							"post": [0, 0, 0],
							"lerp_mode": "catmullrom"
						}
					},
					"position": {
						"0.0": {
							"post": [5, -11, 0],
							"lerp_mode": "catmullrom"
						},
						"0.125": {
							"post": [3.13, -7.99, -0.25],
							"lerp_mode": "catmullrom"
						},
						"0.2083": {
							"post": [1.87, -5.53, -0.44],
							"lerp_mode": "catmullrom"
						},
						"0.2917": {
							"post": [-0.15, -3.26, 0],
							"lerp_mode": "catmullrom"
						},
						"0.375": {
							"post": [-0.08, -1.69, 0.77],
							"lerp_mode": "catmullrom"
						},
						"0.5": {
							"post": [0, 0, 0],
							"lerp_mode": "catmullrom"
						},
						"0.6667": {
							"post": [0, 0, 0],
							"lerp_mode": "catmullrom"
						}
					}
				}
			}
		},
		"static_bolt_caught": {
			"loop": true,
			"bones": {
				"lefthand": {
					"rotation": [97.51, -33.53, -140.07],
					"position": [7.18, -11.28, -17.06],
					"scale": [1, 1.5, 1]
				},
				"righthand": {
					"rotation": [107.13921, 12.31529, -176.94329],
					"position": [-6.44, -12.7, -2.48],
					"scale": [1, 1.5, 1]
				},
				"bolt": {
					"position": [0, 0, -6.75]
				}
			}
		},
		"reload_tactical": {
			"animation_length": 2.4784,
			"bones": {
				"lefthand": {
					"rotation": {
						"0.0": [97.51, -33.53, -140.07],
						"0.1078": {
							"pre": [75.01, -33.53, -140.07],
							"post": [75.01, -33.53, -140.07],
							"lerp_mode": "catmullrom"
						},
						"0.2155": {
							"post": [62.51, -33.53, -140.07],
							"lerp_mode": "catmullrom"
						},
						"0.3233": {
							"post": [62.51, -33.53, -140.07],
							"lerp_mode": "catmullrom"
						},
						"0.6106": {
							"post": [77.51, -33.53, -140.07],
							"lerp_mode": "catmullrom"
						},
						"1.0776": {
							"post": [61.55618, -56.62153, -126.09646],
							"lerp_mode": "catmullrom"
						},
						"1.6164": {
							"post": [85.00481, -32.50016, -177.89683],
							"lerp_mode": "catmullrom"
						},
						"1.7601": {
							"post": [85, -32.5, -185.775],
							"lerp_mode": "catmullrom"
						},
						"1.9037": [85.00481, -32.50016, -177.89683],
						"2.1193": {
							"pre": [97.51, -33.53, -146.0075],
							"post": [97.51, -33.53, -146.0075],
							"lerp_mode": "catmullrom"
						},
						"2.227": {
							"post": [97.51, -33.53, -140.07],
							"lerp_mode": "catmullrom"
						}
					},
					"position": {
						"0.0": {
							"post": [7.18, -11.28, -17.06],
							"lerp_mode": "catmullrom"
						},
						"0.1078": {
							"post": [9.18, -12.99, -14.49],
							"lerp_mode": "catmullrom"
						},
						"0.2514": {
							"post": [7.18, -15.03, -11.3725],
							"lerp_mode": "catmullrom"
						},
						"0.3592": {
							"post": [7.18, -15.28, -11.06],
							"lerp_mode": "catmullrom"
						},
						"1.6164": {
							"post": [7.18, -15.28, -11.06],
							"lerp_mode": "catmullrom"
						},
						"1.7601": {
							"post": [6.805, -15.28, -11.435],
							"lerp_mode": "catmullrom"
						},
						"1.9037": [7.18, -15.28, -11.06],
						"2.0115": {
							"pre": [10.18, -13.69, -13.44],
							"post": [10.18, -13.69, -13.44],
							"lerp_mode": "catmullrom"
						},
						"2.1193": {
							"post": [7.7425, -11.655, -16.685],
							"lerp_mode": "catmullrom"
						},
						"2.227": {
							"post": [7.18, -11.28, -17.06],
							"lerp_mode": "catmullrom"
						}
					},
					"scale": [1, 1.5, 1]
				},
				"righthand": {
					"rotation": [107.13921, 12.31529, -176.94329],
					"position": [-6.44, -12.7, -2.48],
					"scale": [1, 1.5, 1]
				},
				"root": {
					"rotation": {
						"0.0": {
							"post": [0, 0, 0],
							"lerp_mode": "catmullrom"
						},
						"0.2155": {
							"post": [-6, -4, -20],
							"lerp_mode": "catmullrom"
						},
						"0.467": {
							"post": [-3, -5, -17.3125],
							"lerp_mode": "catmullrom"
						},
						"0.6466": {
							"post": [-5, -4, -20.9375],
							"lerp_mode": "catmullrom"
						},
						"0.7902": {
							"post": [-5, -2, -16.375],
							"lerp_mode": "catmullrom"
						},
						"1.0057": {
							"post": [-2.3125, 0, -13.87],
							"lerp_mode": "catmullrom"
						},
						"1.1135": {
							"post": [-1.3125, 0, -14.87],
							"lerp_mode": "catmullrom"
						},
						"1.2931": {
							"post": [-4.125, 1.5, -12.37],
							"lerp_mode": "catmullrom"
						},
						"1.4727": {
							"post": [-1.125, 1.5, -7.495],
							"lerp_mode": "catmullrom"
						},
						"1.6164": {
							"post": [-4.125, 0.5, -8.9325],
							"lerp_mode": "catmullrom"
						},
						"1.7601": {
							"post": [-3.8125, 0, -5.5575],
							"lerp_mode": "catmullrom"
						},
						"1.9397": {
							"post": [-0.8125, 0, -0.495],
							"lerp_mode": "catmullrom"
						},
						"2.0474": {
							"post": [-0.125, 0, -1.2425],
							"lerp_mode": "catmullrom"
						},
						"2.1552": {
							"post": [0.125, 0, 0.945],
							"lerp_mode": "catmullrom"
						},
						"2.2629": {
							"post": [0, 0, -0.055],
							"lerp_mode": "catmullrom"
						}
					},
					"position": {
						"0.0": {
							"post": [0, 0, 0],
							"lerp_mode": "catmullrom"
						},
						"0.1437": {
							"post": [-0.9375, -0.75, 1],
							"lerp_mode": "catmullrom"
						},
						"0.2874": {
							"post": [-0.75, -0.5625, 0.75],
							"lerp_mode": "catmullrom"
						},
						"0.431": {
							"post": [-0.75, -0.3725, 0.75],
							"lerp_mode": "catmullrom"
						},
						"0.6106": {
							"post": [-0.25, -0.87, 0.4375],
							"lerp_mode": "catmullrom"
						},
						"0.7543": {
							"post": [-0.5, -0.62, 0.625],
							"lerp_mode": "catmullrom"
						},
						"0.898": {
							"post": [-0.375, -0.4325, 0.4375],
							"lerp_mode": "catmullrom"
						},
						"1.0417": {
							"post": [-0.4375, -0.68, 0.5],
							"lerp_mode": "catmullrom"
						},
						"1.1853": {
							"post": [-0.375, -0.6175, 0.1875],
							"lerp_mode": "catmullrom"
						},
						"1.3649": {
							"post": [-0.375, -0.245, 0.4375],
							"lerp_mode": "catmullrom"
						},
						"1.5805": {
							"post": [-0.125, 0.2575, 0.375],
							"lerp_mode": "catmullrom"
						},
						"1.7601": {
							"post": [-0.3125, 0.1325, 0.6875],
							"lerp_mode": "catmullrom"
						},
						"1.9037": {
							"post": [-0.125, 0.2, 0.625],
							"lerp_mode": "catmullrom"
						},
						"2.0115": {
							"post": [-0.125, 0.0775, 0.1875],
							"lerp_mode": "catmullrom"
						},
						"2.1193": {
							"post": [0, 0, -0.125],
							"lerp_mode": "catmullrom"
						},
						"2.2629": {
							"post": [0, 0, 0],
							"lerp_mode": "catmullrom"
						}
					}
				},
				"mag_and_lefthand": {
					"rotation": {
						"0.3592": {
							"pre": [0, 0, 0],
							"post": [0, 0, 0],
							"lerp_mode": "catmullrom"
						},
						"0.6825": {
							"post": [-42, 0, 0],
							"lerp_mode": "catmullrom"
						},
						"0.898": {
							"post": [-30, 0, 0],
							"lerp_mode": "catmullrom"
						},
						"1.0057": [-30, 0, 0],
						"1.0417": {
							"pre": [-29.14743, -7.43547, -13.06431],
							"post": [-29.14743, -7.43547, -13.06431],
							"lerp_mode": "catmullrom"
						},
						"1.2931": {
							"post": [-13.22817, -13.92462, -33.31612],
							"lerp_mode": "catmullrom"
						},
						"1.5086": {
							"post": [-1.52778, -5.36827, -15.2932],
							"lerp_mode": "catmullrom"
						},
						"1.6164": {
							"post": [0, 0, 0],
							"lerp_mode": "catmullrom"
						},
						"1.796": {
							"post": [0, 0, 0],
							"lerp_mode": "catmullrom"
						}
					},
					"position": {
						"0.3592": {
							"pre": [0, 0, 0],
							"post": [0, 0, 0],
							"lerp_mode": "catmullrom"
						},
						"0.5029": {
							"post": [0, -7.57, -1.33],
							"lerp_mode": "catmullrom"
						},
						"0.6825": {
							"post": [1, -17, -8],
							"lerp_mode": "catmullrom"
						},
						"0.9698": {
							"post": [5, -23, -16],
							"lerp_mode": "catmullrom"
						},
						"1.0057": [5, -23, -16],
						"1.0417": {
							"pre": [15, -18, 1],
							"post": [15, -18, 1],
							"lerp_mode": "catmullrom"
						},
						"1.329": {
							"post": [4.12, -8.69, 0.56],
							"lerp_mode": "catmullrom"
						},
						"1.4727": {
							"post": [1.29, -4.75, 0.32],
							"lerp_mode": "catmullrom"
						},
						"1.6164": {
							"post": [0, 0, 0],
							"lerp_mode": "catmullrom"
						},
						"1.796": {
							"post": [0, 0, 0],
							"lerp_mode": "catmullrom"
						}
					}
				},
				"mag_release": {
					"rotation": {
						"0.2155": [0, 0, 0],
						"0.3592": [20, 0, 0],
						"0.5029": [0, 0, 0],
						"1.5086": [0, 0, 0],
						"1.6523": [20, 0, 0],
						"1.796": [0, 0, 0]
					}
				},
				"camera": {
					"rotation": {
						"0.0": {
							"post": [0, 0, 0],
							"lerp_mode": "catmullrom"
						},
						"0.1796": {
							"post": [1, -1.125, 1],
							"lerp_mode": "catmullrom"
						},
						"0.3592": {
							"post": [0.5625, -0.5, -0.6875],
							"lerp_mode": "catmullrom"
						},
						"0.5029": {
							"post": [0.6875, -0.4275, 0.125],
							"lerp_mode": "catmullrom"
						},
						"0.6825": {
							"post": [-0.375, 0.575, 0],
							"lerp_mode": "catmullrom"
						},
						"0.898": {
							"post": [-0.125, 0.45, 0],
							"lerp_mode": "catmullrom"
						},
						"1.0417": {
							"post": [-0.3125, 0.6375, -0.5625],
							"lerp_mode": "catmullrom"
						},
						"1.1494": {
							"post": [-0.125, 0.3875, 0.4375],
							"lerp_mode": "catmullrom"
						},
						"1.2572": {
							"post": [-0.1875, 0.3275, -0.3125],
							"lerp_mode": "catmullrom"
						},
						"1.4368": {
							"post": [0.25, 0.5825, 0],
							"lerp_mode": "catmullrom"
						},
						"1.5805": {
							"post": [-0.0625, 0.2725, 0.8125],
							"lerp_mode": "catmullrom"
						},
						"1.7241": {
							"post": [0.0625, 0.5275, -0.5625],
							"lerp_mode": "catmullrom"
						},
						"1.8678": {
							"post": [-0.0625, 0.1525, 0.4375],
							"lerp_mode": "catmullrom"
						},
						"2.0115": {
							"post": [0, 0, 0],
							"lerp_mode": "catmullrom"
						}
					}
				}
			}
		},
		"reload_empty": {
			"animation_length": 2.8376,
			"bones": {
				"lefthand": {
					"rotation": {
						"0.0": [97.51, -33.53, -140.07],
						"0.1078": {
							"pre": [75.01, -33.53, -140.07],
							"post": [75.01, -33.53, -140.07],
							"lerp_mode": "catmullrom"
						},
						"0.2155": {
							"post": [62.51, -33.53, -140.07],
							"lerp_mode": "catmullrom"
						},
						"0.3233": {
							"post": [62.51, -33.53, -140.07],
							"lerp_mode": "catmullrom"
						},
						"0.6106": {
							"post": [77.51, -33.53, -140.07],
							"lerp_mode": "catmullrom"
						},
						"1.0776": {
							"post": [61.55618, -56.62153, -126.09646],
							"lerp_mode": "catmullrom"
						},
						"1.6164": {
							"post": [85.00481, -32.50016, -177.89683],
							"lerp_mode": "catmullrom"
						},
						"1.7601": {
							"post": [85, -32.5, -185.775],
							"lerp_mode": "catmullrom"
						},
						"1.9037": [85.00481, -32.50016, -177.89683],
						"2.1193": {
							"pre": [97.51, -33.53, -146.0075],
							"post": [97.51, -33.53, -146.0075],
							"lerp_mode": "catmullrom"
						},
						"2.227": {
							"post": [97.51, -33.53, -140.07],
							"lerp_mode": "catmullrom"
						}
					},
					"position": {
						"0.0": {
							"post": [7.18, -11.28, -17.06],
							"lerp_mode": "catmullrom"
						},
						"0.1078": {
							"post": [9.18, -12.99, -14.49],
							"lerp_mode": "catmullrom"
						},
						"0.2514": {
							"post": [7.18, -15.03, -11.3725],
							"lerp_mode": "catmullrom"
						},
						"0.3592": {
							"post": [7.18, -15.28, -11.06],
							"lerp_mode": "catmullrom"
						},
						"1.6164": {
							"post": [7.18, -15.28, -11.06],
							"lerp_mode": "catmullrom"
						},
						"1.7601": {
							"post": [6.805, -15.28, -11.435],
							"lerp_mode": "catmullrom"
						},
						"1.9037": [7.18, -15.28, -11.06],
						"2.0115": {
							"pre": [10.18, -13.69, -13.44],
							"post": [10.18, -13.69, -13.44],
							"lerp_mode": "catmullrom"
						},
						"2.1193": {
							"post": [7.7425, -11.655, -16.685],
							"lerp_mode": "catmullrom"
						},
						"2.227": {
							"post": [7.18, -11.28, -17.06],
							"lerp_mode": "catmullrom"
						}
					},
					"scale": [1, 1.5, 1]
				},
				"righthand": {
					"rotation": [107.13921, 12.31529, -176.94329],
					"position": {
						"0.0": [-6.44, -12.7, -2.48],
						"2.0474": [-6.44, -12.7, -2.48],
						"2.1911": {
							"pre": [-10.19, -10.3176, -5.98],
							"post": [-10.19, -10.3176, -5.98],
							"lerp_mode": "catmullrom"
						},
						"2.3348": {
							"post": [-8.93544, -7.9476, -9.48],
							"lerp_mode": "catmullrom"
						},
						"2.4425": {
							"post": [-8.94, -7.95, -2.48],
							"lerp_mode": "catmullrom"
						},
						"2.5503": {
							"post": [-8.94, -7.95, -2.48],
							"lerp_mode": "catmullrom"
						},
						"2.694": {
							"post": [-8.94288, -10.95, -0.48],
							"lerp_mode": "catmullrom"
						},
						"2.8017": [-6.44, -12.7, -2.48]
					},
					"scale": [1, 1.5, 1]
				},
				"root": {
					"rotation": {
						"0.0": {
							"post": [0, 0, 0],
							"lerp_mode": "catmullrom"
						},
						"0.2155": {
							"post": [-6, -4, -20],
							"lerp_mode": "catmullrom"
						},
						"0.467": {
							"post": [-3, -5, -17.3125],
							"lerp_mode": "catmullrom"
						},
						"0.6466": {
							"post": [-5, -4, -20.9375],
							"lerp_mode": "catmullrom"
						},
						"0.7902": {
							"post": [-5, -2, -16.375],
							"lerp_mode": "catmullrom"
						},
						"1.0057": {
							"post": [-2.3125, 0, -13.87],
							"lerp_mode": "catmullrom"
						},
						"1.1135": {
							"post": [-1.3125, 0, -14.87],
							"lerp_mode": "catmullrom"
						},
						"1.2931": {
							"post": [-4.125, 1.5, -12.37],
							"lerp_mode": "catmullrom"
						},
						"1.4727": {
							"post": [-1.125, 1.5, -7.495],
							"lerp_mode": "catmullrom"
						},
						"1.6164": {
							"post": [-4.125, 0.5, -8.9325],
							"lerp_mode": "catmullrom"
						},
						"1.7601": {
							"post": [-3.8125, 0, -5.5575],
							"lerp_mode": "catmullrom"
						},
						"1.9397": {
							"post": [-0.8125, 0, -0.495],
							"lerp_mode": "catmullrom"
						},
						"2.0474": {
							"post": [-0.125, 0, -1.2425],
							"lerp_mode": "catmullrom"
						},
						"2.1552": {
							"post": [0.125, -0.75, -0.555],
							"lerp_mode": "catmullrom"
						},
						"2.2629": {
							"post": [0, 2, -0.1175],
							"lerp_mode": "catmullrom"
						},
						"2.4066": {
							"post": [-2.0625, -2.3125, 5.7525],
							"lerp_mode": "catmullrom"
						},
						"2.5144": {
							"post": [-2.375, -2.3125, 5.44],
							"lerp_mode": "catmullrom"
						},
						"2.6221": {
							"post": [-1.75, -1.3125, 4.565],
							"lerp_mode": "catmullrom"
						},
						"2.7299": {
							"post": [1.25, 0, 1.7525],
							"lerp_mode": "catmullrom"
						},
						"2.8376": {
							"post": [0, 0, 0],
							"lerp_mode": "catmullrom"
						}
					},
					"position": {
						"0.0": {
							"post": [0, 0, 0],
							"lerp_mode": "catmullrom"
						},
						"0.1437": {
							"post": [-0.9375, -0.75, 1],
							"lerp_mode": "catmullrom"
						},
						"0.2874": {
							"post": [-0.75, -0.5625, 0.75],
							"lerp_mode": "catmullrom"
						},
						"0.431": {
							"post": [-0.75, -0.3725, 0.75],
							"lerp_mode": "catmullrom"
						},
						"0.6106": {
							"post": [-0.25, -0.87, 0.4375],
							"lerp_mode": "catmullrom"
						},
						"0.7543": {
							"post": [-0.5, -0.62, 0.625],
							"lerp_mode": "catmullrom"
						},
						"0.898": {
							"post": [-0.375, -0.4325, 0.4375],
							"lerp_mode": "catmullrom"
						},
						"1.0417": {
							"post": [-0.4375, -0.68, 0.5],
							"lerp_mode": "catmullrom"
						},
						"1.1853": {
							"post": [-0.375, -0.6175, 0.1875],
							"lerp_mode": "catmullrom"
						},
						"1.3649": {
							"post": [-0.375, -0.245, 0.4375],
							"lerp_mode": "catmullrom"
						},
						"1.5805": {
							"post": [-0.125, 0.2575, 0.375],
							"lerp_mode": "catmullrom"
						},
						"1.7601": {
							"post": [-0.3125, 0.1325, 0.6875],
							"lerp_mode": "catmullrom"
						},
						"1.9037": {
							"post": [-0.125, 0.2, 0.625],
							"lerp_mode": "catmullrom"
						},
						"2.0115": {
							"post": [-0.125, 0.0775, 0.1875],
							"lerp_mode": "catmullrom"
						},
						"2.1193": {
							"post": [0, 0, -0.125],
							"lerp_mode": "catmullrom"
						},
						"2.2629": {
							"post": [0, 0, 0],
							"lerp_mode": "catmullrom"
						},
						"2.3707": {
							"post": [-0.25, -0.5, 0.3125],
							"lerp_mode": "catmullrom"
						},
						"2.5862": {
							"post": [0.125, 0, -0.125],
							"lerp_mode": "catmullrom"
						},
						"2.8376": {
							"post": [0, 0, 0],
							"lerp_mode": "catmullrom"
						}
					}
				},
				"mag_and_lefthand": {
					"rotation": {
						"0.3592": {
							"pre": [0, 0, 0],
							"post": [0, 0, 0],
							"lerp_mode": "catmullrom"
						},
						"0.6825": {
							"post": [-42, 0, 0],
							"lerp_mode": "catmullrom"
						},
						"0.898": {
							"post": [-30, 0, 0],
							"lerp_mode": "catmullrom"
						},
						"1.0057": [-30, 0, 0],
						"1.0417": {
							"pre": [-29.14743, -7.43547, -13.06431],
							"post": [-29.14743, -7.43547, -13.06431],
							"lerp_mode": "catmullrom"
						},
						"1.2931": {
							"post": [-13.22817, -13.92462, -33.31612],
							"lerp_mode": "catmullrom"
						},
						"1.5086": {
							"post": [-1.52778, -5.36827, -15.2932],
							"lerp_mode": "catmullrom"
						},
						"1.6164": {
							"post": [0, 0, 0],
							"lerp_mode": "catmullrom"
						},
						"1.796": {
							"post": [0, 0, 0],
							"lerp_mode": "catmullrom"
						}
					},
					"position": {
						"0.3592": {
							"pre": [0, 0, 0],
							"post": [0, 0, 0],
							"lerp_mode": "catmullrom"
						},
						"0.5029": {
							"post": [0, -7.57, -1.33],
							"lerp_mode": "catmullrom"
						},
						"0.6825": {
							"post": [1, -17, -8],
							"lerp_mode": "catmullrom"
						},
						"0.9698": {
							"post": [5, -23, -16],
							"lerp_mode": "catmullrom"
						},
						"1.0057": [5, -23, -16],
						"1.0417": {
							"pre": [15, -18, 1],
							"post": [15, -18, 1],
							"lerp_mode": "catmullrom"
						},
						"1.329": {
							"post": [4.12, -8.69, 0.56],
							"lerp_mode": "catmullrom"
						},
						"1.4727": {
							"post": [1.29, -4.75, 0.32],
							"lerp_mode": "catmullrom"
						},
						"1.6164": {
							"post": [0, 0, 0],
							"lerp_mode": "catmullrom"
						},
						"1.796": {
							"post": [0, 0, 0],
							"lerp_mode": "catmullrom"
						}
					}
				},
				"mag_release": {
					"rotation": {
						"0.2155": [0, 0, 0],
						"0.3592": [20, 0, 0],
						"0.5029": [0, 0, 0],
						"1.5086": [0, 0, 0],
						"1.6523": [20, 0, 0],
						"1.796": [0, 0, 0]
					}
				},
				"bolt": {
					"position": {
						"0.0": [0, 0, -6.75],
						"2.3348": [0, 0, -6.75],
						"2.4425": {
							"pre": [0, 0, 0],
							"post": [0, 0, 0],
							"lerp_mode": "catmullrom"
						},
						"2.5503": {
							"post": [0, 0, 0],
							"lerp_mode": "catmullrom"
						}
					}
				},
				"camera": {
					"rotation": {
						"0.0": {
							"post": [0, 0, 0],
							"lerp_mode": "catmullrom"
						},
						"0.1796": {
							"post": [1, -1.125, 1],
							"lerp_mode": "catmullrom"
						},
						"0.3592": {
							"post": [0.5625, -0.5, -0.6875],
							"lerp_mode": "catmullrom"
						},
						"0.5029": {
							"post": [0.6875, -0.4275, 0.125],
							"lerp_mode": "catmullrom"
						},
						"0.6825": {
							"post": [-0.375, 0.575, 0],
							"lerp_mode": "catmullrom"
						},
						"0.898": {
							"post": [-0.125, 0.45, 0],
							"lerp_mode": "catmullrom"
						},
						"1.0417": {
							"post": [-0.3125, 0.6375, -0.5625],
							"lerp_mode": "catmullrom"
						},
						"1.1494": {
							"post": [-0.125, 0.3875, 0.4375],
							"lerp_mode": "catmullrom"
						},
						"1.2572": {
							"post": [-0.1875, 0.3275, -0.3125],
							"lerp_mode": "catmullrom"
						},
						"1.4368": {
							"post": [0.25, 0.5825, 0],
							"lerp_mode": "catmullrom"
						},
						"1.5805": {
							"post": [-0.0625, 0.2725, 0.8125],
							"lerp_mode": "catmullrom"
						},
						"1.7241": {
							"post": [0.0625, 0.5275, -0.5625],
							"lerp_mode": "catmullrom"
						},
						"1.8678": {
							"post": [-0.0625, 0.1525, 0.4375],
							"lerp_mode": "catmullrom"
						},
						"2.0115": {
							"post": [0, 0, 0],
							"lerp_mode": "catmullrom"
						},
						"2.1552": {
							"post": [0.86, 0.39, -0.03],
							"lerp_mode": "catmullrom"
						},
						"2.2989": {
							"post": [1, 0.75, 0.75],
							"lerp_mode": "catmullrom"
						},
						"2.5144": {
							"post": [-0.25, 0.375, -0.25],
							"lerp_mode": "catmullrom"
						},
						"2.658": {
							"post": [0, -0.12, 0.25],
							"lerp_mode": "catmullrom"
						},
						"2.7658": {
							"post": [0, 0, 0],
							"lerp_mode": "catmullrom"
						}
					}
				}
			}
		},
		"inspect": {
			"animation_length": 3.625,
			"bones": {
				"lefthand": {
					"rotation": [97.51, -33.53, -140.07],
					"position": [7.18, -11.28, -17.06],
					"scale": [1, 1.5, 1]
				},
				"righthand": {
					"rotation": [107.13921, 12.31529, -176.94329],
					"position": [-6.44, -12.7, -2.48],
					"scale": [1, 1.5, 1]
				},
				"root": {
					"rotation": {
						"0.0": [0, 0, 0],
						"0.2083": {
							"pre": [0, 0, -22.5],
							"post": [0, 0, -22.5],
							"lerp_mode": "catmullrom"
						},
						"0.375": {
							"post": [0, 0, -20],
							"lerp_mode": "catmullrom"
						},
						"0.5417": {
							"post": [0, 0, -18.25],
							"lerp_mode": "catmullrom"
						},
						"0.6667": {
							"post": [0, 0, -18.75],
							"lerp_mode": "catmullrom"
						},
						"0.8333": {
							"post": [0, 0, -18.75],
							"lerp_mode": "catmullrom"
						},
						"1.25": {
							"post": [0, 0, -14.53],
							"lerp_mode": "catmullrom"
						},
						"1.625": {
							"post": [0, 0, 31.25],
							"lerp_mode": "catmullrom"
						},
						"1.8333": {
							"post": [0, 0, 28.25],
							"lerp_mode": "catmullrom"
						},
						"2.0417": {
							"post": [0, 0, 30.25],
							"lerp_mode": "catmullrom"
						},
						"2.2083": {
							"post": [0, 0, 29.25],
							"lerp_mode": "catmullrom"
						},
						"2.5": {
							"post": [0, 0, 29.25],
							"lerp_mode": "catmullrom"
						},
						"2.75": {
							"post": [1, 0, 29.25],
							"lerp_mode": "catmullrom"
						},
						"3.1667": {
							"post": [0.92389, 0.38267, 6.75309],
							"lerp_mode": "catmullrom"
						},
						"3.3333": {
							"post": [0.366, 0.19681, -1.4045],
							"lerp_mode": "catmullrom"
						},
						"3.4583": {
							"post": [0.5, 0, 0],
							"lerp_mode": "catmullrom"
						},
						"3.625": {
							"post": [0, 0, 0],
							"lerp_mode": "catmullrom"
						}
					},
					"position": {
						"0.0": [0, 0, 0],
						"0.2917": {
							"pre": [0, -0.5, 0],
							"post": [0, -0.5, 0],
							"lerp_mode": "catmullrom"
						},
						"0.5": {
							"post": [0, -0.2, 0],
							"lerp_mode": "catmullrom"
						},
						"0.625": {
							"post": [0, -0.15, 0],
							"lerp_mode": "catmullrom"
						},
						"0.75": {
							"post": [0, -0.175, 0],
							"lerp_mode": "catmullrom"
						},
						"0.8333": {
							"post": [0, -0.17, 0],
							"lerp_mode": "catmullrom"
						},
						"1.25": {
							"post": [0, -0.13, 0],
							"lerp_mode": "catmullrom"
						},
						"1.375": {
							"post": [0, 0.03, 0],
							"lerp_mode": "catmullrom"
						},
						"1.5417": {
							"post": [0, -0.07, 0],
							"lerp_mode": "catmullrom"
						},
						"1.7917": {
							"post": [0, -0.045, 0],
							"lerp_mode": "catmullrom"
						},
						"2.0": {
							"post": [0, -0.25, 0],
							"lerp_mode": "catmullrom"
						},
						"2.25": {
							"post": [0, -0.15, 0],
							"lerp_mode": "catmullrom"
						},
						"2.4583": {
							"post": [0, -0.15, 0],
							"lerp_mode": "catmullrom"
						},
						"2.625": {
							"post": [0, -0.25, 0],
							"lerp_mode": "catmullrom"
						},
						"2.75": {
							"post": [0, -0.15, 0],
							"lerp_mode": "catmullrom"
						},
						"2.875": {
							"post": [0, -0.24, 0],
							"lerp_mode": "catmullrom"
						},
						"3.0417": {
							"post": [0, -0.15, 0],
							"lerp_mode": "catmullrom"
						},
						"3.25": {
							"post": [0, 0.05, 0],
							"lerp_mode": "catmullrom"
						},
						"3.4583": {
							"post": [0, -0.1, 0],
							"lerp_mode": "catmullrom"
						},
						"3.625": {
							"post": [0, 0, 0],
							"lerp_mode": "catmullrom"
						}
					}
				}
			}
		},
		"inspect_empty": {
			"animation_length": 3.625,
			"bones": {
				"lefthand": {
					"rotation": [97.51, -33.53, -140.07],
					"position": [7.18, -11.28, -17.06],
					"scale": [1, 1.5, 1]
				},
				"righthand": {
					"rotation": [107.13921, 12.31529, -176.94329],
					"position": [-6.44, -12.7, -2.48],
					"scale": [1, 1.5, 1]
				},
				"root": {
					"rotation": {
						"0.0": [0, 0, 0],
						"0.2083": {
							"pre": [0, 0, -22.5],
							"post": [0, 0, -22.5],
							"lerp_mode": "catmullrom"
						},
						"0.375": {
							"post": [0, 0, -20],
							"lerp_mode": "catmullrom"
						},
						"0.5417": {
							"post": [0, 0, -18.25],
							"lerp_mode": "catmullrom"
						},
						"0.6667": {
							"post": [0, 0, -18.75],
							"lerp_mode": "catmullrom"
						},
						"0.8333": {
							"post": [0, 0, -18.75],
							"lerp_mode": "catmullrom"
						},
						"1.25": {
							"post": [0, 0, -14.53],
							"lerp_mode": "catmullrom"
						},
						"1.625": {
							"post": [0, 0, 31.25],
							"lerp_mode": "catmullrom"
						},
						"1.8333": {
							"post": [0, 0, 28.25],
							"lerp_mode": "catmullrom"
						},
						"2.0417": {
							"post": [0, 0, 30.25],
							"lerp_mode": "catmullrom"
						},
						"2.2083": {
							"post": [0, 0, 29.25],
							"lerp_mode": "catmullrom"
						},
						"2.5": {
							"post": [0, 0, 29.25],
							"lerp_mode": "catmullrom"
						},
						"2.75": {
							"post": [1, 0, 29.25],
							"lerp_mode": "catmullrom"
						},
						"3.1667": {
							"post": [0.92389, 0.38267, 6.75309],
							"lerp_mode": "catmullrom"
						},
						"3.3333": {
							"post": [0.366, 0.19681, -1.4045],
							"lerp_mode": "catmullrom"
						},
						"3.4583": {
							"post": [0.5, 0, 0],
							"lerp_mode": "catmullrom"
						},
						"3.625": {
							"post": [0, 0, 0],
							"lerp_mode": "catmullrom"
						}
					},
					"position": {
						"0.0": [0, 0, 0],
						"0.2917": {
							"pre": [0, -0.5, 0],
							"post": [0, -0.5, 0],
							"lerp_mode": "catmullrom"
						},
						"0.5": {
							"post": [0, -0.2, 0],
							"lerp_mode": "catmullrom"
						},
						"0.625": {
							"post": [0, -0.15, 0],
							"lerp_mode": "catmullrom"
						},
						"0.75": {
							"post": [0, -0.175, 0],
							"lerp_mode": "catmullrom"
						},
						"0.8333": {
							"post": [0, -0.17, 0],
							"lerp_mode": "catmullrom"
						},
						"1.25": {
							"post": [0, -0.13, 0],
							"lerp_mode": "catmullrom"
						},
						"1.375": {
							"post": [0, 0.03, 0],
							"lerp_mode": "catmullrom"
						},
						"1.5417": {
							"post": [0, -0.07, 0],
							"lerp_mode": "catmullrom"
						},
						"1.7917": {
							"post": [0, -0.045, 0],
							"lerp_mode": "catmullrom"
						},
						"2.0": {
							"post": [0, -0.25, 0],
							"lerp_mode": "catmullrom"
						},
						"2.25": {
							"post": [0, -0.15, 0],
							"lerp_mode": "catmullrom"
						},
						"2.4583": {
							"post": [0, -0.15, 0],
							"lerp_mode": "catmullrom"
						},
						"2.625": {
							"post": [0, -0.25, 0],
							"lerp_mode": "catmullrom"
						},
						"2.75": {
							"post": [0, -0.15, 0],
							"lerp_mode": "catmullrom"
						},
						"2.875": {
							"post": [0, -0.24, 0],
							"lerp_mode": "catmullrom"
						},
						"3.0417": {
							"post": [0, -0.15, 0],
							"lerp_mode": "catmullrom"
						},
						"3.25": {
							"post": [0, 0.05, 0],
							"lerp_mode": "catmullrom"
						},
						"3.4583": {
							"post": [0, -0.1, 0],
							"lerp_mode": "catmullrom"
						},
						"3.625": {
							"post": [0, 0, 0],
							"lerp_mode": "catmullrom"
						}
					}
				}
			}
		}
	}
}