{
	"format_version": "1.12.0",
	"minecraft:geometry": [
		{
			"description": {
				"identifier": "geometry.unknown",
				"texture_width": 32,
				"texture_height": 32,
				"visible_bounds_width": 8,
				"visible_bounds_height": 1.5,
				"visible_bounds_offset": [0, 0.25, 0]
			},
			"bones": [
				{
					"name": "scope_body",
					"pivot": [0, 0, 2.48438],
					"cubes": [
						{
							"origin": [-0.04707, 1.36469, -2.01562],
							"size": [0.37172, 0.0625, 1.25],
							"pivot": [0.13879, 0.49281, -1.64062],
							"rotation": [0, 0, -45],
							"uv": {
								"north": {"uv": [11, 12], "uv_size": [0.5, 0.5]},
								"south": {"uv": [12, 11], "uv_size": [0.5, 0.5]},
								"up": {"uv": [8, 8], "uv_size": [0.5, 1.5]},
								"down": {"uv": [0, 10.5], "uv_size": [0.5, -1.5]}
							}
						},
						{
							"origin": [-0.04707, 1.36469, -2.01562],
							"size": [0.37172, 0.0625, 1.25],
							"pivot": [0.13879, 0.49281, -1.64062],
							"rotation": [0, 0, -22.5],
							"uv": {
								"north": {"uv": [10, 12], "uv_size": [0.5, 0.5]},
								"south": {"uv": [12, 10], "uv_size": [0.5, 0.5]},
								"up": {"uv": [6, 8], "uv_size": [0.5, 1.5]},
								"down": {"uv": [7, 9.5], "uv_size": [0.5, -1.5]}
							}
						},
						{
							"origin": [-0.04707, 1.36469, -2.01562],
							"size": [0.37172, 0.0625, 1.25],
							"uv": {
								"north": {"uv": [9, 12], "uv_size": [0.5, 0.5]},
								"south": {"uv": [12, 9], "uv_size": [0.5, 0.5]},
								"up": {"uv": [4, 8], "uv_size": [0.5, 1.5]},
								"down": {"uv": [5, 9.5], "uv_size": [0.5, -1.5]}
							}
						},
						{
							"origin": [-0.04707, 1.36469, -2.01562],
							"size": [0.37172, 0.0625, 1.25],
							"pivot": [0.13879, 0.49281, -1.64062],
							"rotation": [0, 0, 22.5],
							"uv": {
								"north": {"uv": [8, 12], "uv_size": [0.5, 0.5]},
								"south": {"uv": [12, 8], "uv_size": [0.5, 0.5]},
								"up": {"uv": [2, 8], "uv_size": [0.5, 1.5]},
								"down": {"uv": [3, 9.5], "uv_size": [0.5, -1.5]}
							}
						},
						{
							"origin": [-0.04707, 1.36469, -2.01562],
							"size": [0.37172, 0.0625, 1.25],
							"pivot": [0.13879, 0.49281, -1.64062],
							"rotation": [0, 0, 45],
							"uv": {
								"north": {"uv": [7, 12], "uv_size": [0.5, 0.5]},
								"south": {"uv": [12, 7], "uv_size": [0.5, 0.5]},
								"up": {"uv": [8, 0], "uv_size": [0.5, 1.5]},
								"down": {"uv": [1, 9.5], "uv_size": [0.5, -1.5]}
							}
						},
						{
							"origin": [-0.79559, 0.30695, -2.01562],
							"size": [0.0625, 0.37172, 1.25],
							"pivot": [0.13879, 0.49281, -1.64062],
							"rotation": [0, 0, 22.5],
							"uv": {
								"north": {"uv": [6, 12], "uv_size": [0.5, 0.5]},
								"east": {"uv": [7, 6], "uv_size": [1.5, 0.5]},
								"south": {"uv": [12, 6], "uv_size": [0.5, 0.5]},
								"west": {"uv": [7, 7], "uv_size": [1.5, 0.5]}
							}
						},
						{
							"origin": [-0.04707, -0.44156, -2.01562],
							"size": [0.25, 0.0625, 1.25],
							"pivot": [0.13879, 0.49281, -1.64062],
							"rotation": [0, 0, 45],
							"uv": {
								"north": {"uv": [13, 1], "uv_size": [0.5, 0.5]},
								"south": {"uv": [2, 13], "uv_size": [0.5, 0.5]},
								"west": {"uv": [9, 4], "uv_size": [1.5, 0.5]},
								"up": {"uv": [9, 5], "uv_size": [0.5, 1.5]},
								"down": {"uv": [9, 8.5], "uv_size": [0.5, -1.5]}
							}
						},
						{
							"origin": [-0.79559, 0.30695, -2.01562],
							"size": [0.0625, 0.37172, 1.25],
							"pivot": [0.13879, 0.49281, -1.64062],
							"rotation": [0, 0, -22.5],
							"uv": {
								"north": {"uv": [13, 0], "uv_size": [0.5, 0.5]},
								"east": {"uv": [9, 1], "uv_size": [1.5, 0.5]},
								"south": {"uv": [1, 13], "uv_size": [0.5, 0.5]},
								"west": {"uv": [9, 3], "uv_size": [1.5, 0.5]}
							}
						},
						{
							"origin": [-0.79559, 0.30695, -2.01562],
							"size": [0.0625, 0.37172, 1.25],
							"uv": {
								"north": {"uv": [12, 12], "uv_size": [0.5, 0.5]},
								"east": {"uv": [8, 2], "uv_size": [1.5, 0.5]},
								"south": {"uv": [0, 13], "uv_size": [0.5, 0.5]},
								"west": {"uv": [9, 0], "uv_size": [1.5, 0.5]}
							}
						},
						{
							"origin": [0.5, -0.75, -0.76562],
							"size": [1, 1, 2.5],
							"uv": {
								"north": {"uv": [2, 5], "uv_size": [1, 1]},
								"east": {"uv": [0, 3], "uv_size": [2.5, 1]},
								"south": {"uv": [5, 2], "uv_size": [1, 1]},
								"west": {"uv": [3, 0], "uv_size": [2.5, 1]},
								"up": {"uv": [3, 1], "uv_size": [1, 2.5]},
								"down": {"uv": [0, 6.5], "uv_size": [1, -2.5]}
							}
						},
						{
							"origin": [0.75, -0.75, 1.73438],
							"size": [0.75, 1, 0.5],
							"uv": {
								"east": {"uv": [4, 11], "uv_size": [0.5, 1]},
								"west": {"uv": [11, 4], "uv_size": [0.5, 1]},
								"up": {"uv": [5, 11], "uv_size": [1, 0.5]},
								"down": {"uv": [11, 5.5], "uv_size": [1, -0.5]}
							}
						},
						{
							"origin": [0.5, -0.6875, 1.85938],
							"size": [0.25, 1, 0.375],
							"pivot": [0.625, 0, 1.98438],
							"rotation": [0, 0, -45],
							"uv": {
								"north": {"uv": [6, 11], "uv_size": [0.5, 1]},
								"east": {"uv": [11, 6], "uv_size": [0.5, 1]},
								"south": {"uv": [7, 11], "uv_size": [0.5, 1]},
								"west": {"uv": [11, 7], "uv_size": [0.5, 1]}
							}
						},
						{
							"origin": [0.5, -0.75, 1.73438],
							"size": [0.25, 0.5, 0.5],
							"uv": {
								"north": {"uv": [15, 12], "uv_size": [0.5, 0.5]},
								"east": {"uv": [13, 15], "uv_size": [0.5, 0.5]},
								"south": {"uv": [15, 13], "uv_size": [0.5, 0.5]},
								"west": {"uv": [14, 15], "uv_size": [0.5, 0.5]},
								"up": {"uv": [15, 14], "uv_size": [0.5, 0.5]},
								"down": {"uv": [15, 15.5], "uv_size": [0.5, -0.5]}
							}
						},
						{
							"origin": [0.5, -0.75, 2.23438],
							"size": [1, 1, 0.25],
							"uv": {
								"north": {"uv": [3, 5], "uv_size": [1, 1]},
								"east": {"uv": [2, 11], "uv_size": [0.5, 1]},
								"west": {"uv": [11, 2], "uv_size": [0.5, 1]},
								"up": {"uv": [3, 11], "uv_size": [1, 0.5]},
								"down": {"uv": [11, 3.5], "uv_size": [1, -0.5]}
							}
						},
						{
							"origin": [0.5, -0.25, -1.26562],
							"size": [0.6875, 0.5, 0.5],
							"uv": {
								"north": {"uv": [12, 0], "uv_size": [0.5, 0.5]},
								"east": {"uv": [1, 12], "uv_size": [0.5, 0.5]},
								"up": {"uv": [12, 1], "uv_size": [0.5, 0.5]}
							}
						},
						{
							"origin": [0.5, -0.25, -2.01562],
							"size": [0.6875, 0.5, 0.25],
							"uv": {
								"north": {"uv": [2, 12], "uv_size": [0.5, 0.5]},
								"east": {"uv": [12, 2], "uv_size": [0.5, 0.5]},
								"south": {"uv": [3, 12], "uv_size": [0.5, 0.5]},
								"up": {"uv": [12, 3], "uv_size": [0.5, 0.5]}
							}
						},
						{
							"origin": [0.75, -0.25, -1.76562],
							"size": [0.4375, 0.5, 0.5],
							"uv": {
								"east": {"uv": [4, 12], "uv_size": [0.5, 0.5]},
								"up": {"uv": [12, 4], "uv_size": [0.5, 0.5]}
							}
						},
						{
							"origin": [0.5, -0.75, -2.01562],
							"size": [0.75, 0.5, 1.25],
							"uv": {
								"north": {"uv": [8, 10], "uv_size": [1, 0.5]},
								"east": {"uv": [4, 5], "uv_size": [1.5, 0.5]},
								"up": {"uv": [1, 4], "uv_size": [1, 1.5]},
								"down": {"uv": [4, 2.5], "uv_size": [1, -1.5]}
							}
						},
						{
							"origin": [0.6875, -0.35355, -2.04687],
							"size": [0.5, 0.20711, 0.25],
							"uv": {
								"north": {"uv": [1, 15], "uv_size": [0.5, 0.5]},
								"east": {"uv": [15, 1], "uv_size": [0.5, 0.5]},
								"west": {"uv": [2, 15], "uv_size": [0.5, 0.5]}
							}
						},
						{
							"origin": [0.6875, -0.35355, -2.04687],
							"size": [0.5, 0.20711, 0.25],
							"pivot": [0.9375, -0.25, -1.92187],
							"rotation": [0, 0, 45],
							"uv": {
								"north": {"uv": [15, 2], "uv_size": [0.5, 0.5]},
								"east": {"uv": [3, 15], "uv_size": [0.5, 0.5]},
								"west": {"uv": [15, 3], "uv_size": [0.5, 0.5]}
							}
						},
						{
							"origin": [0.83395, -0.5, -2.04687],
							"size": [0.20711, 0.5, 0.25],
							"uv": {
								"north": {"uv": [4, 15], "uv_size": [0.5, 0.5]},
								"up": {"uv": [15, 4], "uv_size": [0.5, 0.5]},
								"down": {"uv": [5, 15.5], "uv_size": [0.5, -0.5]}
							}
						},
						{
							"origin": [0.83395, -0.5, -2.04687],
							"size": [0.20711, 0.5, 0.25],
							"pivot": [0.9375, -0.25, -0.92187],
							"rotation": [0, 0, 45],
							"uv": {
								"north": {"uv": [15, 5], "uv_size": [0.5, 0.5]},
								"up": {"uv": [6, 15], "uv_size": [0.5, 0.5]},
								"down": {"uv": [15, 6.5], "uv_size": [0.5, -0.5]}
							}
						},
						{
							"origin": [0.6875, -0.35355, -2.07812],
							"size": [0.10938, 0.20711, 0.03125],
							"uv": {
								"north": {"uv": [0, 15], "uv_size": [0.5, 0.5]},
								"east": {"uv": [15, 0], "uv_size": [0.5, 0.5]}
							}
						},
						{
							"origin": [1.07812, -0.35355, -2.07812],
							"size": [0.10938, 0.20711, 0.03125],
							"uv": {
								"north": {"uv": [14, 9], "uv_size": [0.5, 0.5]},
								"west": {"uv": [10, 14], "uv_size": [0.5, 0.5]}
							}
						},
						{
							"origin": [1.04105, -0.35355, -2.07812],
							"size": [0.14645, 0.20711, 0.03125],
							"pivot": [0.9375, -0.25, -1.98437],
							"rotation": [0, 0, 45],
							"uv": {
								"north": {"uv": [14, 12], "uv_size": [0.5, 0.5]},
								"west": {"uv": [13, 14], "uv_size": [0.5, 0.5]}
							}
						},
						{
							"origin": [0.6875, -0.35355, -2.07812],
							"size": [0.14645, 0.20711, 0.03125],
							"pivot": [0.9375, -0.25, -1.98437],
							"rotation": [0, 0, 45],
							"uv": {
								"north": {"uv": [14, 8], "uv_size": [0.5, 0.5]},
								"east": {"uv": [9, 14], "uv_size": [0.5, 0.5]}
							}
						},
						{
							"origin": [0.83395, -0.10937, -2.07812],
							"size": [0.20711, 0.10938, 0.03125],
							"uv": {
								"north": {"uv": [14, 13], "uv_size": [0.5, 0.5]},
								"up": {"uv": [14, 14], "uv_size": [0.5, 0.5]}
							}
						},
						{
							"origin": [0.83395, -0.5, -2.07812],
							"size": [0.20711, 0.10938, 0.03125],
							"uv": {
								"north": {"uv": [14, 7], "uv_size": [0.5, 0.5]},
								"down": {"uv": [8, 14.5], "uv_size": [0.5, -0.5]}
							}
						},
						{
							"origin": [0.83395, -0.5, -2.07812],
							"size": [0.07813, 0.5, 0.03125],
							"pivot": [0.9375, -0.25, -1.98437],
							"rotation": [0, 0, 45],
							"uv": {
								"north": {"uv": [14, 10], "uv_size": [0.5, 0.5]},
								"west": {"uv": [11, 14], "uv_size": [0.5, 0.5]},
								"up": {"uv": [14, 11], "uv_size": [0.5, 0.5]},
								"down": {"uv": [12, 14.5], "uv_size": [0.5, -0.5]}
							}
						},
						{
							"origin": [0.96293, -0.5, -2.07812],
							"size": [0.07813, 0.5, 0.03125],
							"pivot": [0.9375, -0.25, -1.98437],
							"rotation": [0, 0, 45],
							"uv": {
								"north": {"uv": [14, 5], "uv_size": [0.5, 0.5]},
								"east": {"uv": [6, 14], "uv_size": [0.5, 0.5]},
								"up": {"uv": [14, 6], "uv_size": [0.5, 0.5]},
								"down": {"uv": [7, 14.5], "uv_size": [0.5, -0.5]}
							}
						},
						{
							"origin": [1.25, -0.75, -2.01562],
							"size": [0.25, 0.25, 1.25],
							"uv": {
								"north": {"uv": [5, 12], "uv_size": [0.5, 0.5]},
								"south": {"uv": [12, 5], "uv_size": [0.5, 0.5]},
								"west": {"uv": [6, 0], "uv_size": [1.5, 0.5]},
								"down": {"uv": [1, 7.5], "uv_size": [0.5, -1.5]}
							}
						},
						{
							"origin": [0.501, -0.125, 2.62194],
							"size": [0.998, 0.25, 0.36244],
							"pivot": [0.999, -0.3125, 2.80316],
							"rotation": [-45, 0, 0],
							"uv": {
								"east": {"uv": [12, 13], "uv_size": [0.5, 0.5]},
								"west": {"uv": [13, 12], "uv_size": [0.5, 0.5]},
								"up": {"uv": [1, 11], "uv_size": [1, 0.5]}
							}
						},
						{
							"origin": [0.501, -0.49372, 2.98438],
							"size": [0.998, 0.36244, 0.25628],
							"uv": {
								"east": {"uv": [11, 13], "uv_size": [0.5, 0.5]},
								"south": {"uv": [11, 0], "uv_size": [1, 0.5]},
								"west": {"uv": [13, 11], "uv_size": [0.5, 0.5]}
							}
						},
						{
							"origin": [0.501, -0.49372, 2.99066],
							"size": [0.998, 0.36244, 0.25],
							"pivot": [0.999, -0.3125, 2.80316],
							"rotation": [-45, 0, 0],
							"uv": {
								"east": {"uv": [10, 13], "uv_size": [0.5, 0.5]},
								"south": {"uv": [0, 11], "uv_size": [1, 0.5]},
								"west": {"uv": [13, 10], "uv_size": [0.5, 0.5]}
							}
						},
						{
							"origin": [1.25, -0.5, -2.01562],
							"size": [0.25, 0.75, 1.25],
							"pivot": [1.5, -0.5, -1.14062],
							"rotation": [0, 0, -20.5],
							"uv": {
								"north": {"uv": [10, 8], "uv_size": [0.5, 1]},
								"east": {"uv": [2, 4], "uv_size": [1.5, 1]},
								"south": {"uv": [9, 10], "uv_size": [0.5, 1]},
								"west": {"uv": [4, 3], "uv_size": [1.5, 1]},
								"up": {"uv": [2, 6], "uv_size": [0.5, 1.5]},
								"down": {"uv": [6, 3.5], "uv_size": [0.5, -1.5]}
							}
						},
						{
							"origin": [1.06633, -0.06147, -1.85937],
							"size": [0.25, 0.1875, 0.1875],
							"pivot": [1.22258, 0.06353, -1.73437],
							"rotation": [-45, 0, -20.5],
							"uv": {
								"north": {"uv": [13, 2], "uv_size": [0.5, 0.5]},
								"south": {"uv": [3, 13], "uv_size": [0.5, 0.5]},
								"west": {"uv": [13, 3], "uv_size": [0.5, 0.5]},
								"up": {"uv": [4, 13], "uv_size": [0.5, 0.5]},
								"down": {"uv": [13, 4.5], "uv_size": [0.5, -0.5]}
							}
						},
						{
							"origin": [1.06633, -0.06147, -1.04687],
							"size": [0.25, 0.1875, 0.1875],
							"pivot": [1.22258, 0.06353, -0.92187],
							"rotation": [-45, 0, -20.5],
							"uv": {
								"north": {"uv": [5, 13], "uv_size": [0.5, 0.5]},
								"south": {"uv": [13, 5], "uv_size": [0.5, 0.5]},
								"west": {"uv": [6, 13], "uv_size": [0.5, 0.5]},
								"up": {"uv": [13, 6], "uv_size": [0.5, 0.5]},
								"down": {"uv": [7, 13.5], "uv_size": [0.5, -0.5]}
							}
						},
						{
							"origin": [1.19766, -0.41272, -1.42187],
							"size": [0.25, 0.1875, 0.1875],
							"pivot": [1.35391, -0.28772, -1.29687],
							"rotation": [-45, 0, -20.5],
							"uv": {
								"north": {"uv": [13, 7], "uv_size": [0.5, 0.5]},
								"south": {"uv": [8, 13], "uv_size": [0.5, 0.5]},
								"west": {"uv": [13, 8], "uv_size": [0.5, 0.5]},
								"up": {"uv": [9, 13], "uv_size": [0.5, 0.5]},
								"down": {"uv": [13, 9.5], "uv_size": [0.5, -0.5]}
							}
						},
						{
							"origin": [1.4375, 0.25, -2.01562],
							"size": [0.0625, 0.875, 1.25],
							"pivot": [1.5, -0.5, -1.14062],
							"rotation": [0, 0, -20.5],
							"uv": {
								"north": {"uv": [10, 9], "uv_size": [0.5, 1]},
								"east": {"uv": [4, 4], "uv_size": [1.5, 1]},
								"south": {"uv": [10, 10], "uv_size": [0.5, 1]},
								"west": {"uv": [5, 1], "uv_size": [1.5, 1]},
								"up": {"uv": [3, 6], "uv_size": [0.5, 1.5]},
								"down": {"uv": [4, 7.5], "uv_size": [0.5, -1.5]}
							}
						},
						{
							"origin": [0.5, -0.75, 2.48438],
							"size": [1, 0.875, 0.5],
							"uv": {
								"east": {"uv": [6, 10], "uv_size": [0.5, 1]},
								"west": {"uv": [10, 6], "uv_size": [0.5, 1]},
								"up": {"uv": [7, 10], "uv_size": [1, 0.5]},
								"down": {"uv": [10, 7.5], "uv_size": [1, -0.5]}
							}
						},
						{
							"origin": [1.1875, -0.09375, 2.67188],
							"size": [0.1875, 0.25, 0.1875],
							"pivot": [1.28125, 0.0625, 2.76563],
							"rotation": [0, -45, 0],
							"uv": {
								"north": {"uv": [16, 4], "uv_size": [0.5, 0.5]},
								"east": {"uv": [5, 16], "uv_size": [0.5, 0.5]},
								"south": {"uv": [16, 5], "uv_size": [0.5, 0.5]},
								"west": {"uv": [6, 16], "uv_size": [0.5, 0.5]},
								"up": {"uv": [16, 6], "uv_size": [0.5, 0.5]}
							}
						},
						{
							"origin": [0.501, -0.04864, 2.10179],
							"size": [0.998, 0.25, 0.25],
							"pivot": [0.999, -0.23614, 2.35179],
							"rotation": [-45, 0, 0],
							"uv": {
								"east": {"uv": [13, 13], "uv_size": [0.5, 0.5]},
								"west": {"uv": [0, 14], "uv_size": [0.5, 0.5]},
								"up": {"uv": [11, 1], "uv_size": [1, 0.5]}
							}
						},
						{
							"origin": [1.3125, -0.46783, 2.42188],
							"size": [0.25, 0.31066, 0.75],
							"pivot": [1.0625, -0.3125, 2.79688],
							"rotation": [-45, 0, 0],
							"uv": {
								"north": {"uv": [7, 16], "uv_size": [0.5, 0.5]},
								"south": {"uv": [16, 7], "uv_size": [0.5, 0.5]},
								"west": {"uv": [8, 11], "uv_size": [1, 0.5]}
							}
						},
						{
							"origin": [1.3125, -0.46783, 2.42188],
							"size": [0.25, 0.31066, 0.75],
							"uv": {
								"north": {"uv": [8, 16], "uv_size": [0.5, 0.5]},
								"south": {"uv": [16, 8], "uv_size": [0.5, 0.5]},
								"west": {"uv": [11, 8], "uv_size": [1, 0.5]}
							}
						},
						{
							"origin": [1.3125, -0.6875, 2.64154],
							"size": [0.25, 0.75, 0.31066],
							"pivot": [1.0625, -0.3125, 2.79688],
							"rotation": [-45, 0, 0],
							"uv": {
								"west": {"uv": [9, 11], "uv_size": [0.5, 1]},
								"up": {"uv": [9, 16], "uv_size": [0.5, 0.5]},
								"down": {"uv": [16, 9.5], "uv_size": [0.5, -0.5]}
							}
						},
						{
							"origin": [0.31564, 0.13258, 1.85938],
							"size": [0.0625, 0.10355, 0.375],
							"uv": {
								"north": {"uv": [3, 16], "uv_size": [0.5, 0.5]},
								"east": {"uv": [16, 3], "uv_size": [0.5, 0.5]},
								"south": {"uv": [4, 16], "uv_size": [0.5, 0.5]}
							}
						},
						{
							"origin": [0.77145, 0.0625, 1.17188],
							"size": [0.20711, 0.25, 0.5],
							"pivot": [0.875, -0.1875, 1.42188],
							"rotation": [0, -45, 0],
							"uv": {
								"north": {"uv": [5, 17], "uv_size": [0.5, 0.5]},
								"south": {"uv": [17, 5], "uv_size": [0.5, 0.5]},
								"up": {"uv": [6, 17], "uv_size": [0.5, 0.5]}
							}
						},
						{
							"origin": [0.77145, 0.0625, 1.17188],
							"size": [0.20711, 0.25, 0.5],
							"uv": {
								"north": {"uv": [17, 6], "uv_size": [0.5, 0.5]},
								"south": {"uv": [7, 17], "uv_size": [0.5, 0.5]},
								"up": {"uv": [17, 7], "uv_size": [0.5, 0.5]}
							}
						},
						{
							"origin": [0.625, 0.0625, 1.31832],
							"size": [0.5, 0.25, 0.20711],
							"pivot": [0.875, -0.1875, 1.42188],
							"rotation": [0, -45, 0],
							"uv": {
								"east": {"uv": [8, 17], "uv_size": [0.5, 0.5]},
								"west": {"uv": [17, 8], "uv_size": [0.5, 0.5]},
								"up": {"uv": [9, 17], "uv_size": [0.5, 0.5]}
							}
						},
						{
							"origin": [0.625, 0.0625, 1.31832],
							"size": [0.5, 0.25, 0.20711],
							"uv": {
								"east": {"uv": [17, 9], "uv_size": [0.5, 0.5]},
								"west": {"uv": [10, 17], "uv_size": [0.5, 0.5]},
								"up": {"uv": [17, 10], "uv_size": [0.5, 0.5]}
							}
						},
						{
							"origin": [1.3125, -0.5625, 1.94332],
							"size": [0.25, 0.5, 0.20711],
							"uv": {
								"west": {"uv": [17, 3], "uv_size": [0.5, 0.5]},
								"up": {"uv": [4, 17], "uv_size": [0.5, 0.5]},
								"down": {"uv": [17, 4.5], "uv_size": [0.5, -0.5]}
							}
						},
						{
							"origin": [1.3125, -0.5625, 1.94332],
							"size": [0.25, 0.5, 0.20711],
							"pivot": [1.0625, -0.3125, 2.04688],
							"rotation": [-45, 0, 0],
							"uv": {
								"west": {"uv": [2, 17], "uv_size": [0.5, 0.5]},
								"up": {"uv": [17, 2], "uv_size": [0.5, 0.5]},
								"down": {"uv": [3, 17.5], "uv_size": [0.5, -0.5]}
							}
						},
						{
							"origin": [1.3125, -0.41605, 1.79688],
							"size": [0.25, 0.20711, 0.5],
							"uv": {
								"north": {"uv": [17, 0], "uv_size": [0.5, 0.5]},
								"south": {"uv": [1, 17], "uv_size": [0.5, 0.5]},
								"west": {"uv": [17, 1], "uv_size": [0.5, 0.5]}
							}
						},
						{
							"origin": [1.3125, -0.41605, 1.79688],
							"size": [0.25, 0.20711, 0.5],
							"pivot": [1.0625, -0.3125, 2.04688],
							"rotation": [-45, 0, 0],
							"uv": {
								"north": {"uv": [16, 15], "uv_size": [0.5, 0.5]},
								"south": {"uv": [13, 17], "uv_size": [0.5, 0.5]},
								"west": {"uv": [0, 17], "uv_size": [0.5, 0.5]}
							}
						},
						{
							"origin": [0.31564, 0.13258, 1.85938],
							"size": [0.07322, 0.10355, 0.375],
							"pivot": [0.44064, 0.18436, 2.04688],
							"rotation": [0, 0, 45],
							"uv": {
								"north": {"uv": [16, 1], "uv_size": [0.5, 0.5]},
								"east": {"uv": [2, 16], "uv_size": [0.5, 0.5]},
								"south": {"uv": [16, 2], "uv_size": [0.5, 0.5]}
							}
						},
						{
							"origin": [0.38886, 0.24686, 1.85938],
							"size": [0.10355, 0.0625, 0.375],
							"uv": {
								"north": {"uv": [0, 16], "uv_size": [0.5, 0.5]},
								"south": {"uv": [16, 0], "uv_size": [0.5, 0.5]},
								"up": {"uv": [1, 16], "uv_size": [0.5, 0.5]}
							}
						},
						{
							"origin": [0.43349, -0.70697, -1.64062],
							"size": [0.3, 1, 0.375],
							"pivot": [0.58349, 0.04151, -1.45312],
							"rotation": [0, 0, -45],
							"uv": {
								"north": {"uv": [10, 11], "uv_size": [0.5, 1]},
								"east": {"uv": [11, 10], "uv_size": [0.5, 1]},
								"south": {"uv": [11, 11], "uv_size": [0.5, 1]},
								"west": {"uv": [0, 12], "uv_size": [0.5, 1]}
							}
						},
						{
							"origin": [0.29957, 0.1133, -1.64062],
							"size": [0.075, 0.12426, 0.375],
							"uv": {
								"north": {"uv": [14, 16], "uv_size": [0.5, 0.5]},
								"east": {"uv": [16, 14], "uv_size": [0.5, 0.5]},
								"south": {"uv": [15, 16], "uv_size": [0.5, 0.5]}
							}
						},
						{
							"origin": [0.2441, -0.02062, -1.64062],
							"size": [0.08787, 0.12426, 0.375],
							"pivot": [0.58349, 0.04151, -1.45312],
							"rotation": [0, 0, 45],
							"uv": {
								"north": {"uv": [16, 12], "uv_size": [0.5, 0.5]},
								"east": {"uv": [13, 16], "uv_size": [0.5, 0.5]},
								"south": {"uv": [16, 13], "uv_size": [0.5, 0.5]}
							}
						},
						{
							"origin": [0.38744, 0.25043, -1.64062],
							"size": [0.12426, 0.075, 0.375],
							"uv": {
								"north": {"uv": [11, 16], "uv_size": [0.5, 0.5]},
								"south": {"uv": [16, 11], "uv_size": [0.5, 0.5]},
								"up": {"uv": [12, 16], "uv_size": [0.5, 0.5]}
							}
						},
						{
							"origin": [1.3125, -0.6875, 2.64154],
							"size": [0.25, 0.75, 0.31066],
							"uv": {
								"west": {"uv": [11, 9], "uv_size": [0.5, 1]},
								"up": {"uv": [10, 16], "uv_size": [0.5, 0.5]},
								"down": {"uv": [16, 10.5], "uv_size": [0.5, -0.5]}
							}
						}
					]
				},
				{
					"name": "mount",
					"parent": "scope_body",
					"pivot": [8, -11, -10.5],
					"cubes": [
						{
							"origin": [0.89182, -3.8571, 0.29038],
							"size": [0.44591, 1.50494, 1.45132],
							"uv": {
								"north": {"uv": [9, 21], "uv_size": [0.5, 1.5]},
								"east": {"uv": [17, 17], "uv_size": [1.5, 1.5]},
								"south": {"uv": [10, 21], "uv_size": [0.5, 1.5]},
								"west": {"uv": [11, 18], "uv_size": [1.5, 1.5]},
								"up": {"uv": [13, 21], "uv_size": [0.5, 1.5]},
								"down": {"uv": [2, 23.5], "uv_size": [0.5, -1.5]}
							}
						},
						{
							"origin": [0.89182, -3.17356, 1.7417],
							"size": [0.44591, 0.8214, 0.68481],
							"uv": {
								"north": {"uv": [7, 22], "uv_size": [0.5, 1]},
								"east": {"uv": [11, 22], "uv_size": [0.5, 1]},
								"south": {"uv": [17, 22], "uv_size": [0.5, 1]},
								"west": {"uv": [22, 20], "uv_size": [0.5, 1]},
								"up": {"uv": [24, 6], "uv_size": [0.5, 0.5]},
								"down": {"uv": [7, 24.5], "uv_size": [0.5, -0.5]}
							}
						},
						{
							"origin": [0.89602, 0.35526, 0.89216],
							"size": [0.44181, 0.96777, 0.50752],
							"inflate": -0.0001,
							"pivot": [0.04329, -2.16385, -3.51426],
							"rotation": [-45, 0, 0],
							"uv": {
								"north": {"uv": [22, 22], "uv_size": [0.5, 1]},
								"east": {"uv": [23, 0], "uv_size": [0.5, 1]},
								"south": {"uv": [23, 2], "uv_size": [0.5, 1]},
								"west": {"uv": [23, 4], "uv_size": [0.5, 1]},
								"up": {"uv": [24, 10], "uv_size": [0.5, 0.5]},
								"down": {"uv": [11, 24.5], "uv_size": [0.5, -0.5]}
							}
						},
						{
							"origin": [0.89182, -3.8571, -1.2703],
							"size": [0.22295, 0.66886, 1.56068],
							"uv": {
								"north": {"uv": [24, 11], "uv_size": [0.5, 0.5]},
								"east": {"uv": [21, 9], "uv_size": [1.5, 0.5]},
								"south": {"uv": [12, 24], "uv_size": [0.5, 0.5]},
								"west": {"uv": [21, 11], "uv_size": [1.5, 0.5]},
								"up": {"uv": [4, 22], "uv_size": [0.5, 1.5]},
								"down": {"uv": [22, 6.5], "uv_size": [0.5, -1.5]}
							}
						},
						{
							"origin": [0.89182, -3.18824, -1.2703],
							"size": [0.44591, 0.83608, 1.56068],
							"uv": {
								"north": {"uv": [6, 23], "uv_size": [0.5, 1]},
								"east": {"uv": [5, 19], "uv_size": [1.5, 1]},
								"south": {"uv": [23, 6], "uv_size": [0.5, 1]},
								"west": {"uv": [17, 19], "uv_size": [1.5, 1]},
								"up": {"uv": [22, 7], "uv_size": [0.5, 1.5]},
								"down": {"uv": [8, 23.5], "uv_size": [0.5, -1.5]}
							}
						},
						{
							"origin": [1.11477, -0.61662, -0.52347],
							"size": [0.22296, 0.44591, 0.83609],
							"inflate": -0.0001,
							"pivot": [0.04329, -2.16385, -3.49863],
							"rotation": [-45, 0, 0],
							"uv": {
								"north": {"uv": [24, 12], "uv_size": [0.5, 0.5]},
								"east": {"uv": [23, 8], "uv_size": [1, 0.5]},
								"south": {"uv": [13, 24], "uv_size": [0.5, 0.5]},
								"west": {"uv": [23, 10], "uv_size": [1, 0.5]},
								"up": {"uv": [11, 23], "uv_size": [0.5, 1]},
								"down": {"uv": [23, 12], "uv_size": [0.5, -1]}
							}
						},
						{
							"origin": [-0.08681, -3.80351, -1.2703],
							"size": [0.32105, 0.32105, 3.21751],
							"pivot": [0.04329, -2.16385, -3.49863],
							"rotation": [0, 0, -45],
							"uv": {
								"north": {"uv": [24, 13], "uv_size": [0.5, 0.5]},
								"east": {"uv": [20, 10], "uv_size": [3, 0.5]},
								"south": {"uv": [14, 24], "uv_size": [0.5, 0.5]},
								"west": {"uv": [11, 20], "uv_size": [3, 0.5]},
								"up": {"uv": [18, 14], "uv_size": [0.5, 3]},
								"down": {"uv": [5, 23], "uv_size": [0.5, -3]}
							}
						},
						{
							"origin": [0.89182, -2.47716, -1.2703],
							"size": [0.44591, 2, 0.44591],
							"pivot": [1.33773, -2.35216, -1.2703],
							"rotation": [15, 0, 0],
							"uv": {
								"north": {"uv": [6, 20], "uv_size": [0.5, 2.5]},
								"east": {"uv": [20, 11], "uv_size": [0.5, 2.5]},
								"south": {"uv": [20, 15], "uv_size": [0.5, 2.5]},
								"west": {"uv": [16, 20], "uv_size": [0.5, 2.5]},
								"up": {"uv": [24, 14], "uv_size": [0.5, 0.5]},
								"down": {"uv": [15, 24.5], "uv_size": [0.5, -0.5]}
							}
						},
						{
							"origin": [0.89383, -2.52256, 2.10091],
							"size": [0.44401, 1.50659, 0.44591],
							"inflate": -0.0001,
							"pivot": [1.33773, -1.01607, 2.54672],
							"rotation": [-4.5, 0, 0],
							"uv": {
								"north": {"uv": [7, 18], "uv_size": [0.5, 2]},
								"east": {"uv": [14, 20], "uv_size": [0.5, 2]},
								"south": {"uv": [17, 20], "uv_size": [0.5, 2]},
								"west": {"uv": [21, 4], "uv_size": [0.5, 2]},
								"up": {"uv": [24, 15], "uv_size": [0.5, 0.5]},
								"down": {"uv": [16, 24.5], "uv_size": [0.5, -0.5]}
							}
						},
						{
							"origin": [0.89393, -1.01607, -1.61748],
							"size": [0.44381, 0.33443, 4.16421],
							"uv": {
								"north": {"uv": [24, 16], "uv_size": [0.5, 0.5]},
								"east": {"uv": [13, 18], "uv_size": [4, 0.5]},
								"south": {"uv": [17, 24], "uv_size": [0.5, 0.5]},
								"west": {"uv": [13, 19], "uv_size": [4, 0.5]},
								"up": {"uv": [2, 18], "uv_size": [0.5, 4]},
								"down": {"uv": [18, 14], "uv_size": [0.5, -4]}
							}
						},
						{
							"origin": [0.45432, -4.1358, 0.79203],
							"size": [0.88341, 0.2787, 0.39017],
							"uv": {
								"north": {"uv": [23, 12], "uv_size": [1, 0.5]},
								"east": {"uv": [24, 17], "uv_size": [0.5, 0.5]},
								"south": {"uv": [13, 23], "uv_size": [1, 0.5]},
								"west": {"uv": [18, 24], "uv_size": [0.5, 0.5]},
								"up": {"uv": [14, 23], "uv_size": [1, 0.5]},
								"down": {"uv": [23, 14.5], "uv_size": [1, -0.5]}
							}
						},
						{
							"origin": [0.45432, -4.02432, -0.09979],
							"size": [0.88341, 0.16722, 1.05904],
							"uv": {
								"north": {"uv": [15, 23], "uv_size": [1, 0.5]},
								"east": {"uv": [16, 23], "uv_size": [1, 0.5]},
								"south": {"uv": [23, 16], "uv_size": [1, 0.5]},
								"west": {"uv": [23, 18], "uv_size": [1, 0.5]},
								"up": {"uv": [21, 6], "uv_size": [1, 1]},
								"down": {"uv": [8, 22], "uv_size": [1, -1]}
							}
						},
						{
							"origin": [0.45432, -2.34373, 0.89238],
							"size": [0.88341, 0.11148, 0.32767],
							"pivot": [0.04329, -2.16385, -3.49863],
							"rotation": [-22.5, 0, 0],
							"uv": {
								"north": {"uv": [0, 18], "uv_size": [1, 0.5]},
								"east": {"uv": [18, 2], "uv_size": [0.5, 0.5]},
								"south": {"uv": [18, 0], "uv_size": [1, 0.5]},
								"west": {"uv": [3, 18], "uv_size": [0.5, 0.5]},
								"up": {"uv": [1, 18], "uv_size": [1, 0.5]},
								"down": {"uv": [18, 1.5], "uv_size": [1, -0.5]}
							}
						},
						{
							"origin": [0.45432, -4.05048, 1.1741],
							"size": [0.88341, 0.19847, 0.21409],
							"uv": {
								"north": {"uv": [23, 23], "uv_size": [1, 0.5]},
								"east": {"uv": [24, 19], "uv_size": [0.5, 0.5]},
								"south": {"uv": [0, 24], "uv_size": [1, 0.5]},
								"west": {"uv": [20, 24], "uv_size": [0.5, 0.5]},
								"up": {"uv": [24, 0], "uv_size": [1, 0.5]},
								"down": {"uv": [1, 24.5], "uv_size": [1, -0.5]}
							}
						},
						{
							"origin": [0.45432, -5.77697, 0.07126],
							"size": [0.88341, 0.16722, 0.22296],
							"pivot": [0.04329, -2.16385, -3.49863],
							"rotation": [22.5, 0, 0],
							"uv": {
								"north": {"uv": [24, 1], "uv_size": [1, 0.5]},
								"east": {"uv": [24, 20], "uv_size": [0.5, 0.5]},
								"south": {"uv": [3, 24], "uv_size": [1, 0.5]},
								"west": {"uv": [21, 24], "uv_size": [0.5, 0.5]},
								"up": {"uv": [24, 3], "uv_size": [1, 0.5]},
								"down": {"uv": [4, 24.5], "uv_size": [1, -0.5]}
							}
						},
						{
							"origin": [0.89182, -4.08006, 0.84777],
							"size": [0.50165, 0.11148, 0.11148],
							"pivot": [1.14264, -4.02432, 0.90351],
							"rotation": [45, 0, 0],
							"uv": {
								"north": {"uv": [24, 21], "uv_size": [0.5, 0.5]},
								"east": {"uv": [25, 5], "uv_size": [0.5, 0.5]},
								"south": {"uv": [6, 25], "uv_size": [0.5, 0.5]},
								"west": {"uv": [25, 6], "uv_size": [0.5, 0.5]},
								"up": {"uv": [7, 25], "uv_size": [0.5, 0.5]},
								"down": {"uv": [25, 7.5], "uv_size": [0.5, -0.5]}
							}
						},
						{
							"origin": [0.50165, -4.02432, 1.25188],
							"size": [0.89182, 0.11148, 0.11148],
							"pivot": [0.94756, -3.96858, 1.30762],
							"rotation": [45, 0, 0],
							"uv": {
								"north": {"uv": [24, 4], "uv_size": [1, 0.5]},
								"east": {"uv": [8, 25], "uv_size": [0.5, 0.5]},
								"south": {"uv": [5, 24], "uv_size": [1, 0.5]},
								"west": {"uv": [25, 8], "uv_size": [0.5, 0.5]},
								"up": {"uv": [24, 5], "uv_size": [1, 0.5]},
								"down": {"uv": [6, 24.5], "uv_size": [1, -0.5]}
							}
						}
					]
				},
				{
					"name": "ocular",
					"pivot": [0.125, 0.96875, -1.9375],
					"cubes": [
						{
							"origin": [-0.01797, -0.25, -1.9375],
							"size": [0.28594, 1.4375, 0],
							"pivot": [0.125, 0.46875, -1.9375],
							"rotation": [0, 0, -45],
							"uv": {
								"south": {"uv": [6, 4], "uv_size": [0.5, 1.5]}
							}
						},
						{
							"origin": [-0.01797, -0.25, -1.9375],
							"size": [0.28594, 1.4375, 0],
							"pivot": [0.125, 0.46875, -1.9375],
							"rotation": [0, 0, -22.5],
							"uv": {
								"south": {"uv": [5, 6], "uv_size": [0.5, 1.5]}
							}
						},
						{
							"origin": [-0.01797, -0.25, -1.9375],
							"size": [0.28594, 1.4375, 0],
							"uv": {
								"south": {"uv": [6, 6], "uv_size": [0.5, 1.5]}
							}
						},
						{
							"origin": [-0.01797, -0.25, -1.9375],
							"size": [0.28594, 1.4375, 0],
							"pivot": [0.125, 0.46875, -1.9375],
							"rotation": [0, 0, 22.5],
							"uv": {
								"south": {"uv": [0, 7], "uv_size": [0.5, 1.5]}
							}
						},
						{
							"origin": [-0.01797, -0.25, -1.9375],
							"size": [0.28594, 1.4375, 0],
							"pivot": [0.125, 0.46875, -1.9375],
							"rotation": [0, 0, 45],
							"uv": {
								"south": {"uv": [7, 1], "uv_size": [0.5, 1.5]}
							}
						},
						{
							"origin": [-0.59375, 0.32578, -1.9375],
							"size": [1.4375, 0.28594, 0],
							"pivot": [0.125, 0.46875, -1.9375],
							"rotation": [0, 0, -22.5],
							"uv": {
								"south": {"uv": [7, 3], "uv_size": [1.5, 0.5]}
							}
						},
						{
							"origin": [-0.59375, 0.32578, -1.9375],
							"size": [1.4375, 0.28594, 0],
							"uv": {
								"south": {"uv": [7, 4], "uv_size": [1.5, 0.5]}
							}
						},
						{
							"origin": [-0.59375, 0.32578, -1.9375],
							"size": [1.4375, 0.28594, 0],
							"pivot": [0.125, 0.46875, -1.9375],
							"rotation": [0, 0, 22.5],
							"uv": {
								"south": {"uv": [7, 5], "uv_size": [1.5, 0.5]}
							}
						}
					]
				},
				{
					"name": "scope_view",
					"pivot": [0.125, 0.4688, 7]
				},
				{
					"name": "division",
					"pivot": [0.125, 0.9688, -63]
				},
				{
					"name": "division_illuminated",
					"parent": "division",
					"pivot": [0.125, 0.9688, -71],
					"cubes": [
						{
							"origin": [0.475, 0.45, -29.0125],
							"size": [1, 0.1, 0.05],
							"uv": {
								"south": {"uv": [9, 9], "uv_size": [1, 0.5]}
							}
						},
						{
							"origin": [-1.225, 0.45, -29.0125],
							"size": [1, 0.1, 0.05],
							"uv": {
								"south": {"uv": [1, 10], "uv_size": [1, 0.5]}
							}
						},
						{
							"origin": [0.075, -0.225, -29.0125],
							"size": [0.1, 0.5, 0.05],
							"uv": {
								"south": {"uv": [2, 10], "uv_size": [0.5, 0.5]}
							}
						},
						{
							"origin": [0.075, 0.45, -29.0125],
							"size": [0.3, 0.1, 0.05],
							"pivot": [0.125, 0.5, -28.9875],
							"rotation": [0, 0, 45],
							"uv": {
								"south": {"uv": [10, 2], "uv_size": [0.5, 0.5]}
							}
						},
						{
							"origin": [-0.125, 0.45, -29.0125],
							"size": [0.2, 0.1, 0.05],
							"pivot": [0.125, 0.5, -28.9875],
							"rotation": [0, 0, -45],
							"uv": {
								"south": {"uv": [3, 10], "uv_size": [0.5, 0.5]}
							}
						}
					]
				}
			]
		}
	]
}