{
	"format_version": "1.12.0",
	"minecraft:geometry": [
		{
			"description": {
				"identifier": "geometry.unknown",
				"texture_width": 128,
				"texture_height": 128,
				"visible_bounds_width": 9,
				"visible_bounds_height": 1.5,
				"visible_bounds_offset": [0, 0.25, 0]
			},
			"bones": [
				{
					"name": "scope_view",
					"pivot": [-2, 0, 8.75],
					"rotation": [0, 0, -45]
				},
				{
					"name": "division",
					"pivot": [0, 0, 0]
				},
				{
					"name": "division_illuminated",
					"parent": "division",
					"pivot": [0.46125, -1.23882, -8.91952],
					"rotation": [-1.5, 1.5, 0],
					"cubes": [
						{
							"origin": [0.43, -1.27007, -77.97446],
							"size": [0.0625, 0.0625, 70.10987],
							"inflate": 0.001,
							"pivot": [0.46125, -1.23882, -8.91952],
							"rotation": [0, 0, 45],
							"uv": {
								"north": {"uv": [2, 2], "uv_size": [1, 1]},
								"east": {"uv": [0, 0], "uv_size": [70, 1]},
								"south": {"uv": [2, 3], "uv_size": [1, 1]},
								"west": {"uv": [0, 1], "uv_size": [70, 1]},
								"up": {"uv": [0, 2], "uv_size": [1, 70]},
								"down": {"uv": [1, 72], "uv_size": [1, -70]}
							}
						}
					]
				},
				{
					"name": "ocular",
					"pivot": [0, 0, 8],
					"cubes": [
						{
							"origin": [-3, -1, 5],
							"size": [2, 2, 2],
							"uv": {
								"north": {"uv": [0, 0], "uv_size": [2, 2]},
								"east": {"uv": [0, 0], "uv_size": [2, 2]},
								"south": {"uv": [0, 0], "uv_size": [2, 2]},
								"west": {"uv": [0, 0], "uv_size": [2, 2]},
								"up": {"uv": [2, 2], "uv_size": [-2, -2]},
								"down": {"uv": [2, 2], "uv_size": [-2, -2]}
							}
						}
					]
				}
			]
		}
	]
}