{
	"format_version": "1.8.0",
	"animations": {
		"static_idle": {
			"loop": true,
			"bones": {
				"lefthand": {
					"rotation": [97.5062, -33.53405, -140.06529],
					"position": [7.18, -11.78, -17.06],
					"scale": [1, 1.5, 1]
				},
				"righthand": {
					"rotation": [107.13921, 12.31529, -176.94329],
					"position": [-6.44, -12.7, -6.73],
					"scale": [1, 1.5, 1]
				}
			}
		},
		"static_bolt_caught": {
			"loop": true,
			"bones": {
				"lefthand": {
					"rotation": [97.5062, -33.53405, -140.06529],
					"position": [7.18, -11.78, -17.06],
					"scale": [1, 1.5, 1]
				},
				"righthand": {
					"rotation": [107.13921, 12.31529, -176.94329],
					"position": [-6.44, -12.7, -6.73],
					"scale": [1, 1.5, 1]
				},
				"bulletssasasdasdasd": {
					"scale": 0
				}
			}
		},
		"shoot": {
			"animation_length": 1.2333,
			"bones": {
				"root": {
					"rotation": {
						"0.0": {
							"post": [0, 0, 0],
							"lerp_mode": "catmullrom"
						},
						"0.0333": {
							"post": [1.24069, 0.15232, -6.99835],
							"lerp_mode": "catmullrom"
						},
						"0.0667": {
							"post": [-5.82024, 1.33042, 5.79388],
							"lerp_mode": "catmullrom"
						},
						"0.1333": {
							"post": [-6.38564, -0.61289, -1.91761],
							"lerp_mode": "catmullrom"
						},
						"0.2": {
							"post": [-6.0138, -0.64862, -3.1926],
							"lerp_mode": "catmullrom"
						},
						"0.3": {
							"post": [-3.22698, -0.95049, 1.89646],
							"lerp_mode": "catmullrom"
						},
						"0.4667": {
							"post": [-0.42425, 0.27786, 0.43549],
							"lerp_mode": "catmullrom"
						},
						"0.7": {
							"post": [0.23068, -0.21405, -0.46178],
							"lerp_mode": "catmullrom"
						},
						"0.9": {
							"post": [-0.09988, 0.076, 0.12379],
							"lerp_mode": "catmullrom"
						},
						"1.0667": {
							"post": [0.04509, 0.01634, -0.04605],
							"lerp_mode": "catmullrom"
						},
						"1.2333": {
							"post": [0, 0, 0],
							"lerp_mode": "catmullrom"
						}
					},
					"position": {
						"0.0": {
							"post": [0, 0, 0],
							"lerp_mode": "catmullrom"
						},
						"0.0333": {
							"post": [0, -0.75, 4.7],
							"lerp_mode": "catmullrom"
						},
						"0.0667": {
							"post": [0, 0.675, 5.205],
							"lerp_mode": "catmullrom"
						},
						"0.1667": {
							"post": [-0.125, 1.18, 2.775],
							"lerp_mode": "catmullrom"
						},
						"0.2333": {
							"post": [-0.11, 0.94, 0.66],
							"lerp_mode": "catmullrom"
						},
						"0.3": {
							"post": [-0.075, 0.51, -0.005],
							"lerp_mode": "catmullrom"
						},
						"0.4333": {
							"post": [0, -0.47, -0.485],
							"lerp_mode": "catmullrom"
						},
						"0.5667": {
							"post": [0, -0.78, -0.095],
							"lerp_mode": "catmullrom"
						},
						"0.7333": {
							"post": [0, -0.415, 0.06],
							"lerp_mode": "catmullrom"
						},
						"0.9": {
							"post": [0, -0.15, 0.1],
							"lerp_mode": "catmullrom"
						},
						"1.0667": {
							"post": [0.03125, -0.17, -0.03],
							"lerp_mode": "catmullrom"
						},
						"1.2333": {
							"post": [0, 0, 0],
							"lerp_mode": "catmullrom"
						}
					}
				},
				"m95_barrel": {
					"position": {
						"0.0": [0, 0, 0],
						"0.0667": [0, 0, 6],
						"0.1333": [0, 0, 0],
						"0.2": [0, 0, 0.55],
						"0.2667": [0, 0, 0]
					}
				},
				"constraint": {
					"rotation": {
						"0.0": [0.4, 0.1, 0.1],
						"0.5667": [0, 0, 0]
					},
					"position": {
						"0.0": [0.2, 0.3, 0.2],
						"0.5667": [0, 0, 0]
					}
				},
				"Muzzle": {
					"position": {
						"0.0": [0, 0, 0],
						"0.0333": [0, 0, 9],
						"0.2": [0, 0, 0]
					}
				},
				"bolt": {
					"position": {
						"0.0": [0, 0, 0],
						"0.0333": [0, 0, 9],
						"0.2": [0, 0, 9],
						"0.3333": [0, 0, 0]
					}
				},
				"camera": {
					"rotation": {
						"0.0": {
							"post": [0, 0, 0],
							"lerp_mode": "catmullrom"
						},
						"0.0333": {
							"post": [0, 0, 3.4],
							"lerp_mode": "catmullrom"
						},
						"0.0667": {
							"post": [0, 0, -2.875],
							"lerp_mode": "catmullrom"
						},
						"0.1": {
							"post": [0, 0, 2.445],
							"lerp_mode": "catmullrom"
						},
						"0.1667": {
							"post": [0, 0, -2.055],
							"lerp_mode": "catmullrom"
						},
						"0.2333": {
							"post": [0, 0, 1.37],
							"lerp_mode": "catmullrom"
						},
						"0.3": {
							"post": [0, 0, -0.85],
							"lerp_mode": "catmullrom"
						},
						"0.3667": {
							"post": [0, 0, 0.525],
							"lerp_mode": "catmullrom"
						},
						"0.4333": {
							"post": [0, 0, -0.125],
							"lerp_mode": "catmullrom"
						},
						"0.5333": {
							"post": [0, 0, 0],
							"lerp_mode": "catmullrom"
						}
					}
				},
				"Case": {
					"rotation": {
						"0.0": [0, 0, 0],
						"0.0333": [0, 0, 57.5],
						"0.1333": [0, 0, -7.5],
						"0.1667": [0, 0, 10],
						"0.2333": [0, 0, 0]
					}
				}
			}
		},
		"draw": {
			"animation_length": 1.3,
			"bones": {
				"root": {
					"rotation": {
						"0.0": [-106.51189, -22.48392, 9.41779],
						"0.2333": [-52.59389, -13.40941, -2.66565],
						"0.3333": [-35.13359, -5.12707, 0.31771],
						"0.4333": [-12.90997, -6.50028, -7.19254],
						"0.5": [-4.36769, -5.14555, 0.4584],
						"0.5333": [-3.78864, -5.08234, -2.86114],
						"0.6333": {
							"pre": [-0.94724, -3.20987, 0.9386],
							"post": [-0.94724, -3.20987, 0.9386],
							"lerp_mode": "catmullrom"
						},
						"0.8667": {
							"post": [-1.95, -0.44, -1.31],
							"lerp_mode": "catmullrom"
						},
						"0.9333": {
							"post": [-2.0016, 0.01741, -1.49817],
							"lerp_mode": "catmullrom"
						},
						"1.0333": {
							"post": [0.3296, -0.02576, 2.32998],
							"lerp_mode": "catmullrom"
						},
						"1.1333": {
							"post": [0, 0, 2],
							"lerp_mode": "catmullrom"
						},
						"1.3": {
							"post": [0, 0, 0],
							"lerp_mode": "catmullrom"
						}
					},
					"position": {
						"0.0": [-17, -31, 15],
						"0.2": [-6.05, -11.1, 4.67],
						"0.3333": {
							"pre": [-0.5, -2.7, 1.9],
							"post": [-0.5, -2.7, 1.9],
							"lerp_mode": "catmullrom"
						},
						"0.5": {
							"post": [0.01, -3.42, -0.41],
							"lerp_mode": "catmullrom"
						},
						"0.5333": {
							"post": [-0.04, -3.95, 0.36],
							"lerp_mode": "catmullrom"
						},
						"0.6333": {
							"post": [-0.02, -3.15, 1.76],
							"lerp_mode": "catmullrom"
						},
						"0.8667": {
							"post": [0, -1.01, -0.25],
							"lerp_mode": "catmullrom"
						},
						"0.9333": {
							"post": [0, -0.6, -0.5],
							"lerp_mode": "catmullrom"
						},
						"1.0333": {
							"post": [0, -0.08, 1.26],
							"lerp_mode": "catmullrom"
						},
						"1.1": {
							"post": [0, -0.19, 0.51],
							"lerp_mode": "catmullrom"
						},
						"1.2333": {
							"post": [0, 0, 0],
							"lerp_mode": "catmullrom"
						}
					}
				},
				"lefthand": {
					"rotation": {
						"0.0333": [45.22326, -171.45422, -103.14054],
						"0.3": {
							"pre": [97.5062, -33.53405, -140.06529],
							"post": [97.5062, -33.53405, -140.06529],
							"lerp_mode": "catmullrom"
						}
					},
					"position": {
						"0.0": [13.22, -21.925, 7.625],
						"0.3": {
							"pre": [7.18, -11.78, -17.06],
							"post": [7.18, -11.78, -17.06],
							"lerp_mode": "catmullrom"
						}
					},
					"scale": [1, 1.5, 1]
				},
				"gun_and_righthand": {
					"rotation": {
						"0.0": [0, 0, 0],
						"0.3": [0, 0, 0]
					},
					"position": {
						"0.0": [0, 0, 0],
						"0.3": [0, 0, 0]
					}
				},
				"righthand": {
					"rotation": [107.13921, 12.31529, -176.94329],
					"position": [-6.44, -12.7, -6.73],
					"scale": [1, 1.5, 1]
				},
				"camera": {
					"rotation": {
						"0.0": {
							"post": [0, 0, 0],
							"lerp_mode": "catmullrom"
						},
						"0.3": {
							"post": [-1.175, 0.325, -0.7],
							"lerp_mode": "catmullrom"
						},
						"0.5333": {
							"post": [0.88, -0.025, -0.925],
							"lerp_mode": "catmullrom"
						},
						"0.8333": {
							"post": [-0.245, 0.025, 0.175],
							"lerp_mode": "catmullrom"
						},
						"0.9333": {
							"post": [0.15, 0, -0.2],
							"lerp_mode": "catmullrom"
						},
						"1.0": {
							"post": [0.02, 0, -0.08],
							"lerp_mode": "catmullrom"
						},
						"1.0667": {
							"post": [-0.15, 0, 0.3],
							"lerp_mode": "catmullrom"
						},
						"1.1667": {
							"post": [-0.06, 0, -0.205],
							"lerp_mode": "catmullrom"
						},
						"1.2667": {
							"post": [0, 0, 0],
							"lerp_mode": "catmullrom"
						}
					}
				}
			},
			"sound_effects": {
				"0.0": {
					"effect": "tacz:m95/m95_raise_arm"
				},
				"0.3": {
					"effect": "tacz:m95/m95_raise_01"
				},
				"0.3333": {
					"effect": "tacz:m95/m95_raise_end"
				}
			}
		},
		"put_away": {
			"animation_length": 0.8667,
			"bones": {
				"root": {
					"rotation": {
						"0.0": {
							"post": [0, 0, 0],
							"lerp_mode": "catmullrom"
						},
						"0.1667": {
							"post": [-4.53, -1.25, -1.42],
							"lerp_mode": "catmullrom"
						},
						"0.3333": {
							"post": [-27.15, -7.52, -8.53],
							"lerp_mode": "catmullrom"
						},
						"0.4333": {
							"post": [-40.73045, -11.28181, -12.80042],
							"lerp_mode": "catmullrom"
						},
						"0.5333": {
							"post": [-51.25268, -7.98916, -16.98839],
							"lerp_mode": "catmullrom"
						},
						"0.6667": {
							"post": [-59.1046, 20.10068, 0.608],
							"lerp_mode": "catmullrom"
						},
						"0.7667": {
							"post": [-67.12, 33.68, 8.77],
							"lerp_mode": "catmullrom"
						},
						"0.8667": {
							"post": [-74.38, 35.33, 10.02],
							"lerp_mode": "catmullrom"
						}
					},
					"position": {
						"0.0": {
							"post": [0, 0, 0],
							"lerp_mode": "catmullrom"
						},
						"0.1667": {
							"post": [-0.38, -0.89, 0.09],
							"lerp_mode": "catmullrom"
						},
						"0.3333": {
							"post": [-1.325, -1.5, 0.28],
							"lerp_mode": "catmullrom"
						},
						"0.4333": {
							"post": [-1.95, -2.9, 1.95],
							"lerp_mode": "catmullrom"
						},
						"0.5333": {
							"post": [-2.2, -4.555, 4.37],
							"lerp_mode": "catmullrom"
						},
						"0.7": {
							"post": [-4.7, -8.48, 7.94],
							"lerp_mode": "catmullrom"
						},
						"0.8667": {
							"post": [-7.59, -13.82, 14.07],
							"lerp_mode": "catmullrom"
						}
					}
				},
				"lefthand": {
					"rotation": [97.5062, -33.53405, -140.06529],
					"position": [7.18, -11.78, -17.06],
					"scale": [1, 1.5, 1]
				},
				"righthand": {
					"rotation": {
						"0.0": [107.13921, 12.31529, -176.94329],
						"0.1": {
							"pre": [107.13921, 12.31529, -176.94329],
							"post": [101.2139, -323.71163, -174.99863]
						},
						"0.3": [99.92205, -324.96551, -168.50279],
						"0.5667": [101.48941, -375.72158, -1.01416],
						"0.6667": [134.2185, -345.09581, -33.36169],
						"0.8667": [131.93942, -347.49859, -38.54941]
					},
					"position": {
						"0.0": [-6.44, -12.7, -6.73],
						"0.1": [-6.4, -14.425, 2],
						"0.3": [-9.38656, -8.07425, 7.05538],
						"0.3667": [-4.83735, -3.87436, 7.75939],
						"0.4667": [-2.14866, -7.06411, 1.38744],
						"0.5667": [-2.36662, -9.54845, -4.43353],
						"0.6667": [-3.50353, -7.0548, -5.75069],
						"0.8667": [-3.34854, -8.15579, -8.65617]
					},
					"scale": [1, 1.5, 1]
				},
				"camera": {
					"rotation": {
						"0.0": {
							"post": [0, 0, 0],
							"lerp_mode": "catmullrom"
						},
						"0.1333": {
							"post": [-0.225, 0, -0.125],
							"lerp_mode": "catmullrom"
						},
						"0.3667": {
							"post": [0.725, 0, 0.175],
							"lerp_mode": "catmullrom"
						},
						"0.5": {
							"post": [1.125, 0, 1.575],
							"lerp_mode": "catmullrom"
						},
						"0.7333": {
							"post": [0.275, 0, 1.5],
							"lerp_mode": "catmullrom"
						},
						"0.8667": {
							"post": [0, 0, 0],
							"lerp_mode": "catmullrom"
						}
					}
				}
			},
			"sound_effects": {
				"0.0": {
					"effect": "tacz:m95/m95_put_away"
				}
			}
		},
		"reload_tactical": {
			"animation_length": 4.5,
			"bones": {
				"root": {
					"rotation": {
						"0.0": {
							"post": [0, 0, 0],
							"lerp_mode": "catmullrom"
						},
						"0.2": {
							"post": [-22.58669, -3.07441, 15.33405],
							"lerp_mode": "catmullrom"
						},
						"0.4": {
							"post": [-30.43858, 1.86212, 31.81402],
							"lerp_mode": "catmullrom"
						},
						"0.5667": {
							"post": [-33.05971, 5.16183, 39.67005],
							"lerp_mode": "catmullrom"
						},
						"0.6667": {
							"post": [-33.53098, 3.86184, 41.8581],
							"lerp_mode": "catmullrom"
						},
						"0.8667": {
							"post": [-34.29177, 2.97517, 41.93889],
							"lerp_mode": "catmullrom"
						},
						"1.0": {
							"post": [-33.99449, 1.80964, 38.54477],
							"lerp_mode": "catmullrom"
						},
						"1.1667": {
							"post": [-34.52821, 3.35571, 40.90752],
							"lerp_mode": "catmullrom"
						},
						"1.2667": [-33.70746, 2.98188, 39.9892],
						"1.3667": [-35.56928, -0.02315, 35.34261],
						"1.4667": [-34.28199, 2.99703, 40.07586],
						"1.5": [-32.97341, 5.29328, 44.51485],
						"1.6667": {
							"pre": [-33.10974, 1.50976, 37.92265],
							"post": [-33.10974, 1.50976, 37.92265],
							"lerp_mode": "catmullrom"
						},
						"1.8667": {
							"post": [-33.82274, 3.77808, 41.84919],
							"lerp_mode": "catmullrom"
						},
						"2.0333": [-36.61201, 6.92709, 45.45735],
						"2.3": {
							"pre": [-39.27183, 6.82856, 43.68822],
							"post": [-39.27183, 6.82856, 43.68822],
							"lerp_mode": "catmullrom"
						},
						"2.4667": {
							"post": [-39.53149, 8.31942, 47.48088],
							"lerp_mode": "catmullrom"
						},
						"2.5667": {
							"post": [-39.53025, 8.3138, 47.46774],
							"lerp_mode": "catmullrom"
						},
						"2.7667": {
							"post": [-40.19436, 9.98962, 48.96567],
							"lerp_mode": "catmullrom"
						},
						"2.8": {
							"post": [-39.16916, 7.3395, 44.59081],
							"lerp_mode": "catmullrom"
						},
						"2.8667": {
							"post": [-40.49827, 9.36274, 47.47311],
							"lerp_mode": "catmullrom"
						},
						"2.9667": {
							"post": [-39.82513, 6.2649, 44.60883],
							"lerp_mode": "catmullrom"
						},
						"3.0667": [-40.76065, 5.80425, 43.73373],
						"3.2667": [-37.66518, 5.67474, 36.22251],
						"3.4": [-29.32038, 3.42008, 13.4317],
						"3.5667": {
							"pre": [-10.59028, -1.92168, 0.36644],
							"post": [-10.59028, -1.92168, 0.36644],
							"lerp_mode": "catmullrom"
						},
						"3.7": [-4.44534, -0.51817, 4.83543],
						"3.8667": {
							"pre": [-0.94585, 0.78959, 0.87252],
							"post": [-0.94585, 0.78959, 0.87252],
							"lerp_mode": "catmullrom"
						},
						"4.0667": {
							"post": [2, 0.00105, -0.5],
							"lerp_mode": "catmullrom"
						},
						"4.1667": {
							"post": [0.20183, 0.07896, 1.68632],
							"lerp_mode": "catmullrom"
						},
						"4.3": {
							"post": [0.23051, 0.06375, 0.75603],
							"lerp_mode": "catmullrom"
						},
						"4.5": {
							"post": [0, 0, 0],
							"lerp_mode": "catmullrom"
						}
					},
					"position": {
						"0.0": {
							"post": [0, 0, 0],
							"lerp_mode": "catmullrom"
						},
						"0.1667": {
							"post": [2.54, 0.25, 0.135],
							"lerp_mode": "catmullrom"
						},
						"0.3667": {
							"post": [6.075, 3.675, 0.7075],
							"lerp_mode": "catmullrom"
						},
						"0.5": {
							"post": [7.805, 4.925, 1.3675],
							"lerp_mode": "catmullrom"
						},
						"0.6667": {
							"post": [7.775, 4.25, 1.6575],
							"lerp_mode": "catmullrom"
						},
						"0.8667": {
							"post": [7.775, 4, 1.3075],
							"lerp_mode": "catmullrom"
						},
						"0.9667": {
							"post": [7.785, 3.68, 1.245],
							"lerp_mode": "catmullrom"
						},
						"1.0667": {
							"post": [7.775, 3.625, 1.1075],
							"lerp_mode": "catmullrom"
						},
						"1.3667": [7.575, 4.15, 1.1075],
						"1.4667": [7.575, 3.7725, 1.1075],
						"1.5667": [7.475, 3.5225, 1.1075],
						"1.8": {
							"pre": [7.675, 3.7225, 1.1075],
							"post": [7.675, 3.7225, 1.1075],
							"lerp_mode": "catmullrom"
						},
						"1.9333": {
							"post": [8.14, 3.75, 1.12],
							"lerp_mode": "catmullrom"
						},
						"2.1667": {
							"post": [8.47, 4.5, 1.14],
							"lerp_mode": "catmullrom"
						},
						"2.3": {
							"post": [8.475, 4.8225, 1.1075],
							"lerp_mode": "catmullrom"
						},
						"2.5": {
							"post": [8.825, 4.9325, 0.7675],
							"lerp_mode": "catmullrom"
						},
						"2.6": {
							"post": [8.905, 4.9625, 0.7975],
							"lerp_mode": "catmullrom"
						},
						"2.7": {
							"post": [8.875, 4.8725, 1.1075],
							"lerp_mode": "catmullrom"
						},
						"2.8": {
							"post": [8.775, 4.8725, 1.1075],
							"lerp_mode": "catmullrom"
						},
						"2.8667": {
							"post": [8.775, 4.4725, 1.1075],
							"lerp_mode": "catmullrom"
						},
						"3.0": {
							"post": [8.855, 4.3725, 1.0675],
							"lerp_mode": "catmullrom"
						},
						"3.2": [7.275, 1.8225, 1.1075],
						"3.3667": [3.45, 0.205, 1.625],
						"3.5667": {
							"pre": [0.7, -0.8, 0.525],
							"post": [0.7, -0.8, 0.525],
							"lerp_mode": "catmullrom"
						},
						"3.7": {
							"post": [0.46, -1.55, -0.79],
							"lerp_mode": "catmullrom"
						},
						"3.8667": {
							"post": [0.28, -1.35, -2.04],
							"lerp_mode": "catmullrom"
						},
						"3.9667": {
							"post": [0.13, -1.14, -1.475],
							"lerp_mode": "catmullrom"
						},
						"4.0667": {
							"post": [0, -0.85, 0.225],
							"lerp_mode": "catmullrom"
						},
						"4.1667": {
							"post": [0, 0.04, 0.51],
							"lerp_mode": "catmullrom"
						},
						"4.2667": {
							"post": [0, -0.02, -0.18],
							"lerp_mode": "catmullrom"
						},
						"4.4": {
							"post": [0, 0, 0],
							"lerp_mode": "catmullrom"
						}
					}
				},
				"lefthand": {
					"rotation": [97.5062, -33.53405, -140.06529],
					"position": [7.18, -11.78, -17.06],
					"scale": [1, 1.5, 1]
				},
				"mag_and_bullet": {
					"rotation": {
						"0.9667": [0, 0, 0],
						"1.0": [-7.5, 0, 0],
						"1.3667": [-7.5, 0, 0],
						"1.4": [-4.5, 0, 0],
						"1.4667": {
							"pre": [-12.5, 0, 0],
							"post": [-12.5, 0, 0],
							"lerp_mode": "catmullrom"
						},
						"1.5667": {
							"post": [-23.64279, 2.01727, 32.33354],
							"lerp_mode": "catmullrom"
						},
						"1.6667": {
							"post": [-11.82538, 12.81448, 68.2243],
							"lerp_mode": "catmullrom"
						},
						"1.8": {
							"post": [-31.83, 12.81, 68.22],
							"lerp_mode": "catmullrom"
						},
						"2.2667": [-31.83, 12.81, 68.22],
						"2.4": {
							"pre": [-19.69755, 0.77037, 8.10029],
							"post": [-19.69755, 0.77037, 8.10029],
							"lerp_mode": "catmullrom"
						},
						"2.5": [-12.5, 0, 0],
						"2.5667": [-14.5, 0, 0],
						"2.6": [-17.5, 0, 0],
						"2.6667": {
							"pre": [-31.5, 0, 0],
							"post": [-31.5, 0, 0],
							"lerp_mode": "catmullrom"
						},
						"2.7667": {
							"post": [-31.5, 0, 0],
							"lerp_mode": "catmullrom"
						},
						"2.8": {
							"post": [0, 0, 0],
							"lerp_mode": "catmullrom"
						},
						"2.8667": {
							"post": [0, 0, 0],
							"lerp_mode": "catmullrom"
						},
						"2.9": {
							"post": [0, 0, 0],
							"lerp_mode": "catmullrom"
						}
					},
					"position": {
						"0.9667": [0, 0, 0],
						"1.0": [0, -1, 0],
						"1.3667": {
							"pre": [0, -1, 0],
							"post": [0, -1, 0],
							"lerp_mode": "catmullrom"
						},
						"1.4": {
							"post": [0, -1, 0],
							"lerp_mode": "catmullrom"
						},
						"1.4667": {
							"post": [0, -4, -0.8],
							"lerp_mode": "catmullrom"
						},
						"1.5667": {
							"post": [0.7, -9.4, -1.5],
							"lerp_mode": "catmullrom"
						},
						"1.6667": {
							"post": [1.34677, -16.15901, 6.92345],
							"lerp_mode": "catmullrom"
						},
						"1.8": {
							"post": [4.85794, -20.25763, 20.40391],
							"lerp_mode": "catmullrom"
						},
						"2.2667": [2.30454, -17.54701, 19.15628],
						"2.4": {
							"pre": [-0.5, -9.5, -0.9],
							"post": [-0.5, -9.5, -0.9],
							"lerp_mode": "catmullrom"
						},
						"2.5": [0, -4, -0.8],
						"2.5667": [0, -2.8, -0.85],
						"2.6": [0, -2.4, -1.025],
						"2.6667": {
							"pre": [0, -2.925, -1.85],
							"post": [0, -2.925, -1.85],
							"lerp_mode": "catmullrom"
						},
						"2.7667": {
							"post": [0, -2.5, -1.975],
							"lerp_mode": "catmullrom"
						},
						"2.8": {
							"post": [0, -0.2, 0],
							"lerp_mode": "catmullrom"
						},
						"2.8667": {
							"post": [0, -0.2, 0],
							"lerp_mode": "catmullrom"
						},
						"2.9": {
							"post": [0, 0, 0],
							"lerp_mode": "catmullrom"
						}
					}
				},
				"righthand": {
					"rotation": {
						"0.0": [107.13921, 12.31529, -176.94329],
						"0.4333": [107.13921, 12.31529, -176.94329],
						"0.6333": {
							"pre": [107.78085, 19.47077, -174.60506],
							"post": [107.78085, 19.47077, -174.60506],
							"lerp_mode": "catmullrom"
						},
						"0.8667": [107.13921, 12.31529, -176.94329],
						"1.2": {
							"pre": [107.13921, 12.31529, -176.94329],
							"post": [107.13921, 12.31529, -176.94329],
							"lerp_mode": "catmullrom"
						},
						"1.4": {
							"post": [107.14, 12.32, -176.94],
							"lerp_mode": "catmullrom"
						},
						"1.5": {
							"post": [90.1, 12.32, -176.94],
							"lerp_mode": "catmullrom"
						},
						"1.7": [49.64, 12.32, -176.94],
						"2.3667": [49.64, 12.32, -176.94],
						"2.5667": {
							"pre": [90.1, 12.32, -176.94],
							"post": [90.1, 12.32, -176.94],
							"lerp_mode": "catmullrom"
						},
						"2.6667": {
							"post": [107.14, 12.32, -176.94],
							"lerp_mode": "catmullrom"
						},
						"2.8667": {
							"post": [107.13921, 12.31529, -176.94329],
							"lerp_mode": "catmullrom"
						},
						"3.1333": [107.14, 12.32, -176.94],
						"3.5": [107.13921, 12.31529, -176.94329]
					},
					"position": {
						"0.0": [-6.44, -12.7, -6.73],
						"0.4333": [-6.44, -12.7, -6.73],
						"0.6667": {
							"pre": [-9.42, -13.76, -1.36],
							"post": [-9.42, -13.76, -1.36],
							"lerp_mode": "catmullrom"
						},
						"0.8667": [-6.4, -14.425, 2],
						"1.2": [-6.4, -14.425, 2],
						"1.4": [-6.4, -20.42, 2],
						"1.5": {
							"pre": [-6.4, -23.83, 2.59],
							"post": [-6.4, -23.83, 2.59],
							"lerp_mode": "catmullrom"
						},
						"1.7": [-6.4, -30.42, 10],
						"2.3667": [-6.4, -30.42, 10],
						"2.5667": {
							"pre": [-6.4, -23.83, 2.59],
							"post": [-6.4, -23.83, 2.59],
							"lerp_mode": "catmullrom"
						},
						"2.6667": [-6.4, -20.42, 2],
						"2.8667": [-6.4, -14.425, 2],
						"3.1333": [-6.4, -14.42, 2],
						"3.5": [-6.44, -12.7, -6.73]
					},
					"scale": [1, 1.5, 1]
				},
				"l2": {
					"rotation": {
						"0.4333": [0, 0, 0],
						"0.5667": [-3, 0, 0],
						"0.7": [0, 0, 0],
						"0.8333": [-2, 0, 0],
						"1.0": [-2, 0, 0],
						"1.1333": [0, 0, 0],
						"1.2667": [-2, 0, 0],
						"1.4": [-0.75, 0, 0],
						"1.5": [4.375, 0, 0],
						"1.6667": [-1.025, 0, 0],
						"1.8": [2.25, 0, 0],
						"1.9333": [1.25, 0, 0],
						"2.1333": [2.25, 0, 0],
						"2.3333": [0.25, 0, 0],
						"2.5": [1.25, 0, 0],
						"2.6667": [2.25, 0, 0],
						"2.7667": [2.25, 0, 0],
						"2.8": [6.75, 0, 0],
						"2.9333": [-2.2, 0, 0],
						"3.0667": [3.95, 0, 0],
						"3.2": [0, 0, 0],
						"3.3667": [1.75, 0, 0],
						"3.5": [0, 0, 0],
						"3.7333": [0, 0, 0],
						"3.8667": [-3, 0, 0],
						"4.0": [-2, 0, 0],
						"4.1333": [0, 0, 0],
						"4.3": [-1, 0, 0],
						"4.4333": [0, 0, 0]
					}
				},
				"l3": {
					"rotation": {
						"0.4333": [0, 0, 0],
						"0.5667": [-3, 0, 0],
						"0.7": [0, 0, 0],
						"0.8333": [-2, 0, 0],
						"1.0": [-2, 0, 0],
						"1.1333": [0, 0, 0],
						"1.2667": [-2, 0, 0],
						"1.4": [-0.75, 0, 0],
						"1.5": [4.375, 0, 0],
						"1.6667": [-1.025, 0, 0],
						"1.8": [2.25, 0, 0],
						"1.9333": [1.25, 0, 0],
						"2.1333": [2.25, 0, 0],
						"2.3333": [0.25, 0, 0],
						"2.5": [1.25, 0, 0],
						"2.6667": [2.25, 0, 0],
						"2.7667": [2.25, 0, 0],
						"2.8": [5.175, 0, 0],
						"2.9333": [-0.425, 0, 0],
						"3.0667": [3.95, 0, 0],
						"3.2": [0.6, 0, 0],
						"3.3667": [1.75, 0, 0],
						"3.5": [0, 0, 0],
						"3.7333": [0, 0, 0],
						"3.8667": [-3, 0, 0],
						"4.0": [-2, 0, 0],
						"4.1333": [0, 0, 0],
						"4.3": [-1, 0, 0],
						"4.4333": [0, 0, 0]
					}
				},
				"constraint": {
					"rotation": {
						"3.2667": [0.05, 0.05, 0.05],
						"4.0667": [0.1, 0.1, 0.1]
					},
					"position": {
						"3.2667": [0.05, 0.05, 0.05],
						"4.0667": [0.2, 0.2, 0.35]
					}
				},
				"magazine": {
					"rotation": {
						"1.2": [0, 0, 0],
						"1.4": [0, 0, 0],
						"1.5": {
							"pre": [10.37, 0, 0],
							"post": [10.37, 0, 0],
							"lerp_mode": "catmullrom"
						},
						"1.7": [35, 0, 0],
						"2.3667": [35, 0, 0],
						"2.5667": {
							"pre": [10.37, 0, 0],
							"post": [10.37, 0, 0],
							"lerp_mode": "catmullrom"
						},
						"2.6667": [0, 0, 0],
						"2.8667": [0, 0, 0]
					},
					"position": {
						"1.2": [0, 0, 0],
						"1.4": [0, -6, 0],
						"1.5": {
							"pre": [0, -10.3, 0],
							"post": [0, -10.3, 0],
							"lerp_mode": "catmullrom"
						},
						"1.7": [0, -19, 6],
						"2.3667": [0, -19, 6],
						"2.5667": {
							"pre": [0, -10.3, 0],
							"post": [0, -10.3, 0],
							"lerp_mode": "catmullrom"
						},
						"2.6667": [0, -6, 0],
						"2.8667": [0, 0, 0]
					}
				},
				"camera": {
					"rotation": {
						"0.0": {
							"post": [0, 0, 0],
							"lerp_mode": "catmullrom"
						},
						"0.2": {
							"post": [0.545, 0, 0],
							"lerp_mode": "catmullrom"
						},
						"0.4": {
							"post": [3.645, -0.28, 1.06],
							"lerp_mode": "catmullrom"
						},
						"0.5333": {
							"post": [4.235, -0.46, 1.73],
							"lerp_mode": "catmullrom"
						},
						"0.6333": {
							"post": [5.375, -0.525, 2.2],
							"lerp_mode": "catmullrom"
						},
						"0.8": {
							"post": [4.225, -0.57, 1.75],
							"lerp_mode": "catmullrom"
						},
						"0.9667": {
							"post": [4.62, -0.59, 1.9],
							"lerp_mode": "catmullrom"
						},
						"1.0667": {
							"post": [5.305, -0.61, 2.4],
							"lerp_mode": "catmullrom"
						},
						"1.2": {
							"post": [4.49, -0.63, 1.9],
							"lerp_mode": "catmullrom"
						},
						"1.4333": {
							"post": [4.855, -0.65, 1.9],
							"lerp_mode": "catmullrom"
						},
						"1.5": {
							"post": [6.265, -0.35, 2.9],
							"lerp_mode": "catmullrom"
						},
						"1.6": {
							"post": [4.715, 0.11, 1],
							"lerp_mode": "catmullrom"
						},
						"1.7333": {
							"post": [5.65, 0.295, 2.075],
							"lerp_mode": "catmullrom"
						},
						"1.9333": {
							"post": [5.305, 0.19, 1.375],
							"lerp_mode": "catmullrom"
						},
						"2.2667": {
							"post": [4.915, 0.26, 1.3],
							"lerp_mode": "catmullrom"
						},
						"2.6333": {
							"post": [6.93, -0.65, 1.525],
							"lerp_mode": "catmullrom"
						},
						"2.7333": {
							"post": [6.87, -0.74, 1.56],
							"lerp_mode": "catmullrom"
						},
						"2.8333": {
							"post": [8, -0.76, 3.045],
							"lerp_mode": "catmullrom"
						},
						"2.9333": {
							"post": [6.27, -0.81, 0.625],
							"lerp_mode": "catmullrom"
						},
						"3.0667": {
							"post": [6.97, -0.89, 1.985],
							"lerp_mode": "catmullrom"
						},
						"3.2": {
							"post": [5.445, -0.85, 1.525],
							"lerp_mode": "catmullrom"
						},
						"3.6667": {
							"post": [-0.195, 0.125, 0],
							"lerp_mode": "catmullrom"
						},
						"3.7667": {
							"post": [0.335, 0.16, 0.365],
							"lerp_mode": "catmullrom"
						},
						"3.8667": {
							"post": [0.58, 0.08, -0.235],
							"lerp_mode": "catmullrom"
						},
						"4.0": {
							"post": [0.17, 0, 0],
							"lerp_mode": "catmullrom"
						},
						"4.1": {
							"post": [0.56, -0.01, 1.225],
							"lerp_mode": "catmullrom"
						},
						"4.2": {
							"post": [-0.4, 0, -0.825],
							"lerp_mode": "catmullrom"
						},
						"4.3333": {
							"post": [0.075, 0, 0.325],
							"lerp_mode": "catmullrom"
						},
						"4.5": {
							"post": [0, 0, 0],
							"lerp_mode": "catmullrom"
						}
					}
				}
			},
			"sound_effects": {
				"0.0": {
					"effect": "tacz:m95/m95_reload_raise"
				},
				"0.8": {
					"effect": "tacz:m95/m95_reload_magrelease"
				},
				"1.0667": {
					"effect": "tacz:m95/m95_reload_magout"
				},
				"1.8": {
					"effect": "tacz:m95/m95_reload_arm"
				},
				"2.6": {
					"effect": "tacz:m95/m95_reload_magin"
				},
				"3.0": {
					"effect": "tacz:m95/m95_reload_rotate"
				},
				"3.4667": {
					"effect": "tacz:m95/m95_reload_end"
				}
			}
		},
		"reload_empty": {
			"animation_length": 4.5,
			"bones": {
				"root": {
					"rotation": {
						"0.0": {
							"post": [0, 0, 0],
							"lerp_mode": "catmullrom"
						},
						"0.2": {
							"post": [-22.58669, -3.07441, 15.33405],
							"lerp_mode": "catmullrom"
						},
						"0.4": {
							"post": [-30.43858, 1.86212, 31.81402],
							"lerp_mode": "catmullrom"
						},
						"0.5667": {
							"post": [-33.05971, 5.16183, 39.67005],
							"lerp_mode": "catmullrom"
						},
						"0.6667": {
							"post": [-33.53098, 3.86184, 41.8581],
							"lerp_mode": "catmullrom"
						},
						"0.8667": {
							"post": [-34.29177, 2.97517, 41.93889],
							"lerp_mode": "catmullrom"
						},
						"1.0": {
							"post": [-33.99449, 1.80964, 38.54477],
							"lerp_mode": "catmullrom"
						},
						"1.1667": {
							"post": [-34.52821, 3.35571, 40.90752],
							"lerp_mode": "catmullrom"
						},
						"1.2667": [-33.70746, 2.98188, 39.9892],
						"1.3667": [-35.56928, -0.02315, 35.34261],
						"1.4667": [-34.28199, 2.99703, 40.07586],
						"1.5": [-32.97341, 5.29328, 44.51485],
						"1.6667": {
							"pre": [-33.10974, 1.50976, 37.92265],
							"post": [-33.10974, 1.50976, 37.92265],
							"lerp_mode": "catmullrom"
						},
						"1.8667": {
							"post": [-33.82274, 3.77808, 41.84919],
							"lerp_mode": "catmullrom"
						},
						"2.0333": [-36.61201, 6.92709, 45.45735],
						"2.3": {
							"pre": [-39.27183, 6.82856, 43.68822],
							"post": [-39.27183, 6.82856, 43.68822],
							"lerp_mode": "catmullrom"
						},
						"2.4667": {
							"post": [-39.53149, 8.31942, 47.48088],
							"lerp_mode": "catmullrom"
						},
						"2.5667": {
							"post": [-39.53025, 8.3138, 47.46774],
							"lerp_mode": "catmullrom"
						},
						"2.7667": {
							"post": [-40.19436, 9.98962, 48.96567],
							"lerp_mode": "catmullrom"
						},
						"2.8": {
							"post": [-39.16916, 7.3395, 44.59081],
							"lerp_mode": "catmullrom"
						},
						"2.8667": {
							"post": [-40.49827, 9.36274, 47.47311],
							"lerp_mode": "catmullrom"
						},
						"2.9667": {
							"post": [-39.82513, 6.2649, 44.60883],
							"lerp_mode": "catmullrom"
						},
						"3.0667": [-40.76065, 5.80425, 43.73373],
						"3.2667": [-37.66518, 5.67474, 36.22251],
						"3.4": [-29.32038, 3.42008, 13.4317],
						"3.5667": {
							"pre": [-10.59028, -1.92168, 0.36644],
							"post": [-10.59028, -1.92168, 0.36644],
							"lerp_mode": "catmullrom"
						},
						"3.7": [-4.44534, -0.51817, 4.83543],
						"3.8667": {
							"pre": [-0.94585, 0.78959, 0.87252],
							"post": [-0.94585, 0.78959, 0.87252],
							"lerp_mode": "catmullrom"
						},
						"4.0667": {
							"post": [2, 0.00105, -0.5],
							"lerp_mode": "catmullrom"
						},
						"4.1667": {
							"post": [0.20183, 0.07896, 1.68632],
							"lerp_mode": "catmullrom"
						},
						"4.3": {
							"post": [0.23051, 0.06375, 0.75603],
							"lerp_mode": "catmullrom"
						},
						"4.5": {
							"post": [0, 0, 0],
							"lerp_mode": "catmullrom"
						}
					},
					"position": {
						"0.0": {
							"post": [0, 0, 0],
							"lerp_mode": "catmullrom"
						},
						"0.1667": {
							"post": [2.54, 0.25, 0.135],
							"lerp_mode": "catmullrom"
						},
						"0.3667": {
							"post": [6.075, 3.675, 0.7075],
							"lerp_mode": "catmullrom"
						},
						"0.5": {
							"post": [7.805, 4.925, 1.3675],
							"lerp_mode": "catmullrom"
						},
						"0.6667": {
							"post": [7.775, 4.25, 1.6575],
							"lerp_mode": "catmullrom"
						},
						"0.8667": {
							"post": [7.775, 4, 1.3075],
							"lerp_mode": "catmullrom"
						},
						"0.9667": {
							"post": [7.785, 3.68, 1.245],
							"lerp_mode": "catmullrom"
						},
						"1.0667": {
							"post": [7.775, 3.625, 1.1075],
							"lerp_mode": "catmullrom"
						},
						"1.3667": [7.575, 4.15, 1.1075],
						"1.4667": [7.575, 3.7725, 1.1075],
						"1.5667": [7.475, 3.5225, 1.1075],
						"1.8": {
							"pre": [7.675, 3.7225, 1.1075],
							"post": [7.675, 3.7225, 1.1075],
							"lerp_mode": "catmullrom"
						},
						"1.9333": {
							"post": [8.14, 3.75, 1.12],
							"lerp_mode": "catmullrom"
						},
						"2.1667": {
							"post": [8.47, 4.5, 1.14],
							"lerp_mode": "catmullrom"
						},
						"2.3": {
							"post": [8.475, 4.8225, 1.1075],
							"lerp_mode": "catmullrom"
						},
						"2.5": {
							"post": [8.825, 4.9325, 0.7675],
							"lerp_mode": "catmullrom"
						},
						"2.6": {
							"post": [8.905, 4.9625, 0.7975],
							"lerp_mode": "catmullrom"
						},
						"2.7": {
							"post": [8.875, 4.8725, 1.1075],
							"lerp_mode": "catmullrom"
						},
						"2.8": {
							"post": [8.775, 4.8725, 1.1075],
							"lerp_mode": "catmullrom"
						},
						"2.8667": {
							"post": [8.775, 4.4725, 1.1075],
							"lerp_mode": "catmullrom"
						},
						"3.0": {
							"post": [8.855, 4.3725, 1.0675],
							"lerp_mode": "catmullrom"
						},
						"3.2": [7.275, 1.8225, 1.1075],
						"3.3667": [3.45, 0.205, 1.625],
						"3.5667": {
							"pre": [0.7, -0.8, 0.525],
							"post": [0.7, -0.8, 0.525],
							"lerp_mode": "catmullrom"
						},
						"3.7": {
							"post": [0.46, -1.55, -0.79],
							"lerp_mode": "catmullrom"
						},
						"3.8667": {
							"post": [0.28, -1.35, -2.04],
							"lerp_mode": "catmullrom"
						},
						"3.9667": {
							"post": [0.13, -1.14, -1.475],
							"lerp_mode": "catmullrom"
						},
						"4.0667": {
							"post": [0, -0.85, 0.225],
							"lerp_mode": "catmullrom"
						},
						"4.1667": {
							"post": [0, 0.04, 0.51],
							"lerp_mode": "catmullrom"
						},
						"4.2667": {
							"post": [0, -0.02, -0.18],
							"lerp_mode": "catmullrom"
						},
						"4.4": {
							"post": [0, 0, 0],
							"lerp_mode": "catmullrom"
						}
					}
				},
				"lefthand": {
					"rotation": [97.5062, -33.53405, -140.06529],
					"position": [7.18, -11.78, -17.06],
					"scale": [1, 1.5, 1]
				},
				"mag_and_bullet": {
					"rotation": {
						"0.9667": [0, 0, 0],
						"1.0": [-7.5, 0, 0],
						"1.3667": [-7.5, 0, 0],
						"1.4": [-4.5, 0, 0],
						"1.4667": {
							"pre": [-12.5, 0, 0],
							"post": [-12.5, 0, 0],
							"lerp_mode": "catmullrom"
						},
						"1.5667": {
							"post": [-23.64279, 2.01727, 32.33354],
							"lerp_mode": "catmullrom"
						},
						"1.6667": {
							"post": [-11.82538, 12.81448, 68.2243],
							"lerp_mode": "catmullrom"
						},
						"1.8": {
							"post": [-31.83, 12.81, 68.22],
							"lerp_mode": "catmullrom"
						},
						"2.2667": [-31.83, 12.81, 68.22],
						"2.4": {
							"pre": [-19.69755, 0.77037, 8.10029],
							"post": [-19.69755, 0.77037, 8.10029],
							"lerp_mode": "catmullrom"
						},
						"2.5": [-12.5, 0, 0],
						"2.5667": [-14.5, 0, 0],
						"2.6": [-17.5, 0, 0],
						"2.6667": {
							"pre": [-31.5, 0, 0],
							"post": [-31.5, 0, 0],
							"lerp_mode": "catmullrom"
						},
						"2.7667": {
							"post": [-31.5, 0, 0],
							"lerp_mode": "catmullrom"
						},
						"2.8": {
							"post": [0, 0, 0],
							"lerp_mode": "catmullrom"
						},
						"2.8667": {
							"post": [0, 0, 0],
							"lerp_mode": "catmullrom"
						},
						"2.9": {
							"post": [0, 0, 0],
							"lerp_mode": "catmullrom"
						}
					},
					"position": {
						"0.9667": [0, 0, 0],
						"1.0": [0, -1, 0],
						"1.3667": {
							"pre": [0, -1, 0],
							"post": [0, -1, 0],
							"lerp_mode": "catmullrom"
						},
						"1.4": {
							"post": [0, -1, 0],
							"lerp_mode": "catmullrom"
						},
						"1.4667": {
							"post": [0, -4, -0.8],
							"lerp_mode": "catmullrom"
						},
						"1.5667": {
							"post": [0.7, -9.4, -1.5],
							"lerp_mode": "catmullrom"
						},
						"1.6667": {
							"post": [1.34677, -16.15901, 6.92345],
							"lerp_mode": "catmullrom"
						},
						"1.8": {
							"post": [4.85794, -20.25763, 20.40391],
							"lerp_mode": "catmullrom"
						},
						"2.2667": [2.30454, -17.54701, 19.15628],
						"2.4": {
							"pre": [-0.5, -9.5, -0.9],
							"post": [-0.5, -9.5, -0.9],
							"lerp_mode": "catmullrom"
						},
						"2.5": [0, -4, -0.8],
						"2.5667": [0, -2.8, -0.85],
						"2.6": [0, -2.4, -1.025],
						"2.6667": {
							"pre": [0, -2.925, -1.85],
							"post": [0, -2.925, -1.85],
							"lerp_mode": "catmullrom"
						},
						"2.7667": {
							"post": [0, -2.5, -1.975],
							"lerp_mode": "catmullrom"
						},
						"2.8": {
							"post": [0, -0.2, 0],
							"lerp_mode": "catmullrom"
						},
						"2.8667": {
							"post": [0, -0.2, 0],
							"lerp_mode": "catmullrom"
						},
						"2.9": {
							"post": [0, 0, 0],
							"lerp_mode": "catmullrom"
						}
					}
				},
				"righthand": {
					"rotation": {
						"0.0": [107.13921, 12.31529, -176.94329],
						"0.4333": [107.13921, 12.31529, -176.94329],
						"0.6333": {
							"pre": [107.78085, 19.47077, -174.60506],
							"post": [107.78085, 19.47077, -174.60506],
							"lerp_mode": "catmullrom"
						},
						"0.8667": [107.13921, 12.31529, -176.94329],
						"1.2": {
							"pre": [107.13921, 12.31529, -176.94329],
							"post": [107.13921, 12.31529, -176.94329],
							"lerp_mode": "catmullrom"
						},
						"1.4": {
							"post": [107.14, 12.32, -176.94],
							"lerp_mode": "catmullrom"
						},
						"1.5": {
							"post": [90.1, 12.32, -176.94],
							"lerp_mode": "catmullrom"
						},
						"1.7": [49.64, 12.32, -176.94],
						"2.3667": [49.64, 12.32, -176.94],
						"2.5667": {
							"pre": [90.1, 12.32, -176.94],
							"post": [90.1, 12.32, -176.94],
							"lerp_mode": "catmullrom"
						},
						"2.6667": {
							"post": [107.14, 12.32, -176.94],
							"lerp_mode": "catmullrom"
						},
						"2.8667": {
							"post": [107.13921, 12.31529, -176.94329],
							"lerp_mode": "catmullrom"
						},
						"3.0": [107.14, 12.32, -176.94],
						"3.2667": {
							"pre": [127.14, 12.32, -176.94],
							"post": [127.14, 12.32, -176.94],
							"lerp_mode": "catmullrom"
						},
						"3.7": {
							"post": [147.14, 12.32, -176.94],
							"lerp_mode": "catmullrom"
						},
						"4.0333": [107.13921, 12.31529, -176.94329]
					},
					"position": {
						"0.0": [-6.44, -12.7, -6.73],
						"0.4333": [-6.44, -12.7, -6.73],
						"0.6667": {
							"pre": [-9.42, -13.76, -1.36],
							"post": [-9.42, -13.76, -1.36],
							"lerp_mode": "catmullrom"
						},
						"0.8667": [-6.4, -14.425, 2],
						"1.2": [-6.4, -14.425, 2],
						"1.4": [-6.4, -20.42, 2],
						"1.5": {
							"pre": [-6.4, -23.83, 2.59],
							"post": [-6.4, -23.83, 2.59],
							"lerp_mode": "catmullrom"
						},
						"1.7": [-6.4, -30.42, 10],
						"2.3667": [-6.4, -30.42, 10],
						"2.5667": {
							"pre": [-6.4, -23.83, 2.59],
							"post": [-6.4, -23.83, 2.59],
							"lerp_mode": "catmullrom"
						},
						"2.6667": [-6.4, -20.42, 2],
						"2.8667": [-6.4, -14.425, 2],
						"3.0": {
							"pre": [-6.4, -14.42, 2],
							"post": [-6.4, -14.42, 2],
							"lerp_mode": "catmullrom"
						},
						"3.1333": {
							"post": [-9.21, -12.2, -0.33],
							"lerp_mode": "catmullrom"
						},
						"3.2667": {
							"post": [-9.9, -9.42, -3.25],
							"lerp_mode": "catmullrom"
						},
						"3.4": {
							"post": [-9.9, -9.42, -3.25],
							"lerp_mode": "catmullrom"
						},
						"3.7": {
							"post": [-9.9, -9.42, 7.75],
							"lerp_mode": "catmullrom"
						},
						"3.8667": {
							"post": [-10.17, -13.06, 1.2],
							"lerp_mode": "catmullrom"
						},
						"4.0333": [-6.44, -12.7, -6.73]
					},
					"scale": [1, 1.5, 1]
				},
				"l2": {
					"rotation": {
						"0.4333": [0, 0, 0],
						"0.5667": [-3, 0, 0],
						"0.7": [0, 0, 0],
						"0.8333": [-2, 0, 0],
						"1.0": [-2, 0, 0],
						"1.1333": [0, 0, 0],
						"1.2667": [-2, 0, 0],
						"1.4": [-0.75, 0, 0],
						"1.5": [4.375, 0, 0],
						"1.6667": [-1.025, 0, 0],
						"1.8": [2.25, 0, 0],
						"1.9333": [1.25, 0, 0],
						"2.1333": [2.25, 0, 0],
						"2.3333": [0.25, 0, 0],
						"2.5": [1.25, 0, 0],
						"2.6667": [2.25, 0, 0],
						"2.7667": [2.25, 0, 0],
						"2.8": [6.75, 0, 0],
						"2.9333": [-2.2, 0, 0],
						"3.0667": [3.95, 0, 0],
						"3.2": [0, 0, 0],
						"3.3667": [1.75, 0, 0],
						"3.5": [0, 0, 0],
						"3.7333": [0, 0, 0],
						"3.8667": [-3, 0, 0],
						"4.0": [-2, 0, 0],
						"4.1333": [0, 0, 0],
						"4.3": [-1, 0, 0],
						"4.4333": [0, 0, 0]
					}
				},
				"l3": {
					"rotation": {
						"0.4333": [0, 0, 0],
						"0.5667": [-3, 0, 0],
						"0.7": [0, 0, 0],
						"0.8333": [-2, 0, 0],
						"1.0": [-2, 0, 0],
						"1.1333": [0, 0, 0],
						"1.2667": [-2, 0, 0],
						"1.4": [-0.75, 0, 0],
						"1.5": [4.375, 0, 0],
						"1.6667": [-1.025, 0, 0],
						"1.8": [2.25, 0, 0],
						"1.9333": [1.25, 0, 0],
						"2.1333": [2.25, 0, 0],
						"2.3333": [0.25, 0, 0],
						"2.5": [1.25, 0, 0],
						"2.6667": [2.25, 0, 0],
						"2.7667": [2.25, 0, 0],
						"2.8": [5.175, 0, 0],
						"2.9333": [-0.425, 0, 0],
						"3.0667": [3.95, 0, 0],
						"3.2": [0.6, 0, 0],
						"3.3667": [1.75, 0, 0],
						"3.5": [0, 0, 0],
						"3.7333": [0, 0, 0],
						"3.8667": [-3, 0, 0],
						"4.0": [-2, 0, 0],
						"4.1333": [0, 0, 0],
						"4.3": [-1, 0, 0],
						"4.4333": [0, 0, 0]
					}
				},
				"constraint": {
					"rotation": {
						"3.2667": [0.05, 0.05, 0.05],
						"4.0667": [0.1, 0.1, 0.1]
					},
					"position": {
						"3.2667": [0.05, 0.05, 0.05],
						"4.0667": [0.2, 0.2, 0.35]
					}
				},
				"magazine": {
					"rotation": {
						"1.2": [0, 0, 0],
						"1.4": [0, 0, 0],
						"1.5": {
							"pre": [10.37, 0, 0],
							"post": [10.37, 0, 0],
							"lerp_mode": "catmullrom"
						},
						"1.7": [35, 0, 0],
						"2.3667": [35, 0, 0],
						"2.5667": {
							"pre": [10.37, 0, 0],
							"post": [10.37, 0, 0],
							"lerp_mode": "catmullrom"
						},
						"2.6667": [0, 0, 0],
						"2.8667": [0, 0, 0]
					},
					"position": {
						"1.2": [0, 0, 0],
						"1.4": [0, -6, 0],
						"1.5": {
							"pre": [0, -10.3, 0],
							"post": [0, -10.3, 0],
							"lerp_mode": "catmullrom"
						},
						"1.7": [0, -19, 6],
						"2.3667": [0, -19, 6],
						"2.5667": {
							"pre": [0, -10.3, 0],
							"post": [0, -10.3, 0],
							"lerp_mode": "catmullrom"
						},
						"2.6667": [0, -6, 0],
						"2.8667": [0, 0, 0]
					}
				},
				"bolt": {
					"position": {
						"3.4": {
							"pre": [0, 0, 0],
							"post": [0, 0, 0],
							"lerp_mode": "catmullrom"
						},
						"3.7": {
							"post": [0, 0, 9],
							"lerp_mode": "catmullrom"
						},
						"3.9": {
							"post": [0, 0, 9],
							"lerp_mode": "catmullrom"
						},
						"4.1333": {
							"post": [0, 0, 0],
							"lerp_mode": "catmullrom"
						}
					}
				},
				"bone13": {
					"rotation": {
						"3.4": {
							"pre": [0, 0, 0],
							"post": [0, 0, 0],
							"lerp_mode": "catmullrom"
						},
						"3.5333": {
							"post": [0, 75, 0],
							"lerp_mode": "catmullrom"
						},
						"3.7": [0, 75, 0],
						"3.9": [0, 0, 0]
					}
				},
				"camera": {
					"rotation": {
						"0.0": {
							"post": [0, 0, 0],
							"lerp_mode": "catmullrom"
						},
						"0.2": {
							"post": [0.545, 0, 0],
							"lerp_mode": "catmullrom"
						},
						"0.4": {
							"post": [3.645, -0.28, 1.06],
							"lerp_mode": "catmullrom"
						},
						"0.5333": {
							"post": [4.235, -0.46, 1.73],
							"lerp_mode": "catmullrom"
						},
						"0.6333": {
							"post": [5.375, -0.525, 2.2],
							"lerp_mode": "catmullrom"
						},
						"0.8": {
							"post": [4.225, -0.57, 1.75],
							"lerp_mode": "catmullrom"
						},
						"0.9667": {
							"post": [4.62, -0.59, 1.9],
							"lerp_mode": "catmullrom"
						},
						"1.0667": {
							"post": [5.305, -0.61, 2.4],
							"lerp_mode": "catmullrom"
						},
						"1.2": {
							"post": [4.49, -0.63, 1.9],
							"lerp_mode": "catmullrom"
						},
						"1.4333": {
							"post": [4.855, -0.65, 1.9],
							"lerp_mode": "catmullrom"
						},
						"1.5": {
							"post": [6.265, -0.35, 2.9],
							"lerp_mode": "catmullrom"
						},
						"1.6": {
							"post": [4.715, 0.11, 1],
							"lerp_mode": "catmullrom"
						},
						"1.7333": {
							"post": [5.65, 0.295, 2.075],
							"lerp_mode": "catmullrom"
						},
						"1.9333": {
							"post": [5.305, 0.19, 1.375],
							"lerp_mode": "catmullrom"
						},
						"2.2667": {
							"post": [4.915, 0.26, 1.3],
							"lerp_mode": "catmullrom"
						},
						"2.6333": {
							"post": [6.93, -0.65, 1.525],
							"lerp_mode": "catmullrom"
						},
						"2.7333": {
							"post": [6.87, -0.74, 1.56],
							"lerp_mode": "catmullrom"
						},
						"2.8333": {
							"post": [8, -0.76, 3.045],
							"lerp_mode": "catmullrom"
						},
						"2.9333": {
							"post": [6.27, -0.81, 0.625],
							"lerp_mode": "catmullrom"
						},
						"3.0667": {
							"post": [6.97, -0.89, 1.985],
							"lerp_mode": "catmullrom"
						},
						"3.2": {
							"post": [5.445, -0.85, 1.525],
							"lerp_mode": "catmullrom"
						},
						"3.6667": {
							"post": [-0.195, 0.125, 0],
							"lerp_mode": "catmullrom"
						},
						"3.7667": {
							"post": [0.335, 0.16, 0.365],
							"lerp_mode": "catmullrom"
						},
						"3.8667": {
							"post": [0.58, 0.08, -0.235],
							"lerp_mode": "catmullrom"
						},
						"4.0": {
							"post": [0.17, 0, 0],
							"lerp_mode": "catmullrom"
						},
						"4.1": {
							"post": [0.56, -0.01, 1.225],
							"lerp_mode": "catmullrom"
						},
						"4.2": {
							"post": [-0.4, 0, -0.825],
							"lerp_mode": "catmullrom"
						},
						"4.3333": {
							"post": [0.075, 0, 0.325],
							"lerp_mode": "catmullrom"
						},
						"4.5": {
							"post": [0, 0, 0],
							"lerp_mode": "catmullrom"
						}
					}
				},
				"bulletssasasdasdasd": {
					"scale": {
						"0.0": [0, 0, 0],
						"2.3333": [0, 0, 0],
						"2.3667": [1, 1, 1]
					}
				},
				"Case": {
					"rotation": {
						"0.0": [0, 0, 0],
						"3.4": [0, 0, 0],
						"3.7": [0, 0, -15],
						"3.8333": [0, 0, 0],
						"3.9": [0, 0, 7.5],
						"4.0": [0, 0, 7.5],
						"4.1": [0, 0, 0],
						"4.1333": [0, 0, 27.5],
						"4.2667": [0, 0, -7.5],
						"4.4333": [0, 0, 0]
					}
				},
				"Muzzle": {
					"position": {
						"3.4": [0, 0, 0],
						"3.7": [0, 0, 9],
						"3.8667": [0, 0, 0]
					}
				}
			},
			"sound_effects": {
				"0.0": {
					"effect": "tacz:m95/m95_reload_raise"
				},
				"0.8": {
					"effect": "tacz:m95/m95_reload_magrelease"
				},
				"1.0667": {
					"effect": "tacz:m95/m95_reload_magout"
				},
				"1.8": {
					"effect": "tacz:m95/m95_reload_arm"
				},
				"2.6": {
					"effect": "tacz:m95/m95_reload_magin"
				},
				"3.0": {
					"effect": "tacz:m95/m95_reload_rotate"
				},
				"3.4667": {
					"effect": "tacz:m95/m95_reload_end"
				}
			}
		},
		"inspect": {
			"animation_length": 6.1333,
			"bones": {
				"root": {
					"rotation": {
						"0.0": {
							"post": [0, 0, 0],
							"lerp_mode": "catmullrom"
						},
						"0.1667": {
							"post": [-1.38509, -1.24434, 4.29497],
							"lerp_mode": "catmullrom"
						},
						"0.2667": {
							"post": [-1.39, -1.24, 4.29],
							"lerp_mode": "catmullrom"
						},
						"0.4": {
							"post": [-3.91, -4.41, -2.02],
							"lerp_mode": "catmullrom"
						},
						"0.6667": {
							"post": [-10.80252, -12.68944, -19.80615],
							"lerp_mode": "catmullrom"
						},
						"0.8667": {
							"post": [-11.67934, -12.73253, -20.88586],
							"lerp_mode": "catmullrom"
						},
						"1.0": {
							"post": [-10.42561, -13.0448, -21.82949],
							"lerp_mode": "catmullrom"
						},
						"1.2": {
							"post": [-10.56428, -12.85979, -20.82188],
							"lerp_mode": "catmullrom"
						},
						"1.8667": {
							"post": [-10.39, -12.99, -21.57],
							"lerp_mode": "catmullrom"
						},
						"2.0333": {
							"post": [-10.9146, -13.35759, -23.13092],
							"lerp_mode": "catmullrom"
						},
						"2.3": {
							"post": [-10.25634, -13.50926, -24.0715],
							"lerp_mode": "catmullrom"
						},
						"2.6667": {
							"post": [-10.31, -13.4275, -24.0075],
							"lerp_mode": "catmullrom"
						},
						"2.7667": {
							"post": [-10.01823, -12.01652, -22.39677],
							"lerp_mode": "catmullrom"
						},
						"3.0": {
							"post": [-6.0733, -2.55567, -8.68449],
							"lerp_mode": "catmullrom"
						},
						"3.1667": {
							"post": [-3.30816, -6.55161, -3.15758],
							"lerp_mode": "catmullrom"
						},
						"3.3": {
							"post": [-11.99539, -6.2465, 14.78107],
							"lerp_mode": "catmullrom"
						},
						"3.4": {
							"post": [-24.07317, -0.97391, 28.22222],
							"lerp_mode": "catmullrom"
						},
						"3.6": {
							"post": [-32.28365, 5.59754, 44.62545],
							"lerp_mode": "catmullrom"
						},
						"3.7": {
							"post": [-32.44664, 5.36815, 46.1821],
							"lerp_mode": "catmullrom"
						},
						"3.7667": {
							"post": [-31.38661, 6.16105, 47.33802],
							"lerp_mode": "catmullrom"
						},
						"3.9": {
							"post": [-31.60382, 7.93459, 52.29084],
							"lerp_mode": "catmullrom"
						},
						"4.7333": {
							"post": [-32.7588, 8.96748, 49.78305],
							"lerp_mode": "catmullrom"
						},
						"4.9333": {
							"post": [-21.80021, -1.92924, 39.7835],
							"lerp_mode": "catmullrom"
						},
						"5.0667": {
							"post": [-11.32385, -8.47574, 19.6574],
							"lerp_mode": "catmullrom"
						},
						"5.1667": {
							"post": [-3.97708, -7.46886, 2.34726],
							"lerp_mode": "catmullrom"
						},
						"5.2333": {
							"post": [-2.77467, -6.47288, 5.91111],
							"lerp_mode": "catmullrom"
						},
						"5.3": {
							"post": [-1.20016, -5.6579, 3.74312],
							"lerp_mode": "catmullrom"
						},
						"5.4333": {
							"post": [1.76605, -3.2563, 4.9369],
							"lerp_mode": "catmullrom"
						},
						"5.5": {
							"post": [1.78811, -2.65564, 4.66491],
							"lerp_mode": "catmullrom"
						},
						"5.6": {
							"post": [0.8, -0.92, 3.05],
							"lerp_mode": "catmullrom"
						},
						"5.6667": {
							"post": [-0.30298, 0.34027, -1.56498],
							"lerp_mode": "catmullrom"
						},
						"5.8": {
							"post": [0.2321, 0.0577, 2.25602],
							"lerp_mode": "catmullrom"
						},
						"6.0": {
							"post": [0, 0, 0],
							"lerp_mode": "catmullrom"
						}
					},
					"position": {
						"0.0": {
							"post": [0, 0, 0],
							"lerp_mode": "catmullrom"
						},
						"0.1667": {
							"post": [-0.2, -0.31, 0],
							"lerp_mode": "catmullrom"
						},
						"0.3": {
							"post": [-0.2, -0.81, 0],
							"lerp_mode": "catmullrom"
						},
						"0.4": {
							"post": [-0.18, -0.4, 0],
							"lerp_mode": "catmullrom"
						},
						"0.5": {
							"post": [-0.14, 0.42, 0],
							"lerp_mode": "catmullrom"
						},
						"0.6667": {
							"post": [0, 2.8, 0],
							"lerp_mode": "catmullrom"
						},
						"0.7667": {
							"post": [0, 3.3, 0],
							"lerp_mode": "catmullrom"
						},
						"0.9667": {
							"post": [0, 3, 0],
							"lerp_mode": "catmullrom"
						},
						"1.2667": {
							"post": [0, 3.1, 0],
							"lerp_mode": "catmullrom"
						},
						"1.8667": {
							"post": [0, 3.17, 0],
							"lerp_mode": "catmullrom"
						},
						"2.0": {
							"post": [-0.1, 3.37, 0],
							"lerp_mode": "catmullrom"
						},
						"2.6": {
							"post": [-0.14, 3.53, -0.02],
							"lerp_mode": "catmullrom"
						},
						"2.7667": {
							"post": [-0.1, 3.345, 0],
							"lerp_mode": "catmullrom"
						},
						"2.8667": {
							"post": [0.4, 2.38, 0.23],
							"lerp_mode": "catmullrom"
						},
						"3.0": {
							"post": [1.875, -0.58, -0.855],
							"lerp_mode": "catmullrom"
						},
						"3.1667": {
							"post": [3.25, -1.13, -1.83],
							"lerp_mode": "catmullrom"
						},
						"3.4": {
							"post": [5.905, 3.385, -3.895],
							"lerp_mode": "catmullrom"
						},
						"3.5": {
							"post": [7.58, 4.975, -5.215],
							"lerp_mode": "catmullrom"
						},
						"3.6": {
							"post": [8.74, 4.71, -5.795],
							"lerp_mode": "catmullrom"
						},
						"3.7": {
							"post": [8.8, 3.5, -6.125],
							"lerp_mode": "catmullrom"
						},
						"3.8333": {
							"post": [8.8, 3.4, -6.4],
							"lerp_mode": "catmullrom"
						},
						"4.6667": {
							"post": [8.55, 3.55, -6.65],
							"lerp_mode": "catmullrom"
						},
						"4.8": {
							"post": [7.93, 2.62, -6.015],
							"lerp_mode": "catmullrom"
						},
						"4.9667": {
							"post": [5.525, -1.04, -4.065],
							"lerp_mode": "catmullrom"
						},
						"5.1": {
							"post": [3.235, -5.1, -4.215],
							"lerp_mode": "catmullrom"
						},
						"5.2667": {
							"post": [2.36, -4.48, -4.4],
							"lerp_mode": "catmullrom"
						},
						"5.4333": {
							"post": [1.305, -1.125, -4.24],
							"lerp_mode": "catmullrom"
						},
						"5.5667": {
							"post": [0.79, 0.215, -2.5],
							"lerp_mode": "catmullrom"
						},
						"5.7333": {
							"post": [0.125, -0.575, 0.275],
							"lerp_mode": "catmullrom"
						},
						"5.8333": {
							"post": [0, -0.32875, -0.44],
							"lerp_mode": "catmullrom"
						},
						"5.9667": {
							"post": [0, -0.02, 0.17],
							"lerp_mode": "catmullrom"
						},
						"6.1333": {
							"post": [0, 0, 0],
							"lerp_mode": "catmullrom"
						}
					}
				},
				"lefthand": {
					"rotation": {
						"0.0": {
							"post": [97.5062, -33.53405, -140.06529],
							"lerp_mode": "catmullrom"
						},
						"0.1": {
							"post": [110.89063, -42.54325, -156.5716],
							"lerp_mode": "catmullrom"
						},
						"0.1667": [126.62551, -45.29829, -177.83533],
						"2.7333": [126.62551, -45.29829, -177.83533],
						"2.9333": {
							"pre": [97.5062, -33.53405, -140.06529],
							"post": [97.5062, -33.53405, -140.06529],
							"lerp_mode": "catmullrom"
						}
					},
					"position": {
						"0.0": {
							"post": [7.18, -11.78, -17.06],
							"lerp_mode": "catmullrom"
						},
						"0.0667": {
							"post": [8.37, -11.085, -17.05],
							"lerp_mode": "catmullrom"
						},
						"0.1667": [8.2175, -10.115, -17.03],
						"2.7333": [8.2175, -10.115, -17.03],
						"2.9333": {
							"pre": [7.18, -11.78, -17.06],
							"post": [7.18, -11.78, -17.06],
							"lerp_mode": "catmullrom"
						}
					},
					"scale": {
						"0.0": [1, 1.5, 1],
						"2.9333": [1, 1.5, 1]
					}
				},
				"righthand": {
					"rotation": {
						"0.0": [101.2139, -323.71163, -174.99863],
						"2.7333": [101.21, -323.71, -175],
						"2.9": [86.63376, -350.79809, -180.2175],
						"5.1667": [86.63376, -350.79809, -180.2175],
						"5.2": [101.21, -323.71, -175]
					},
					"position": [-6.4, -14.425, 2],
					"scale": [1, 1.5, 1]
				},
				"bullet": {
					"scale": 0
				},
				"camera": {
					"rotation": {
						"0.0": {
							"post": [0, 0, 0],
							"lerp_mode": "catmullrom"
						},
						"0.2667": {
							"post": [0.55, 0, 0],
							"lerp_mode": "catmullrom"
						},
						"0.6667": {
							"post": [-2.425, -0.25, -0.85],
							"lerp_mode": "catmullrom"
						},
						"0.8": {
							"post": [-2.21, -0.31, -0.65],
							"lerp_mode": "catmullrom"
						},
						"1.0": {
							"post": [-2.895, -0.38, -0.86],
							"lerp_mode": "catmullrom"
						},
						"1.3667": {
							"post": [-2.455, -0.25, -0.85],
							"lerp_mode": "catmullrom"
						},
						"1.7333": {
							"post": [4.925, 3.15, -1.425],
							"lerp_mode": "catmullrom"
						},
						"2.1": {
							"post": [6.075, 3.65, -1.425],
							"lerp_mode": "catmullrom"
						},
						"2.7333": {
							"post": [6.075, 3.85, -1.35],
							"lerp_mode": "catmullrom"
						},
						"3.1333": {
							"post": [1.525, 0, 0],
							"lerp_mode": "catmullrom"
						},
						"3.4": {
							"post": [0.955, -1.9, 1.35],
							"lerp_mode": "catmullrom"
						},
						"3.6333": {
							"post": [1.64, -1.97, 1.74],
							"lerp_mode": "catmullrom"
						},
						"3.7333": {
							"post": [2.11, -1.9, 2.025],
							"lerp_mode": "catmullrom"
						},
						"3.8667": {
							"post": [1.665, -1.83, 1.515],
							"lerp_mode": "catmullrom"
						},
						"4.7": {
							"post": [1.46, -3.3, 1.675],
							"lerp_mode": "catmullrom"
						},
						"5.0333": {
							"post": [1.11, 0, 0],
							"lerp_mode": "catmullrom"
						},
						"5.3333": {
							"post": [-1.3, 0, -0.775],
							"lerp_mode": "catmullrom"
						},
						"5.5667": {
							"post": [-1.3, 0, 0],
							"lerp_mode": "catmullrom"
						},
						"5.7": {
							"post": [-0.15, 0, 0.15],
							"lerp_mode": "catmullrom"
						},
						"5.8": {
							"post": [0.48, 0, 0.6],
							"lerp_mode": "catmullrom"
						},
						"5.9333": {
							"post": [-0.22, 0, -0.525],
							"lerp_mode": "catmullrom"
						},
						"6.1333": {
							"post": [0, 0, 0],
							"lerp_mode": "catmullrom"
						}
					}
				}
			},
			"sound_effects": {
				"0.0667": {
					"effect": "tacz:m95/m95_inspect_raise"
				},
				"1.8333": {
					"effect": "tacz:m95/m95_inspect_rattle"
				},
				"2.8": {
					"effect": "tacz:m95/m95_inspect_rotate"
				},
				"3.2667": {
					"effect": "tacz:m95/m95_inspect_shoulder"
				},
				"6.1333": {
					"effect": "tacz:m95/m95_inspect_end"
				}
			}
		},
		"inspect_empty": {
			"animation_length": 6.1333,
			"bones": {
				"root": {
					"rotation": {
						"0.0": {
							"post": [0, 0, 0],
							"lerp_mode": "catmullrom"
						},
						"0.1667": {
							"post": [-1.38509, -1.24434, 4.29497],
							"lerp_mode": "catmullrom"
						},
						"0.2667": {
							"post": [-1.39, -1.24, 4.29],
							"lerp_mode": "catmullrom"
						},
						"0.4": {
							"post": [-3.91, -4.41, -2.02],
							"lerp_mode": "catmullrom"
						},
						"0.6667": {
							"post": [-10.80252, -12.68944, -19.80615],
							"lerp_mode": "catmullrom"
						},
						"0.8667": {
							"post": [-11.67934, -12.73253, -20.88586],
							"lerp_mode": "catmullrom"
						},
						"1.0": {
							"post": [-10.42561, -13.0448, -21.82949],
							"lerp_mode": "catmullrom"
						},
						"1.2": {
							"post": [-10.56428, -12.85979, -20.82188],
							"lerp_mode": "catmullrom"
						},
						"1.8667": {
							"post": [-10.39, -12.99, -21.57],
							"lerp_mode": "catmullrom"
						},
						"2.0333": {
							"post": [-10.9146, -13.35759, -23.13092],
							"lerp_mode": "catmullrom"
						},
						"2.3": {
							"post": [-10.25634, -13.50926, -24.0715],
							"lerp_mode": "catmullrom"
						},
						"2.6667": {
							"post": [-10.31, -13.4275, -24.0075],
							"lerp_mode": "catmullrom"
						},
						"2.7667": {
							"post": [-10.01823, -12.01652, -22.39677],
							"lerp_mode": "catmullrom"
						},
						"3.0": {
							"post": [-6.0733, -2.55567, -8.68449],
							"lerp_mode": "catmullrom"
						},
						"3.1667": {
							"post": [-3.30816, -6.55161, -3.15758],
							"lerp_mode": "catmullrom"
						},
						"3.3": {
							"post": [-11.99539, -6.2465, 14.78107],
							"lerp_mode": "catmullrom"
						},
						"3.4": {
							"post": [-24.07317, -0.97391, 28.22222],
							"lerp_mode": "catmullrom"
						},
						"3.6": {
							"post": [-32.28365, 5.59754, 44.62545],
							"lerp_mode": "catmullrom"
						},
						"3.7": {
							"post": [-32.44664, 5.36815, 46.1821],
							"lerp_mode": "catmullrom"
						},
						"3.7667": {
							"post": [-31.38661, 6.16105, 47.33802],
							"lerp_mode": "catmullrom"
						},
						"3.9": {
							"post": [-31.60382, 7.93459, 52.29084],
							"lerp_mode": "catmullrom"
						},
						"4.7333": {
							"post": [-32.7588, 8.96748, 49.78305],
							"lerp_mode": "catmullrom"
						},
						"4.9333": {
							"post": [-21.80021, -1.92924, 39.7835],
							"lerp_mode": "catmullrom"
						},
						"5.0667": {
							"post": [-11.32385, -8.47574, 19.6574],
							"lerp_mode": "catmullrom"
						},
						"5.1667": {
							"post": [-3.97708, -7.46886, 2.34726],
							"lerp_mode": "catmullrom"
						},
						"5.2333": {
							"post": [-2.77467, -6.47288, 5.91111],
							"lerp_mode": "catmullrom"
						},
						"5.3": {
							"post": [-1.20016, -5.6579, 3.74312],
							"lerp_mode": "catmullrom"
						},
						"5.4333": {
							"post": [1.76605, -3.2563, 4.9369],
							"lerp_mode": "catmullrom"
						},
						"5.5": {
							"post": [1.78811, -2.65564, 4.66491],
							"lerp_mode": "catmullrom"
						},
						"5.6": {
							"post": [0.8, -0.92, 3.05],
							"lerp_mode": "catmullrom"
						},
						"5.6667": {
							"post": [-0.30298, 0.34027, -1.56498],
							"lerp_mode": "catmullrom"
						},
						"5.8": {
							"post": [0.2321, 0.0577, 2.25602],
							"lerp_mode": "catmullrom"
						},
						"6.0": {
							"post": [0, 0, 0],
							"lerp_mode": "catmullrom"
						}
					},
					"position": {
						"0.0": {
							"post": [0, 0, 0],
							"lerp_mode": "catmullrom"
						},
						"0.1667": {
							"post": [-0.2, -0.31, 0],
							"lerp_mode": "catmullrom"
						},
						"0.3": {
							"post": [-0.2, -0.81, 0],
							"lerp_mode": "catmullrom"
						},
						"0.4": {
							"post": [-0.18, -0.4, 0],
							"lerp_mode": "catmullrom"
						},
						"0.5": {
							"post": [-0.14, 0.42, 0],
							"lerp_mode": "catmullrom"
						},
						"0.6667": {
							"post": [0, 2.8, 0],
							"lerp_mode": "catmullrom"
						},
						"0.7667": {
							"post": [0, 3.3, 0],
							"lerp_mode": "catmullrom"
						},
						"0.9667": {
							"post": [0, 3, 0],
							"lerp_mode": "catmullrom"
						},
						"1.2667": {
							"post": [0, 3.1, 0],
							"lerp_mode": "catmullrom"
						},
						"1.8667": {
							"post": [0, 3.17, 0],
							"lerp_mode": "catmullrom"
						},
						"2.0": {
							"post": [-0.1, 3.37, 0],
							"lerp_mode": "catmullrom"
						},
						"2.6": {
							"post": [-0.14, 3.53, -0.02],
							"lerp_mode": "catmullrom"
						},
						"2.7667": {
							"post": [-0.1, 3.345, 0],
							"lerp_mode": "catmullrom"
						},
						"2.8667": {
							"post": [0.4, 2.38, 0.23],
							"lerp_mode": "catmullrom"
						},
						"3.0": {
							"post": [1.875, -0.58, -0.855],
							"lerp_mode": "catmullrom"
						},
						"3.1667": {
							"post": [3.25, -1.13, -1.83],
							"lerp_mode": "catmullrom"
						},
						"3.4": {
							"post": [5.905, 3.385, -3.895],
							"lerp_mode": "catmullrom"
						},
						"3.5": {
							"post": [7.58, 4.975, -5.215],
							"lerp_mode": "catmullrom"
						},
						"3.6": {
							"post": [8.74, 4.71, -5.795],
							"lerp_mode": "catmullrom"
						},
						"3.7": {
							"post": [8.8, 3.5, -6.125],
							"lerp_mode": "catmullrom"
						},
						"3.8333": {
							"post": [8.8, 3.4, -6.4],
							"lerp_mode": "catmullrom"
						},
						"4.6667": {
							"post": [8.55, 3.55, -6.65],
							"lerp_mode": "catmullrom"
						},
						"4.8": {
							"post": [7.93, 2.62, -6.015],
							"lerp_mode": "catmullrom"
						},
						"4.9667": {
							"post": [5.525, -1.04, -4.065],
							"lerp_mode": "catmullrom"
						},
						"5.1": {
							"post": [3.235, -5.1, -4.215],
							"lerp_mode": "catmullrom"
						},
						"5.2667": {
							"post": [2.36, -4.48, -4.4],
							"lerp_mode": "catmullrom"
						},
						"5.4333": {
							"post": [1.305, -1.125, -4.24],
							"lerp_mode": "catmullrom"
						},
						"5.5667": {
							"post": [0.79, 0.215, -2.5],
							"lerp_mode": "catmullrom"
						},
						"5.7333": {
							"post": [0.125, -0.575, 0.275],
							"lerp_mode": "catmullrom"
						},
						"5.8333": {
							"post": [0, -0.32875, -0.44],
							"lerp_mode": "catmullrom"
						},
						"5.9667": {
							"post": [0, -0.02, 0.17],
							"lerp_mode": "catmullrom"
						},
						"6.1333": {
							"post": [0, 0, 0],
							"lerp_mode": "catmullrom"
						}
					}
				},
				"lefthand": {
					"rotation": {
						"0.0": {
							"post": [97.5062, -33.53405, -140.06529],
							"lerp_mode": "catmullrom"
						},
						"0.1": {
							"post": [110.89063, -42.54325, -156.5716],
							"lerp_mode": "catmullrom"
						},
						"0.1667": [126.62551, -45.29829, -177.83533],
						"2.7333": [126.62551, -45.29829, -177.83533],
						"2.9333": {
							"pre": [97.5062, -33.53405, -140.06529],
							"post": [97.5062, -33.53405, -140.06529],
							"lerp_mode": "catmullrom"
						}
					},
					"position": {
						"0.0": {
							"post": [7.18, -11.78, -17.06],
							"lerp_mode": "catmullrom"
						},
						"0.0667": {
							"post": [8.37, -11.085, -17.05],
							"lerp_mode": "catmullrom"
						},
						"0.1667": [8.2175, -10.115, -17.03],
						"2.7333": [8.2175, -10.115, -17.03],
						"2.9333": {
							"pre": [7.18, -11.78, -17.06],
							"post": [7.18, -11.78, -17.06],
							"lerp_mode": "catmullrom"
						}
					},
					"scale": {
						"0.0": [1, 1.5, 1],
						"2.9333": [1, 1.5, 1]
					}
				},
				"righthand": {
					"rotation": {
						"0.0": [101.2139, -323.71163, -174.99863],
						"2.7333": [101.21, -323.71, -175],
						"2.9": [86.63376, -350.79809, -180.2175],
						"5.1667": [86.63376, -350.79809, -180.2175],
						"5.2": [101.21, -323.71, -175]
					},
					"position": [-6.4, -14.425, 2],
					"scale": [1, 1.5, 1]
				},
				"bullet": {
					"scale": 0
				},
				"camera": {
					"rotation": {
						"0.0": {
							"post": [0, 0, 0],
							"lerp_mode": "catmullrom"
						},
						"0.2667": {
							"post": [0.55, 0, 0],
							"lerp_mode": "catmullrom"
						},
						"0.6667": {
							"post": [-2.425, -0.25, -0.85],
							"lerp_mode": "catmullrom"
						},
						"0.8": {
							"post": [-2.21, -0.31, -0.65],
							"lerp_mode": "catmullrom"
						},
						"1.0": {
							"post": [-2.895, -0.38, -0.86],
							"lerp_mode": "catmullrom"
						},
						"1.3667": {
							"post": [-2.455, -0.25, -0.85],
							"lerp_mode": "catmullrom"
						},
						"1.7333": {
							"post": [4.925, 3.15, -1.425],
							"lerp_mode": "catmullrom"
						},
						"2.1": {
							"post": [6.075, 3.65, -1.425],
							"lerp_mode": "catmullrom"
						},
						"2.7333": {
							"post": [6.075, 3.85, -1.35],
							"lerp_mode": "catmullrom"
						},
						"3.1333": {
							"post": [1.525, 0, 0],
							"lerp_mode": "catmullrom"
						},
						"3.4": {
							"post": [0.955, -1.9, 1.35],
							"lerp_mode": "catmullrom"
						},
						"3.6333": {
							"post": [1.64, -1.97, 1.74],
							"lerp_mode": "catmullrom"
						},
						"3.7333": {
							"post": [2.11, -1.9, 2.025],
							"lerp_mode": "catmullrom"
						},
						"3.8667": {
							"post": [1.665, -1.83, 1.515],
							"lerp_mode": "catmullrom"
						},
						"4.7": {
							"post": [1.46, -3.3, 1.675],
							"lerp_mode": "catmullrom"
						},
						"5.0333": {
							"post": [1.11, 0, 0],
							"lerp_mode": "catmullrom"
						},
						"5.3333": {
							"post": [-1.3, 0, -0.775],
							"lerp_mode": "catmullrom"
						},
						"5.5667": {
							"post": [-1.3, 0, 0],
							"lerp_mode": "catmullrom"
						},
						"5.7": {
							"post": [-0.15, 0, 0.15],
							"lerp_mode": "catmullrom"
						},
						"5.8": {
							"post": [0.48, 0, 0.6],
							"lerp_mode": "catmullrom"
						},
						"5.9333": {
							"post": [-0.22, 0, -0.525],
							"lerp_mode": "catmullrom"
						},
						"6.1333": {
							"post": [0, 0, 0],
							"lerp_mode": "catmullrom"
						}
					}
				},
				"bulletssasasdasdasd": {
					"scale": 0
				}
			},
			"sound_effects": {
				"0.0667": {
					"effect": "tacz:m95/m95_inspect_raise"
				},
				"1.8333": {
					"effect": "tacz:m95/m95_inspect_rattle"
				},
				"2.8": {
					"effect": "tacz:m95/m95_inspect_rotate"
				},
				"3.2667": {
					"effect": "tacz:m95/m95_inspect_shoulder"
				},
				"6.1333": {
					"effect": "tacz:m95/m95_inspect_end"
				}
			}
		}
	}
}