{
  "model": "maxstuff:gun/rpk_74m_geo",
  "texture": "maxstuff:gun/uv/rpk_74m",
  "lod": {
    "model": "maxstuff:gun/rpk_74m_geo",
    "texture": "maxstuff:gun/uv/rpk_74m"
  },
  "hud": "maxstuff:gun/hud/rpk_74",
  "slot": "maxstuff:gun/slot/rpk_74m",
  "animation": "tacz:rpk",
  "use_default_animation": "rifle",
  "transform": {
    "scale": {
      "thirdperson": [0.6, 0.6, 0.6],
      "ground": [0.6, 0.6, 0.6],
      "fixed": [1.2, 1.2, 1.2]
    }
  },
  "muzzle_flash": {
    "texture": "tacz:flash/common_muzzle_flash",
    "scale": 0.75
  },
  "shell": {
    "initial_velocity": [5, 2, 1],
    "random_velocity": [1, 1, 0.25],
    "acceleration": [0.0, -10, 0.0],
    "angular_velocity": [360, -1200, 90],
    "living_time": 1.0
  },
  "sounds": {
    "shoot": "maxstuff:rpk16/rpk16_shoot",
    "shoot_3p": "maxstuff:rpk16/rpk16_shoot_3p",
    "reload_empty": "tacz:rpk/rpk_reload_empty",
    "reload_tactical": "tacz:rpk/rpk_reload_tactical",
    "inspect": "tacz:rpk/rpk_inspect",
    "inspect_empty": "tacz:rpk/rpk_inspect_empty",
    "draw": "tacz:rpk/rpk_draw",
    "put_away": "tacz:rpk/rpk_put_away",
    "silence": "maxstuff:rpk16/rpk16_silence",
    "silence_3p": "maxstuff:rpk16/rpk16_silence_3p",
    "dry_fire": "tacz:dry_fire",
    "fire_select": "tacz:fire_select",
    "head_hit": "tacz:head_hit",
    "flesh_hit": "tacz:flesh_hit",
    "kill": "tacz:kill",
    "melee_push": "tacz:melee_stock/melee_stock_02",
    "melee_stock": "tacz:melee_stock/melee_stock_03"
  },
  "offhand_show": {
    "pos": [1, 20, 3.5],
    "rotate": [0, 0, 60],
    "scale": [0.5, 0.5, 0.5]
  },
  "hotbar_show": {
    "0": {
      "pos": [-1, 20, 3],
      "rotate": [-180, 0, 120],
      "scale": [0.5, 0.5, 0.5]
    }
  }
}