{
  "model": "maxstuff:gun/mrad_geo",
  "texture": "maxstuff:gun/uv/mrad",
  "lod": {
    "model": "maxstuff:gun/mrad_geo",
    "texture": "maxstuff:gun/uv/mrad"
  },
  "hud": "maxstuff:gun/hud/mrad",
  "slot": "maxstuff:gun/slot/mrad",
  "animation": "maxstuff:mrad",
  "use_default_animation": "rifle",
  "transform": {
    "scale": {
      "thirdperson": [0.6, 0.6, 0.6],
      "ground": [0.6, 0.6, 0.6],
      "fixed": [1.2, 1.2, 1.2]
    }
  },
  "muzzle_flash": {
    "texture": "tacz:flash/common_muzzle_flash",
    "scale": 0.75
  },
  "sounds": {
    "reload_empty": "maxstuff:mrad/mrad_reload_empty",
    "reload_tactical": "maxstuff:mrad/mrad_reload_tactical",
    "inspect": "maxstuff:mrad/mrad_inspect",
    "inspect_empty": "maxstuff:mrad/mrad_inspect",
    "draw": "maxstuff:mrad/mrad_draw",
    "shoot": "maxstuff:ar10/ar10_shoot",
    "shoot_3p": "maxstuff:ar10/ar10_shoot",
    "silence": "maxstuff:ar10/ar10_silence",
    "silence_3p": "maxstuff:ar10/ar10_silence",
    "bolt": "maxstuff:mrad/mrad_bolt",
    "put_away": "tacz:ai_awp/awp_put_away",
    "melee_push": "tacz:melee_stock/melee_stock_02",
    "melee_stock": "tacz:melee_stock/melee_stock_03"
  },
  "offhand_show": {
    "pos": [-2, 20, 4],
    "rotate": [0, 0, 45],
    "scale": [0.5, 0.5, 0.5]
  },
  "hotbar_show": {
    "0": {
      "pos": [-4, 26, 3],
      "rotate": [-90, -5, -90],
      "scale": [0.5, 0.5, 0.5]
    }
  }
}