{
	"format_version": "1.8.0",
	"animations": {
		"static_idle": {
			"animation_length": 0.0667,
			"bones": {
				"righthand": {
					"rotation": [96.07, 8.95, -179.05],
					"position": [-6.5, -14.3, -1.7],
					"scale": [1, 1.5, 1]
				},
				"lefthand": {
					"rotation": [96.9594, -29.1425, -146.85684],
					"position": [8.4187, -11.62, -12.02],
					"scale": [1, 1.5, 1]
				},
				"constraint": {
					"rotation": [0.2, 0.2, 0.4],
					"position": [0.1, 0.1, 0.1]
				}
			}
		},
		"static_bolt_caught": {
			"animation_length": 0.6667,
			"bones": {
				"bolt_release": {
					"rotation": [0, 0, 12.5]
				},
				"bolt": {
					"position": [0, 0, 4.7]
				}
			}
		},
		"draw": {
			"animation_length": 0.8,
			"bones": {
				"righthand": {
					"rotation": [96.07, 8.95, -179.05],
					"position": [-6.5, -14.3, -1.7],
					"scale": {
						"0.0": [1, 1.5, 1],
						"0.0333": [1, 1.5, 1],
						"0.0667": [1, 1.5, 1],
						"0.1": [1, 1.5, 1],
						"0.1333": [1, 1.5, 1],
						"0.1667": [1, 1.5, 1],
						"0.2": [1, 1.5, 1],
						"0.2333": [1, 1.5, 1],
						"0.2667": [1, 1.5, 1],
						"0.3": [1, 1.5, 1],
						"0.3333": [1, 1.5, 1],
						"0.3667": [1, 1.5, 1],
						"0.4": [1, 1.5, 1],
						"0.4333": [1, 1.5, 1]
					}
				},
				"lefthand": {
					"rotation": {
						"0.2": [92.39, -41.22, -135.49],
						"0.2333": [93.54, -38.2, -138.33],
						"0.2667": [94.68, -35.18, -141.18],
						"0.3": [95.82, -32.16, -144.02],
						"0.3333": [96.96, -29.14, -146.86]
					},
					"position": {
						"0.2": [10.15, -13.67, -12.82],
						"0.2333": [9.71, -13.16, -12.62],
						"0.2667": [9.28, -12.64, -12.42],
						"0.3": [8.85, -12.13, -12.22],
						"0.3333": [8.42, -11.62, -12.02]
					},
					"scale": [1, 1.5, 1]
				},
				"root": {
					"rotation": {
						"0.0": [0.81, -32.64, 33.95],
						"0.0333": [0.41, -32.66, 32.03],
						"0.0667": [-0.2, -32.9, 29.28],
						"0.1": [-0.85, -32.88, 26.12],
						"0.1333": [-1.39, -32.15, 22.92],
						"0.1667": [-1.65, -30.23, 20.1],
						"0.2": [-1.54, -26.5, 17.61],
						"0.2333": [-1.17, -21.25, 15.2],
						"0.2667": [-0.68, -15.46, 12.92],
						"0.3": [-0.21, -10.08, 10.79],
						"0.3333": [0.1, -6.07, 8.88],
						"0.3667": [0.23, -3.2, 6.78],
						"0.4": [0.22, -1.67, 4.97],
						"0.4333": [0.16, -0.89, 3.43],
						"0.4667": [0.11, -0.29, 2.12],
						"0.5": [0.05, -0.02, 0.15],
						"0.5333": [-0.01, -0.43, -0.76],
						"0.5667": [-0.02, -0.32, -0.02],
						"0.6": [-0.01, -0.17, 0.96],
						"0.6333": [-0.01, -0.1, 0.8],
						"0.6667": [0, -0.04, 0.35],
						"0.7": [0, 0, 0]
					},
					"position": {
						"0.0": [-3.18, -5.58, 13.53],
						"0.0333": [-2.73, -4.98, 11.4],
						"0.0667": [-2.08, -4.11, 8.31],
						"0.1": [-1.41, -3.19, 5.12],
						"0.1333": [-0.9, -2.45, 2.7],
						"0.1667": [-0.61, -1.94, 1.29],
						"0.2": [-0.45, -1.53, 0.43],
						"0.2333": [-0.34, -1.21, -0.1],
						"0.2667": [-0.25, -0.94, -0.49],
						"0.3": [-0.14, -0.69, -0.75],
						"0.3333": [-0.07, -0.55, -0.66],
						"0.3667": [-0.03, -0.45, -0.5],
						"0.4": [-0.01, -0.38, -0.3],
						"0.4333": [-0.02, -0.34, -0.02],
						"0.4667": [-0.03, -0.3, 0.16],
						"0.5": [-0.02, -0.21, 0.14],
						"0.5333": [-0.02, -0.12, 0.02],
						"0.5667": [-0.01, -0.05, -0.06],
						"0.6": [-0.01, -0.02, -0.06],
						"0.6333": [0, -0.01, -0.04],
						"0.6667": [0, 0, -0.02],
						"0.7": [0, 0, 0]
					}
				},
				"camera": {
					"rotation": {
						"0.0": [0, 0, 0],
						"0.0333": [0.14, -0.01, 0.01],
						"0.0667": [0.35, -0.02, 0.03],
						"0.1": [0.55, -0.05, 0.1],
						"0.1333": [0.77, -0.13, 0.3],
						"0.1667": [0.99, -0.24, 0.56],
						"0.2": [1.1, -0.3, 0.7],
						"0.2333": [1.09, -0.3, 0.68],
						"0.2667": [1.03, -0.29, 0.59],
						"0.3": [0.93, -0.26, 0.47],
						"0.3333": [0.82, -0.23, 0.36],
						"0.3667": [0.7, -0.2, 0.3],
						"0.4": [0.42, -0.14, 0.33],
						"0.4333": [0.1, -0.06, 0.41],
						"0.4667": [-0.1, 0, 0.4],
						"0.5": [0.01, 0.07, 0.03],
						"0.5333": [0.2, 0.1, -0.3],
						"0.5667": [0.16, 0.08, -0.23],
						"0.6": [0.07, 0.03, -0.04],
						"0.6333": [0, 0, 0.1],
						"0.6667": [-0.01, -0.01, 0.11],
						"0.7": [-0.01, -0.01, 0.08],
						"0.7333": [0, 0, 0.03],
						"0.7667": [0, 0, 0]
					}
				},
				"constraint": {
					"rotation": {
						"0.0": [1, 1, 1],
						"0.3667": [0.2, 0.2, 0.2],
						"0.8": [0.2, 0.2, 0.4]
					},
					"position": {
						"0.0": [1, 1, 1],
						"0.3667": [0.2, 0.2, 0.2],
						"0.8": [0.1, 0.1, 0.1]
					}
				}
			},
			"sound_effects": {
				"0.0": {
					"effect": "p01_ar_mike4_raise"
				}
			}
		},
		"put_away": {
			"animation_length": 0.4333,
			"bones": {
				"righthand": {
					"rotation": {
						"0.0": [96.07, 8.95, -179.05],
						"0.0333": [96.07, 8.95, -179.05],
						"0.0667": [96.07, 8.95, -179.05],
						"0.1": [96.07, 8.95, -179.05],
						"0.1333": [96.07, 8.95, -179.05],
						"0.1667": [96.07, 8.95, -179.05],
						"0.2": [97.44, 2.74, -179.75],
						"0.2333": [98.82, -3.48, -180.45],
						"0.2667": [100.19, -9.69, -181.15],
						"0.3": [101.57, -15.9, -181.85],
						"0.3333": [102.94, -22.12, -182.54],
						"0.3667": [104.32, -28.33, -183.24]
					},
					"position": {
						"0.0": [-6.5, -14.3, -1.7],
						"0.0333": [-6.5, -14.3, -1.7],
						"0.0667": [-6.5, -14.3, -1.7],
						"0.1": [-6.5, -14.3, -1.7],
						"0.1333": [-6.5, -14.3, -1.7],
						"0.1667": [-6.5, -14.3, -1.7],
						"0.2": [-6.5, -14.3, -1.7],
						"0.2333": [-6.5, -14.3, -1.7],
						"0.2667": [-6.5, -14.3, -1.7],
						"0.3": [-6.5, -14.3, -1.7],
						"0.3333": [-6.5, -14.3, -1.7],
						"0.3667": [-6.5, -14.3, -1.7]
					},
					"scale": [1, 1.5, 1]
				},
				"lefthand": {
					"rotation": {
						"0.0": [96.96, -29.14, -146.86],
						"0.0333": [105.62, -25.54, -157.73],
						"0.0667": [114.27, -21.94, -168.6],
						"0.1": [122.93, -18.35, -179.48],
						"0.1333": [131.58, -14.75, -190.35],
						"0.1667": [140.24, -11.15, -201.22],
						"0.2": [148.89, -7.55, -212.09]
					},
					"position": {
						"0.0": [8.42, -11.62, -12.02],
						"0.0333": [8.63, -11.52, -11.92],
						"0.0667": [8.84, -11.43, -11.82],
						"0.1": [9.05, -11.33, -11.72],
						"0.1333": [8.84, -10.69, -11.62],
						"0.1667": [8.63, -10.04, -11.52],
						"0.2": [8.42, -9.39, -11.42]
					},
					"scale": [1, 1.5, 1]
				},
				"root": {
					"rotation": {
						"0.0": [0, 0, 0],
						"0.0333": [-0.56, -1.34, -1.72],
						"0.0667": [-0.51, -3.68, -4.19],
						"0.1": [1.37, -7.36, -7.72],
						"0.1333": [4.37, -11.73, -10.29],
						"0.1667": [6.5, -14.6, -9.53],
						"0.2": [9.01, -17.59, -7.69],
						"0.2333": [12.75, -20.93, -6.81],
						"0.2667": [15.93, -23.2, -7.29],
						"0.3": [19.75, -25.65, -8.27],
						"0.3333": [23.91, -28.21, -9.51],
						"0.3667": [28.11, -30.78, -10.78],
						"0.4": [32.04, -33.29, -11.85],
						"0.4333": [38.74, -37.82, -13.36]
					},
					"position": {
						"0.0": [0, 0, 0],
						"0.0333": [-0.21, -0.18, 0.14],
						"0.0667": [-0.45, -0.49, 0.28],
						"0.1": [-0.6, -0.94, 0.35],
						"0.1333": [-0.67, -1.47, 0.34],
						"0.1667": [-0.67, -1.79, 0.28],
						"0.2": [-0.61, -2.14, 0.17],
						"0.2333": [-0.43, -2.62, 0.06],
						"0.2667": [-0.27, -3.01, -0.02],
						"0.3": [-0.06, -3.47, -0.11],
						"0.3333": [0.19, -3.98, -0.2],
						"0.3667": [0.51, -4.5, -0.28],
						"0.4": [0.92, -5.03, -0.33],
						"0.4333": [1.67, -5.76, -0.37]
					}
				},
				"camera": {
					"rotation": {
						"0.0": [0, 0, 0],
						"0.0333": [0.05, 0, -0.04],
						"0.0667": [0.13, 0, -0.09],
						"0.1": [0.22, 0, -0.13],
						"0.1333": [0.3, 0, -0.12],
						"0.1667": [0.43, 0, 0],
						"0.2": [0.56, 0, 0.18],
						"0.2333": [0.64, 0, 0.3],
						"0.2667": [0.64, 0, 0.29],
						"0.3": [0.59, 0, 0.22],
						"0.3333": [0.5, 0, 0.15],
						"0.3667": [0.42, 0, 0.12],
						"0.4": [0.3, 0, 0.08],
						"0.4333": [0.18, 0, 0.05]
					}
				},
				"constraint": {
					"rotation": {
						"0.0": [0.2, 0.2, 0.4],
						"0.1667": [0.8, 0.8, 0.8],
						"0.4333": [1, 1, 1]
					},
					"position": {
						"0.0": [0.1, 0.1, 0.1],
						"0.1667": [0.8, 0.8, 0.8],
						"0.4333": [1, 1, 1]
					}
				}
			},
			"sound_effects": {
				"0.1": {
					"effect": "p01_ar_mike4_drop"
				}
			}
		},
		"reload_empty": {
			"animation_length": 3.1,
			"bones": {
				"lefthand": {
					"rotation": {
						"0.0": [96.9594, -29.1425, -146.85684],
						"0.1": {
							"pre": [99.1, -28.39, -137.4],
							"post": [99.1, -28.39, -137.4],
							"lerp_mode": "catmullrom"
						},
						"0.2": {
							"post": [100.31175, -38.9876, -139.57508],
							"lerp_mode": "catmullrom"
						},
						"0.4333": {
							"post": [85.17283, 2.63043, -178.59904],
							"lerp_mode": "catmullrom"
						},
						"0.9": {
							"post": [85.17283, 2.63043, -178.59904],
							"lerp_mode": "catmullrom"
						},
						"0.9333": [86.01133, -17.67975, -99.41687],
						"1.2333": [86.01133, -17.67975, -99.41687],
						"1.5": [86.01133, -17.67975, -99.41687],
						"1.6": {
							"pre": [95.87634, -23.82565, -123.30512],
							"post": [95.87634, -23.82565, -123.30512],
							"lerp_mode": "catmullrom"
						},
						"1.7": {
							"post": [96.9594, -29.1425, -146.85684],
							"lerp_mode": "catmullrom"
						}
					},
					"position": {
						"0.0": [8.4187, -11.62, -12.02],
						"0.1": [8.01827, -11.87966, -12.84903],
						"0.2": [18.63567, -20.33154, -5.95745],
						"0.4333": [11.305, -28.675, 16.075],
						"0.9": [11.305, -28.675, 16.075],
						"0.9333": [6.05, -17.205, -4.765],
						"1.2333": [6.575, -16.405, -4.765],
						"1.4333": [6.575, -16.405, -4.765],
						"1.5": [6.26, -17.205, -4.765],
						"1.5667": {
							"pre": [9.05, -17.205, -4.765],
							"post": [9.05, -17.205, -4.765],
							"lerp_mode": "catmullrom"
						},
						"1.6333": {
							"post": [9.5, -13.95, -7.565],
							"lerp_mode": "catmullrom"
						},
						"1.7": {
							"post": [8.4187, -11.62, -12.02],
							"lerp_mode": "catmullrom"
						}
					},
					"scale": [1, 1.5, 1]
				},
				"righthand": {
					"rotation": {
						"0.0": [96.07, 8.95, -179.05],
						"1.7333": [96.07, 8.95, -179.05],
						"1.8333": [120.50449, 2.47405, -98.74171],
						"1.9667": [118.87373, -10.57327, -76.14209],
						"2.0": [118.87373, -10.57327, -76.14209],
						"2.1": [118.87373, -10.57327, -76.14209],
						"2.1667": [128.70408, 25.91809, -148.67814],
						"2.3333": [134.75972, 28.43589, -146.36771],
						"2.5": [96.07, 8.95, -179.05]
					},
					"position": {
						"0.0": [-6.5, -14.3, -1.7],
						"1.7": {
							"pre": [-6.5, -14.3, -1.7],
							"post": [-6.5, -14.3, -1.7],
							"lerp_mode": "catmullrom"
						},
						"1.8": {
							"post": [-11.85, -12.79, -4.765],
							"lerp_mode": "catmullrom"
						},
						"1.8667": {
							"post": [-10.3, -10.46, -3.335],
							"lerp_mode": "catmullrom"
						},
						"1.9333": [-8.39385, -9.51607, -4.05824],
						"1.9667": [-8.39385, -9.51607, -4.05824],
						"2.0667": [-8.675, -9.51, 1.515],
						"2.1333": [-12.465, -11.1, 4.645],
						"2.3333": {
							"pre": [-11.465, -14.64, -0.2],
							"post": [-11.465, -14.64, -0.2],
							"lerp_mode": "catmullrom"
						},
						"2.4667": {
							"post": [-6.87, -14.67, -3.665],
							"lerp_mode": "catmullrom"
						},
						"2.6333": {
							"post": [-6.5, -14.3, -1.7],
							"lerp_mode": "catmullrom"
						}
					},
					"scale": {
						"0.0": [1, 1.5, 1],
						"2.6667": [1, 1.5, 1]
					}
				},
				"root": {
					"rotation": {
						"0.0": {
							"post": [0, 0, 0],
							"lerp_mode": "catmullrom"
						},
						"0.1": {
							"post": [-3.24, -1.28, -1.66],
							"lerp_mode": "catmullrom"
						},
						"0.1667": {
							"post": [-1.22602, -1.98699, 9.54848],
							"lerp_mode": "catmullrom"
						},
						"0.2": {
							"post": [-0.83433, -2.37009, 18.91092],
							"lerp_mode": "catmullrom"
						},
						"0.2333": {
							"post": [-0.58444, -2.70769, 28.33281],
							"lerp_mode": "catmullrom"
						},
						"0.3": {
							"post": [-0.73487, -3.45148, 26.82664],
							"lerp_mode": "catmullrom"
						},
						"0.3667": {
							"post": [-9.85, -0.28, -24.255],
							"lerp_mode": "catmullrom"
						},
						"0.4": {
							"post": [-13.92455, 0.79241, -38.84884],
							"lerp_mode": "catmullrom"
						},
						"0.4667": {
							"post": [-16.37264, -2.00707, -43.27927],
							"lerp_mode": "catmullrom"
						},
						"0.5667": {
							"post": [-17.54955, -4.52082, -36.08161],
							"lerp_mode": "catmullrom"
						},
						"0.6667": {
							"post": [-18.70151, -4.40429, -32.66848],
							"lerp_mode": "catmullrom"
						},
						"0.7667": {
							"post": [-19.08127, -4.06214, -28.29379],
							"lerp_mode": "catmullrom"
						},
						"0.9333": {
							"post": [-15.63, -4.18, -33.175],
							"lerp_mode": "catmullrom"
						},
						"1.0667": {
							"post": [-15.72172, -2.86761, -33.25168],
							"lerp_mode": "catmullrom"
						},
						"1.2333": {
							"post": [-17.86625, -6.70691, -42.9336],
							"lerp_mode": "catmullrom"
						},
						"1.3333": {
							"post": [-15.97554, -4.4902, -43.45699],
							"lerp_mode": "catmullrom"
						},
						"1.3667": {
							"post": [-14.34425, -3.09249, -35.49442],
							"lerp_mode": "catmullrom"
						},
						"1.4": {
							"post": [-16.06862, -4.66605, -37.57407],
							"lerp_mode": "catmullrom"
						},
						"1.4667": {
							"post": [-14.69313, -3.11145, -32.3039],
							"lerp_mode": "catmullrom"
						},
						"1.5667": {
							"post": [-10.88, -4.24, -29.045],
							"lerp_mode": "catmullrom"
						},
						"1.6667": {
							"post": [-7.95046, -3.54216, -0.80782],
							"lerp_mode": "catmullrom"
						},
						"1.7667": {
							"post": [2.81208, -8.30626, 4.01644],
							"lerp_mode": "catmullrom"
						},
						"1.9333": {
							"post": [7.28088, -8.33013, 5.61688],
							"lerp_mode": "catmullrom"
						},
						"2.0333": {
							"post": [10.72465, -8.27132, 6.36668],
							"lerp_mode": "catmullrom"
						},
						"2.1": {
							"post": [9.46254, -6.43066, -2.89125],
							"lerp_mode": "catmullrom"
						},
						"2.1667": {
							"post": [8.4356, -7.45221, 0.63854],
							"lerp_mode": "catmullrom"
						},
						"2.2333": {
							"post": [12.85386, -8.05388, 5.41473],
							"lerp_mode": "catmullrom"
						},
						"2.3": {
							"post": [13.191, -6.78448, -0.62876],
							"lerp_mode": "catmullrom"
						},
						"2.3667": {
							"post": [10.7074, -7.54448, 0.95859],
							"lerp_mode": "catmullrom"
						},
						"2.4667": {
							"post": [3.24432, -7.52563, -0.52333],
							"lerp_mode": "catmullrom"
						},
						"2.6": {
							"post": [0.57, 0.55, -2.295],
							"lerp_mode": "catmullrom"
						},
						"2.6667": {
							"post": [-0.5, -1.225, 1.2],
							"lerp_mode": "catmullrom"
						},
						"2.8": {
							"post": [0, 0, 0.05],
							"lerp_mode": "catmullrom"
						},
						"2.9667": {
							"post": [0, 0, -0.09],
							"lerp_mode": "catmullrom"
						},
						"3.1": {
							"post": [0, 0, 0],
							"lerp_mode": "catmullrom"
						}
					},
					"position": {
						"0.0": {
							"post": [0, 0, 0],
							"lerp_mode": "catmullrom"
						},
						"0.1": {
							"post": [0.12, -0.17, 0.225],
							"lerp_mode": "catmullrom"
						},
						"0.1667": {
							"post": [-0.645, -0.61, 0.74],
							"lerp_mode": "catmullrom"
						},
						"0.2333": {
							"post": [-1.335, -0.63, 1.225],
							"lerp_mode": "catmullrom"
						},
						"0.3333": {
							"post": [-1.035, 0.195, 1.475],
							"lerp_mode": "catmullrom"
						},
						"0.4": {
							"post": [-0.16, 0.52, 1.1],
							"lerp_mode": "catmullrom"
						},
						"0.5": {
							"post": [0.075, 0.345, 0.645],
							"lerp_mode": "catmullrom"
						},
						"0.5667": {
							"post": [0.28, 0.23, 0.42],
							"lerp_mode": "catmullrom"
						},
						"0.6": {
							"post": [0.475, 0.095, 0.47],
							"lerp_mode": "catmullrom"
						},
						"0.7333": {
							"post": [0.77, -0.525, 0.655],
							"lerp_mode": "catmullrom"
						},
						"0.8333": {
							"post": [0.855, -0.59, 0.81],
							"lerp_mode": "catmullrom"
						},
						"0.9667": {
							"post": [0.62, -0.49, 0.655],
							"lerp_mode": "catmullrom"
						},
						"1.0667": {
							"post": [0.405, -0.075, 0.38],
							"lerp_mode": "catmullrom"
						},
						"1.2333": [0.26, 0.235, 0.185],
						"1.3333": [0.115, 0.23, 0.185],
						"1.4": {
							"pre": [0.485, -0.83, 0.185],
							"post": [0.485, -0.83, 0.185],
							"lerp_mode": "catmullrom"
						},
						"1.5": {
							"post": [0.255, -0.68, 0.185],
							"lerp_mode": "catmullrom"
						},
						"1.6": {
							"post": [0.375, -0.62, -0.04],
							"lerp_mode": "catmullrom"
						},
						"1.7": {
							"post": [0.27, -1.72, -0.9],
							"lerp_mode": "catmullrom"
						},
						"1.8333": {
							"post": [0.47, -2.31, -1.155],
							"lerp_mode": "catmullrom"
						},
						"1.9333": {
							"post": [0.47, -2.045, -0.705],
							"lerp_mode": "catmullrom"
						},
						"2.0333": {
							"post": [0.47, -2.045, -0.705],
							"lerp_mode": "catmullrom"
						},
						"2.1333": {
							"post": [0.47, -2.265, -0.465],
							"lerp_mode": "catmullrom"
						},
						"2.2": {
							"post": [0.33, -1.77, -0.41],
							"lerp_mode": "catmullrom"
						},
						"2.3667": {
							"post": [0.45, -2.37, -0.36],
							"lerp_mode": "catmullrom"
						},
						"2.5333": {
							"post": [0.055, -0.705, -0.245],
							"lerp_mode": "catmullrom"
						},
						"2.6667": {
							"post": [-0.07, -0.12, 0.695],
							"lerp_mode": "catmullrom"
						},
						"2.8": {
							"post": [0, 0.055, 0.055],
							"lerp_mode": "catmullrom"
						},
						"3.0333": {
							"post": [0, 0, 0],
							"lerp_mode": "catmullrom"
						}
					}
				},
				"mag_and_lefthand": {
					"rotation": {
						"0.0": [0, 0, 0],
						"0.9": {
							"pre": [0, 0, 0],
							"post": [-1.5, 0, 0]
						},
						"1.0333": [-35.53512, -24.39375, -13.65478],
						"1.1667": [-10.13685, -1.53119, -1.58329],
						"1.3333": [0, 0, 0]
					},
					"position": {
						"0.0": [0, 0, 0],
						"0.9": {
							"pre": [0, 0, 0],
							"post": [0, -16.12, 2.26]
						},
						"1.0333": [2.42, -8.24, -2.9],
						"1.1667": [0.295, -3.495, -0.89],
						"1.2333": [0.17, -3.395, -0.465],
						"1.3333": [0, -3.325, 0],
						"1.3667": {
							"pre": [0, 0, 0],
							"post": [0, 0, 0],
							"lerp_mode": "catmullrom"
						}
					}
				},
				"mag_and_bullet": {
					"rotation": {
						"0.3667": [0, 0, 0],
						"0.5": [-12.5, -5, -143.94],
						"0.6667": [6.71216, -0.48552, -228.01498],
						"0.7667": [0, 0, -275.24],
						"0.9": {
							"pre": [0, 0, 2.26],
							"post": [0, 0, 0]
						}
					},
					"position": {
						"0.3": [0, 0, 0],
						"0.3667": [0.05, -2.83, -0.01],
						"0.5": [4.20825, -10.97516, -5.06901],
						"0.5667": [7.55006, -14.96268, -5.96782],
						"0.6333": [8.77993, -21.77805, -6.21685],
						"0.8333": [6.96066, -62.13778, -0.01632],
						"0.9": {
							"pre": [0, -58.38, -0.5],
							"post": [0, 0, 0]
						}
					}
				},
				"bolt": {
					"position": {
						"2.0": [0, 0, 5],
						"2.0667": [0, 0, 5.92],
						"2.1333": [0, 0, 0],
						"2.1667": [0, 0, 0.625],
						"2.2": [0, 0, -0.3175],
						"2.2333": [0, 0, 0.18],
						"2.2667": [0, 0, 0]
					}
				},
				"pull2": {
					"position": {
						"2.0": [0, 0, 0],
						"2.0667": [0, 0, 5],
						"2.1": [0, 0, 5],
						"2.2": [0, 0, 0]
					}
				},
				"bullet": {
					"scale": {
						"0.0": [0, 0, 0],
						"0.9333": {
							"pre": [0, 0, 0],
							"post": [1, 1, 1]
						}
					}
				},
				"bolt_release": {
					"rotation": {
						"0.0": [0, 0, 15],
						"2.0333": [0, 0, 15],
						"2.0667": [0, 0, 0]
					}
				},
				"mag_release": {
					"position": {
						"0.2667": [0, 0, 0],
						"0.3": [0.13125, 0, 0],
						"0.6": [0.13125, 0, 0],
						"0.6667": [0, 0, 0],
						"1.3333": [0, 0, 0],
						"1.3667": [0.13125, 0, 0],
						"1.4333": [0.13125, 0, 0],
						"1.4667": [0, 0, 0]
					}
				},
				"camera": {
					"rotation": {
						"0.0": {
							"post": [0, 0, 0],
							"lerp_mode": "catmullrom"
						},
						"0.2333": {
							"post": [1.7, 0.425, 0],
							"lerp_mode": "catmullrom"
						},
						"0.3333": {
							"post": [1.445, -0.14, -2.145],
							"lerp_mode": "catmullrom"
						},
						"0.4333": {
							"post": [-1.075, -0.975, -0.975],
							"lerp_mode": "catmullrom"
						},
						"0.5667": {
							"post": [-0.76, -0.91, -1.85],
							"lerp_mode": "catmullrom"
						},
						"0.6667": {
							"post": [0.6, -0.575, -1.225],
							"lerp_mode": "catmullrom"
						},
						"0.8667": {
							"post": [1.2, 0.12, -0.975],
							"lerp_mode": "catmullrom"
						},
						"1.0333": {
							"post": [1.555, 0.275, -0.275],
							"lerp_mode": "catmullrom"
						},
						"1.3333": {
							"post": [1.46, -0.08, -0.56],
							"lerp_mode": "catmullrom"
						},
						"1.4": {
							"post": [2.235, -0.145, 0.575],
							"lerp_mode": "catmullrom"
						},
						"1.5": {
							"post": [1.41, -0.16, -1.285],
							"lerp_mode": "catmullrom"
						},
						"1.6333": {
							"post": [1.96, -0.17, 0.28],
							"lerp_mode": "catmullrom"
						},
						"1.7667": {
							"post": [1.94, -0.18, 0.11],
							"lerp_mode": "catmullrom"
						},
						"1.9": {
							"post": [2.455, -0.195, 0.4],
							"lerp_mode": "catmullrom"
						},
						"2.0": {
							"post": [2.51, -0.2, 0.49],
							"lerp_mode": "catmullrom"
						},
						"2.0667": {
							"post": [3.095, -0.2, 1.54],
							"lerp_mode": "catmullrom"
						},
						"2.1667": {
							"post": [1.77, -0.21, -0.08],
							"lerp_mode": "catmullrom"
						},
						"2.3": {
							"post": [2.25, -0.195, 0.65],
							"lerp_mode": "catmullrom"
						},
						"2.4333": {
							"post": [1.41, -0.13, 0.215],
							"lerp_mode": "catmullrom"
						},
						"2.6667": {
							"post": [-0.325, 0, -0.225],
							"lerp_mode": "catmullrom"
						},
						"2.7333": {
							"post": [0.12, 0.01, 0.33],
							"lerp_mode": "catmullrom"
						},
						"2.8333": {
							"post": [-0.125, 0, -0.175],
							"lerp_mode": "catmullrom"
						},
						"2.9333": {
							"post": [0.06, 0, 0.05],
							"lerp_mode": "catmullrom"
						},
						"3.0667": {
							"post": [0, 0, 0],
							"lerp_mode": "catmullrom"
						}
					}
				}
			},
			"sound_effects": {
				"0.1333": {
					"effect": "p01_ar_mike16_reload_empty_fast_rattle"
				},
				"0.3": {
					"effect": "p01_ar_mike16_reload_fast_magout"
				},
				"0.9333": {
					"effect": "iw8_phys_mag_drop_ar_poly_dirt_02"
				},
				"1.1333": {
					"effect": "p01_ar_mike16_reload_magin"
				},
				"1.6667": {
					"effect": "p01_ar_mike16_reload_empty_fast_end"
				},
				"1.9333": {
					"effect": "p01_ar_mike4_inspect_empty_handle"
				},
				"2.1667": {
					"effect": "p01_ar_mike16_inspect_boltclose"
				}
			}
		},
		"reload_tactical": {
			"animation_length": 2.3667,
			"bones": {
				"MagazineCatch": {
					"position": {
						"0.6333": [0, 0, 0],
						"0.6667": [0.125, 0, 0],
						"0.9333": [0.125, 0, 0],
						"1.0": [0, 0, 0],
						"1.2667": [0, 0, 0],
						"1.3": [0.125, 0, 0],
						"1.3667": [0.125, 0, 0],
						"1.4": [0, 0, 0]
					}
				},
				"lefthand": {
					"rotation": {
						"0.0": [96.9594, -29.1425, -146.85684],
						"0.2333": [153.50847, -41.67248, -171.4756],
						"0.7333": [153.50847, -41.67248, -171.4756],
						"0.8": [153.50847, -41.67248, -171.4756],
						"0.9333": [153.50847, -41.67248, -171.4756],
						"1.3": [153.50847, -41.67248, -171.4756],
						"1.5667": [153.50847, -41.67248, -171.4756],
						"1.6667": [153.50847, -41.67248, -171.4756],
						"1.8667": [96.3949, -30.74097, -137.03831],
						"1.9333": [96.9594, -29.1425, -146.85684]
					},
					"position": {
						"0.0": [8.4187, -11.62, -12.02],
						"0.2333": [7.88522, -15.42023, -5.08508],
						"0.7333": [5.31442, -15.66913, -5.10258],
						"1.3": [6.42591, -16.2669, -6.79971],
						"1.4333": [6.42591, -16.2669, -6.79971],
						"1.5": [7.30276, -20.74392, 2.24069],
						"1.5667": [9.12345, -28.20821, 6.58429],
						"1.6667": [9.12345, -28.20821, 6.58429],
						"1.8": [10.12056, -16.64921, -1.94525],
						"1.8667": [7.77328, -12.29926, -10.29448],
						"1.9333": [8.4187, -11.62, -12.02]
					},
					"scale": {
						"0.0": [1, 1.5, 1],
						"1.9333": [1, 1.5, 1]
					}
				},
				"righthand": {
					"rotation": [96.07, 8.95, -179.05],
					"position": [-6.5, -14.3, -1.7],
					"scale": [1, 1.5, 1]
				},
				"root": {
					"rotation": {
						"0.0": {
							"post": [0, 0, 0],
							"lerp_mode": "catmullrom"
						},
						"0.1": {
							"post": [-3.39058, 0.28629, 1.84737],
							"lerp_mode": "catmullrom"
						},
						"0.2333": {
							"post": [-15.02627, -13.21118, -27.57717],
							"lerp_mode": "catmullrom"
						},
						"0.3667": {
							"post": [-19.74235, -17.60041, -31.95266],
							"lerp_mode": "catmullrom"
						},
						"0.4667": {
							"post": [-19.60203, -16.52838, -29.44782],
							"lerp_mode": "catmullrom"
						},
						"0.6": {
							"post": [-17.74694, -16.2267, -30.26296],
							"lerp_mode": "catmullrom"
						},
						"0.7333": {
							"post": [-18.35208, -17.28687, -29.64263],
							"lerp_mode": "catmullrom"
						},
						"0.8": {
							"post": [-18.6521, -14.33136, -29.05652],
							"lerp_mode": "catmullrom"
						},
						"0.8667": {
							"post": [-21.44668, -15.60891, -35.76364],
							"lerp_mode": "catmullrom"
						},
						"0.9667": {
							"post": [-20.51, -16.885, -35.155],
							"lerp_mode": "catmullrom"
						},
						"1.0667": {
							"post": [-22.58, -18.43, -38.52],
							"lerp_mode": "catmullrom"
						},
						"1.1333": {
							"post": [-24.14718, -19.36223, -40.42979],
							"lerp_mode": "catmullrom"
						},
						"1.2333": {
							"post": [-25.86568, -18.60362, -39.43117],
							"lerp_mode": "catmullrom"
						},
						"1.2667": {
							"post": [-20.99501, -20.7155, -42.58894],
							"lerp_mode": "catmullrom"
						},
						"1.3": {
							"post": [-21.82846, -19.64614, -34.60032],
							"lerp_mode": "catmullrom"
						},
						"1.3667": {
							"post": [-20.15865, -22.61855, -40.66399],
							"lerp_mode": "catmullrom"
						},
						"1.4667": {
							"post": [-19.78756, -20.34191, -34.63564],
							"lerp_mode": "catmullrom"
						},
						"1.5667": {
							"post": [-22.07672, -17.69201, -31.64182],
							"lerp_mode": "catmullrom"
						},
						"1.7333": {
							"post": [-15.02312, -14.02803, -26.63737],
							"lerp_mode": "catmullrom"
						},
						"1.8333": {
							"post": [-6.80188, -3.25192, -14.58751],
							"lerp_mode": "catmullrom"
						},
						"1.9333": {
							"post": [2.0003, -0.99939, -2.8349],
							"lerp_mode": "catmullrom"
						},
						"2.0": {
							"post": [0.91765, 0.12214, 2.96963],
							"lerp_mode": "catmullrom"
						},
						"2.0333": {
							"post": [0, 0, -1],
							"lerp_mode": "catmullrom"
						},
						"2.1333": {
							"post": [-0.26875, 0, 1.75],
							"lerp_mode": "catmullrom"
						},
						"2.2333": {
							"post": [0, 0, 0],
							"lerp_mode": "catmullrom"
						},
						"2.3": {
							"post": [0, 0, 0],
							"lerp_mode": "catmullrom"
						}
					},
					"position": {
						"0.0": {
							"post": [0, 0, 0],
							"lerp_mode": "catmullrom"
						},
						"0.0667": {
							"post": [-0.07, -0.32, -0.14],
							"lerp_mode": "catmullrom"
						},
						"0.1333": {
							"post": [-0.2, -0.615, -1.29],
							"lerp_mode": "catmullrom"
						},
						"0.2667": {
							"post": [-0.2, -0.19, -0.93],
							"lerp_mode": "catmullrom"
						},
						"0.3667": {
							"post": [-0.27, -0.955, -0.69],
							"lerp_mode": "catmullrom"
						},
						"0.5": {
							"post": [-0.35, -0.965, -0.805],
							"lerp_mode": "catmullrom"
						},
						"0.7": {
							"post": [-0.3, -0.845, -0.67],
							"lerp_mode": "catmullrom"
						},
						"0.8333": {
							"post": [-0.15, -0.985, -0.705],
							"lerp_mode": "catmullrom"
						},
						"0.9": {
							"post": [-0.45, 0.035, -0.605],
							"lerp_mode": "catmullrom"
						},
						"1.0": {
							"post": [-0.575, -0.425, -0.745],
							"lerp_mode": "catmullrom"
						},
						"1.1": {
							"post": [-0.355, -0.67, -0.605],
							"lerp_mode": "catmullrom"
						},
						"1.2": {
							"post": [-0.37, -0.445, -0.605],
							"lerp_mode": "catmullrom"
						},
						"1.2333": {
							"post": [-0.29, -0.445, -0.605],
							"lerp_mode": "catmullrom"
						},
						"1.2667": {
							"post": [-0.4, -0.615, -0.605],
							"lerp_mode": "catmullrom"
						},
						"1.3": {
							"post": [-0.135, -1.43, -0.65],
							"lerp_mode": "catmullrom"
						},
						"1.3667": {
							"post": [-0.47, -1, -0.76],
							"lerp_mode": "catmullrom"
						},
						"1.4667": {
							"post": [-0.275, -0.85, -0.83],
							"lerp_mode": "catmullrom"
						},
						"1.5667": {
							"post": [-0.375, -0.775, -0.6],
							"lerp_mode": "catmullrom"
						},
						"1.7333": {
							"post": [-0.535, -0.805, -0.595],
							"lerp_mode": "catmullrom"
						},
						"1.8667": {
							"post": [-0.375, -1.5, -1.65],
							"lerp_mode": "catmullrom"
						},
						"2.0333": {
							"post": [0, -0.175, 0.1],
							"lerp_mode": "catmullrom"
						},
						"2.1333": {
							"post": [-0.08125, -0.01, -0.08],
							"lerp_mode": "catmullrom"
						},
						"2.2333": {
							"post": [0, 0, 0.075],
							"lerp_mode": "catmullrom"
						},
						"2.3667": {
							"post": [0, 0, 0],
							"lerp_mode": "catmullrom"
						}
					}
				},
				"magazine_and_hand": {
					"rotation": {
						"0.0": [0, 0, 0],
						"0.0667": [2.28516, 0.46364, -15.90029],
						"0.1333": [-9.29233, 3.95655, -47.62145],
						"0.2333": [-9.29233, 3.95655, -47.62145],
						"0.4333": [-9.29233, 3.95655, -47.62145],
						"0.5": [27.89308, -2.20816, 1.04072],
						"0.7": [82.72815, 4.09982, -3.25274],
						"0.8": [82.72815, 4.09982, -3.25274],
						"0.8667": [78.74684, 0.13189, -2.74684],
						"1.0": [4.01957, 0.13189, -2.74684],
						"1.1667": [2.74684, 0.13189, -2.74684],
						"1.2667": [0, 0, 0],
						"1.3": [0, 0, 0]
					},
					"position": {
						"0.0": [0, 0, 0],
						"0.0667": [2.85298, 0.37012, 2.02562],
						"0.1333": [7.05469, -5.83111, 4.93477],
						"0.2333": [6.16325, -13.56187, 7.97192],
						"0.4333": [6.16325, -13.56187, 7.97192],
						"0.5": [5.1268, -13.0699, 8.05087],
						"0.6": [2.81431, -5.32017, 1.21068],
						"0.6667": [2.11, -2.865, -0.87],
						"0.7": [1.23, -2.57, -1.66],
						"0.8": [1.23, -2.57, -1.66],
						"0.8667": [1.08, -6.82, -1.835],
						"1.0667": [0.64, -5.25, 0.085],
						"1.1667": [0.275, -3.525, -0.25],
						"1.2333": [0.14, -3.42, -0.045],
						"1.2667": [0, -3.325, 0],
						"1.3": [0, 0, 0]
					}
				},
				"magazine_bullet": {
					"scale": {
						"0.0": [0, 0, 0],
						"0.3": {"pre": [0, 0, 0], "post": [1, 1, 1]}
					}
				},
				"additional_magazine": {
					"rotation": {
						"0.7667": [0, 0, 0],
						"0.8667": [0, 0, 0],
						"1.0": [-99.81924, -7.51466, -2.75196],
						"1.3": [-102.31924, -7.51466, -2.75196],
						"1.4333": [-102.32, -7.51, -2.75],
						"1.5": [-103.88834, -3.94483, 4.34706],
						"1.5667": [-88.0676, -42.76537, -32.60857]
					},
					"position": {
						"0.7667": [0, 0, 0],
						"0.8": [-0.01375, 0.005, 0.015],
						"0.8667": [-0.16375, -5.095, -0.16],
						"0.9333": [-0.31, -6.335, 1.84],
						"1.0": [-0.86, -8.475, 1.745],
						"1.0667": [-1.00375, -8.225, 2.135],
						"1.1667": [-1.36875, -6.65, 2],
						"1.2333": [-1.50375, -6.57, 2.205],
						"1.2667": [-1.64375, -6.15, 2.25],
						"1.3": [-1.81875, -3.35, 2.25],
						"1.4333": [-1.82, -3.35, 2.25],
						"1.5": [-1.77224, -8.31892, 3.76569],
						"1.5667": [0.80813, -15.28726, 7.65993]
					}
				},
				"camera": {
					"rotation": {
						"0.0": {
							"post": [0, 0, 0],
							"lerp_mode": "catmullrom"
						},
						"0.1333": {
							"post": [0.215, 0, -0.175],
							"lerp_mode": "catmullrom"
						},
						"0.3667": {
							"post": [1.95, 0.125, -1],
							"lerp_mode": "catmullrom"
						},
						"0.5667": {
							"post": [1.52, 0.125, -0.825],
							"lerp_mode": "catmullrom"
						},
						"0.8": {
							"post": [1.65, 0.125, -0.675],
							"lerp_mode": "catmullrom"
						},
						"0.8667": {
							"post": [2.055, 0, -0.05],
							"lerp_mode": "catmullrom"
						},
						"0.9667": {
							"post": [1.345, 0.125, -1.05],
							"lerp_mode": "catmullrom"
						},
						"1.1": {
							"post": [1.42, 0.13, -0.345],
							"lerp_mode": "catmullrom"
						},
						"1.2667": {
							"post": [1.51, 0.125, -0.675],
							"lerp_mode": "catmullrom"
						},
						"1.3333": {
							"post": [2.33, 0.025, 0],
							"lerp_mode": "catmullrom"
						},
						"1.4": {
							"post": [1.88, 0.125, -1],
							"lerp_mode": "catmullrom"
						},
						"1.5667": {
							"post": [1.88, 0.13, -0.235],
							"lerp_mode": "catmullrom"
						},
						"1.7333": {
							"post": [1.875, 0.125, -0.55],
							"lerp_mode": "catmullrom"
						},
						"2.0333": {
							"post": [-0.3, 0, 0.2],
							"lerp_mode": "catmullrom"
						},
						"2.1": {
							"post": [0.225, 0, -0.1],
							"lerp_mode": "catmullrom"
						},
						"2.2": {
							"post": [-0.125, 0, 0.1],
							"lerp_mode": "catmullrom"
						},
						"2.3": {
							"post": [0, 0, 0],
							"lerp_mode": "catmullrom"
						}
					}
				},
				"bullet": {
					"scale": 1
				},
				"constraint": {
					"rotation": {
						"0.0": [0.1, 0.1, 0.1],
						"0.2": [0.03, 0.03, 0.03],
						"1.7333": [0.03, 0.03, 0.03],
						"2.0333": [0.1, 0.1, 0.1]
					},
					"position": {
						"0.0": [0.1, 0.1, 0.4],
						"0.2": [0.03, 0.03, 0.03],
						"1.7333": [0.03, 0.03, 0.03],
						"2.0333": [0.1, 0.1, 0.4]
					}
				},
				"mag_and_lefthand": {
					"rotation": {
						"0.0": [0, 0, 0],
						"0.0667": [2.28516, 0.46364, -15.90029],
						"0.1333": [-9.29233, 3.95655, -47.62145],
						"0.2333": [-9.29233, 3.95655, -47.62145],
						"0.4333": [-9.29233, 3.95655, -47.62145],
						"0.5": [27.89308, -2.20816, 1.04072],
						"0.7": [82.72815, 4.09982, -3.25274],
						"0.8": [82.72815, 4.09982, -3.25274],
						"0.8667": [78.74684, 0.13189, -2.74684],
						"1.0": [4.01957, 0.13189, -2.74684],
						"1.1667": [2.74684, 0.13189, -2.74684],
						"1.2667": [0, 0, 0],
						"1.3": [0, 0, 0]
					},
					"position": {
						"0.0": [0, 0, 0],
						"0.0667": [2.85298, 0.37012, 2.02562],
						"0.1333": [7.05469, -5.83111, 4.93477],
						"0.2333": [6.16325, -13.56187, 7.97192],
						"0.4333": [6.16325, -13.56187, 7.97192],
						"0.5": [5.1268, -13.0699, 8.05087],
						"0.6": [2.81431, -5.32017, 1.21068],
						"0.6667": [2.11, -2.865, -0.87],
						"0.7": [1.23, -2.57, -1.66],
						"0.8": [1.23, -2.57, -1.66],
						"0.8667": [1.08, -6.82, -1.835],
						"1.0667": [0.64, -5.25, 0.085],
						"1.1667": [0.275, -3.525, -0.25],
						"1.2333": [0.14, -3.42, -0.045],
						"1.2667": [0, -3.325, 0],
						"1.3": [0, 0, 0]
					}
				},
				"mag_and_bullet": {
					"scale": {
						"0.0": [0, 0, 0],
						"0.3": {"pre": [0, 0, 0], "post": [1, 1, 1]}
					}
				},
				"mag_release": {
					"position": {
						"0.6333": [0, 0, 0],
						"0.6667": [0.125, 0, 0],
						"0.9333": [0.125, 0, 0],
						"1.0": [0, 0, 0],
						"1.2667": [0, 0, 0],
						"1.3": [0.125, 0, 0],
						"1.3667": [0.125, 0, 0],
						"1.4": [0, 0, 0]
					}
				}
			},
			"sound_effects": {
				"0.0": {
					"effect": "m4a1_raise_v2"
				},
				"0.8": {
					"effect": "m4a1_reload_fast_magout_v2"
				},
				"0.9333": {
					"effect": "m4a1_reload_magin_01"
				},
				"1.2333": {
					"effect": "m4a1_reload_magin_v2_01"
				},
				"1.8667": {
					"effect": "m4a1_reload_gl_end_v1"
				}
			}
		},
		"shoot": {
			"animation_length": 0.6333,
			"bones": {
				"root": {
					"rotation": {
						"0.0": [0, 0, 0],
						"0.0333": [1.23, 0, 0.73],
						"0.0667": [-1.87, 0, -1.17],
						"0.1": [-1.99, 0, -1.23],
						"0.1333": [-0.91, 0, -0.35],
						"0.1667": [0.18, 0, 0.53],
						"0.2": [0.27, 0, 0.27],
						"0.2333": [0.36, 0, 0.01],
						"0.2667": [0.45, 0, -0.25],
						"0.3": [0.38, -0.07, -0.08],
						"0.3333": [0.3, -0.13, 0.08],
						"0.3667": [0.23, -0.2, 0.25],
						"0.4": [0.18, -0.17, 0.17],
						"0.4333": [0.14, -0.14, 0.09],
						"0.4667": [0.1, -0.11, 0.01],
						"0.5": [0.06, -0.07, -0.07],
						"0.5333": [0.04, -0.06, -0.06],
						"0.5667": [0.03, -0.04, -0.04],
						"0.6": [0.01, -0.02, -0.02],
						"0.6333": [0, 0, 0]
					},
					"position": {
						"0.0": [0, 0, 0],
						"0.0333": [0, -0.02, 1.73],
						"0.0667": [0, -0.05, 1.38],
						"0.1": [0, -0.05, 0.67],
						"0.1333": [0, -0.05, -0.04],
						"0.1667": [0, -0.04, -0.01],
						"0.2": [0, -0.04, 0.03],
						"0.2333": [0, -0.03, 0.06],
						"0.2667": [0, -0.02, 0.1],
						"0.3": [0, -0.02, 0.07],
						"0.3333": [0, -0.01, 0.03],
						"0.3667": [0, 0, 0]
					}
				},
				"m4a1_bolt": {
					"position": {
						"0.0": [0, 0, 0],
						"0.0333": [0, 0, 5],
						"0.1": [0, 0, 1.4825],
						"0.1667": [0, 0, 0]
					}
				},
				"bullet_in_barrel": {
					"scale": {
						"0.0": [0, 0, 0],
						"0.1667": [0, 0, 0],
						"0.2": [1, 1, 1]
					}
				},
				"camera": {
					"rotation": {
						"0.0": [0, 0, 0],
						"0.0333": [0, 0, 0.6],
						"0.0667": [0, 0, -0.4],
						"0.1": [0, 0, -0.07],
						"0.1333": [0, 0, 0.33],
						"0.1667": [0, 0, 0.08],
						"0.2": [0, 0, -0.22],
						"0.2333": [0, 0, -0.15],
						"0.2667": [0, 0, 0],
						"0.3": [0, 0, 0.02],
						"0.3333": [0, 0, 0.01],
						"0.3667": [0, 0, 0]
					}
				},
				"constraint": {
					"rotation": {
						"0.1667": [0.2, 0.2, 0.2],
						"0.2333": [0.1, 0.1, 0.1],
						"0.3333": [0, 0, 0]
					},
					"position": {
						"0.1667": [0.15, 0.05, 0.25],
						"0.2333": [0.1, 0, 0.1],
						"0.3333": [0, 0, 0]
					}
				}
			},
			"sound_effects": {
				"0.0": {
					"effect": "weap_iw9_mike4_fire_plr_02"
				}
			}
		},
		"inspect": {
			"animation_length": 6.1667,
			"bones": {
				"root": {
					"rotation": {
						"0.0": {
							"post": [0, 0, 0],
							"lerp_mode": "catmullrom"
						},
						"0.1667": {
							"post": [-16.47921, -9.81655, -15.02475],
							"lerp_mode": "catmullrom"
						},
						"0.2667": {
							"post": [-18.40736, -26.44069, -37.68703],
							"lerp_mode": "catmullrom"
						},
						"0.4": {
							"post": [-15.96715, -36.09364, -52.92512],
							"lerp_mode": "catmullrom"
						},
						"0.5333": {
							"post": [-17.36928, -38.19063, -51.80192],
							"lerp_mode": "catmullrom"
						},
						"0.7": {
							"post": [-16.11701, -39.38218, -53.47447],
							"lerp_mode": "catmullrom"
						},
						"1.0333": {
							"post": [-18.99466, -38.25032, -48.88535],
							"lerp_mode": "catmullrom"
						},
						"1.2333": {
							"post": [-22.69787, -19.70601, -35.21184],
							"lerp_mode": "catmullrom"
						},
						"1.4": {
							"post": [-23.17927, -17.49128, -30.20424],
							"lerp_mode": "catmullrom"
						},
						"1.4667": {
							"post": [-24.06, -14.85125, -31.8525],
							"lerp_mode": "catmullrom"
						},
						"1.5333": {
							"post": [-24.12927, -13.96628, -27.46674],
							"lerp_mode": "catmullrom"
						},
						"1.6667": {
							"post": [-24.13, -14.02, -29.91],
							"lerp_mode": "catmullrom"
						},
						"2.3667": {
							"post": [-24.13, -14.62, -30.13],
							"lerp_mode": "catmullrom"
						},
						"2.4667": {
							"post": [-22.38653, -15.5048, -32.02257],
							"lerp_mode": "catmullrom"
						},
						"2.5": {
							"post": [-23.13877, -14.34824, -29.13691],
							"lerp_mode": "catmullrom"
						},
						"2.6": {
							"post": [-21.90123, -15.05985, -30.7463],
							"lerp_mode": "catmullrom"
						},
						"2.7333": {
							"post": [-23.53151, -13.97825, -29.21103],
							"lerp_mode": "catmullrom"
						},
						"2.7667": {
							"post": [-24.29958, -12.78629, -26.38132],
							"lerp_mode": "catmullrom"
						},
						"2.8333": {
							"post": [-23.87842, -13.97919, -28.80487],
							"lerp_mode": "catmullrom"
						},
						"2.9333": {
							"post": [-24.43904, -13.77489, -27.70404],
							"lerp_mode": "catmullrom"
						},
						"3.0333": {
							"post": [-24.13, -14.92, -29.84],
							"lerp_mode": "catmullrom"
						},
						"3.1": {
							"post": [-24.12927, -13.78503, -28.05424],
							"lerp_mode": "catmullrom"
						},
						"3.2333": {
							"post": [-24.19, -14.28, -27.61875],
							"lerp_mode": "catmullrom"
						},
						"3.4": {
							"post": [-24.22, -13.8475, -27.5575],
							"lerp_mode": "catmullrom"
						},
						"3.4667": {
							"post": [-24.29, -17.34625, -31.2525],
							"lerp_mode": "catmullrom"
						},
						"3.5333": {
							"post": [-23.85154, -12.50636, -26.39656],
							"lerp_mode": "catmullrom"
						},
						"3.6333": {
							"post": [-20.81, -13.10125, -27.02625],
							"lerp_mode": "catmullrom"
						},
						"3.7333": {
							"post": [-20.58, -5.66, -11.65],
							"lerp_mode": "catmullrom"
						},
						"3.9333": {
							"post": [-27.50449, 20.26323, 35.23224],
							"lerp_mode": "catmullrom"
						},
						"4.0667": {
							"post": [-29.845, 29.5325, 56.5125],
							"lerp_mode": "catmullrom"
						},
						"4.2333": {
							"post": [-30.9525, 30.24, 56.56375],
							"lerp_mode": "catmullrom"
						},
						"4.3667": {
							"post": [-29.02324, 30.06323, 58.84474],
							"lerp_mode": "catmullrom"
						},
						"4.4333": {
							"post": [-27.4675, 31.795, 60.56125],
							"lerp_mode": "catmullrom"
						},
						"4.5333": {
							"post": [-29.76875, 30.67875, 56.52],
							"lerp_mode": "catmullrom"
						},
						"4.6667": {
							"post": [-29.56373, 29.96896, 57.57586],
							"lerp_mode": "catmullrom"
						},
						"5.0": {
							"post": [-29.225, 29.555, 55.63],
							"lerp_mode": "catmullrom"
						},
						"5.0333": {
							"post": [-32.11369, 26.47641, 50.45753],
							"lerp_mode": "catmullrom"
						},
						"5.0667": {
							"post": [-29.9871, 29.19678, 56.23653],
							"lerp_mode": "catmullrom"
						},
						"5.1333": {
							"post": [-31.2741, 26.7239, 50.30799],
							"lerp_mode": "catmullrom"
						},
						"5.2": {
							"post": [-25.24, 23.75, 47.38],
							"lerp_mode": "catmullrom"
						},
						"5.4": {
							"post": [-9.2, 3.79, 12.45],
							"lerp_mode": "catmullrom"
						},
						"5.4667": {
							"post": [-5.15505, -0.93208, 3.01761],
							"lerp_mode": "catmullrom"
						},
						"5.6": {
							"post": [-3.63, 2.24125, -3.92],
							"lerp_mode": "catmullrom"
						},
						"5.7": {
							"post": [-0.79712, 1.52875, -1.1995],
							"lerp_mode": "catmullrom"
						},
						"5.7667": {
							"post": [0.595, 0.64, 2.28],
							"lerp_mode": "catmullrom"
						},
						"5.8": {
							"post": [0.835, 0.19, -0.9525],
							"lerp_mode": "catmullrom"
						},
						"5.9": {
							"post": [0, 0, 0.73125],
							"lerp_mode": "catmullrom"
						},
						"6.0333": {
							"post": [0, 0, 0],
							"lerp_mode": "catmullrom"
						}
					},
					"position": {
						"0.0": {
							"post": [0, 0, 0],
							"lerp_mode": "catmullrom"
						},
						"0.1": {
							"post": [-0.13, -0.34125, -0.285],
							"lerp_mode": "catmullrom"
						},
						"0.2333": {
							"post": [-0.315, 0.6675, -0.6875],
							"lerp_mode": "catmullrom"
						},
						"0.3667": {
							"post": [-0.6, -0.04375, -0.75625],
							"lerp_mode": "catmullrom"
						},
						"0.5": {
							"post": [-0.6, 0.38125, -0.97],
							"lerp_mode": "catmullrom"
						},
						"0.7333": {
							"post": [-0.7, 0.33, -0.965],
							"lerp_mode": "catmullrom"
						},
						"1.0": {
							"post": [-0.725, 0.33, -0.965],
							"lerp_mode": "catmullrom"
						},
						"1.2": {
							"post": [-0.68, -0.245, -0.79],
							"lerp_mode": "catmullrom"
						},
						"1.3667": {
							"post": [-0.59, -0.01, -0.19],
							"lerp_mode": "catmullrom"
						},
						"1.4333": {
							"post": [-0.475, -0.36, -0.19],
							"lerp_mode": "catmullrom"
						},
						"1.5": {
							"post": [-0.61, -0.34, -0.2],
							"lerp_mode": "catmullrom"
						},
						"1.7333": {
							"post": [-0.69375, -0.14, -0.21],
							"lerp_mode": "catmullrom"
						},
						"2.0333": {
							"post": [-0.74, -0.1, -0.2],
							"lerp_mode": "catmullrom"
						},
						"2.3": {
							"post": [-0.895, -0.49, -0.2],
							"lerp_mode": "catmullrom"
						},
						"2.4667": {
							"post": [-0.79, -0.24, -0.2],
							"lerp_mode": "catmullrom"
						},
						"2.5333": {
							"post": [-0.525, -0.555, -0.2],
							"lerp_mode": "catmullrom"
						},
						"2.6667": {
							"post": [-0.69, -0.295, -0.2],
							"lerp_mode": "catmullrom"
						},
						"2.7667": {
							"post": [-0.785, -0.27, -0.2],
							"lerp_mode": "catmullrom"
						},
						"2.8": {
							"post": [-0.615, -0.585, -0.2],
							"lerp_mode": "catmullrom"
						},
						"2.9333": {
							"post": [-0.65, -0.735, -0.4],
							"lerp_mode": "catmullrom"
						},
						"3.1333": {
							"post": [-0.73, -0.185, -0.2],
							"lerp_mode": "catmullrom"
						},
						"3.4": {
							"post": [-0.91, -0.1, -0.19],
							"lerp_mode": "catmullrom"
						},
						"3.4333": {
							"post": [-0.91, -0.75, -0.19],
							"lerp_mode": "catmullrom"
						},
						"3.5": {
							"post": [-0.92, -0.88, -0.17],
							"lerp_mode": "catmullrom"
						},
						"3.6333": {
							"post": [-0.91, -0.8, -0.19],
							"lerp_mode": "catmullrom"
						},
						"3.8333": {
							"post": [-0.61, -1.28, -0.69],
							"lerp_mode": "catmullrom"
						},
						"4.0": {
							"post": [-0.31, 0.9375, -1.19],
							"lerp_mode": "catmullrom"
						},
						"4.1": {
							"post": [-0.19, 1.37, -1.22],
							"lerp_mode": "catmullrom"
						},
						"4.2": {
							"post": [-0.11, 1.3, -1.19],
							"lerp_mode": "catmullrom"
						},
						"4.3": {
							"post": [-0.11, 1.2875, -1.19],
							"lerp_mode": "catmullrom"
						},
						"4.3667": {
							"post": [-0.09, 1.165, -1.32],
							"lerp_mode": "catmullrom"
						},
						"4.4667": {
							"post": [-0.06, 1.55, -1.515],
							"lerp_mode": "catmullrom"
						},
						"4.6": {
							"post": [-0.06, 1.61, -1.48],
							"lerp_mode": "catmullrom"
						},
						"4.7333": {
							"post": [-0.06, 1.53625, -1.42875],
							"lerp_mode": "catmullrom"
						},
						"5.0": {
							"post": [-0.06, 1.51, -1.43],
							"lerp_mode": "catmullrom"
						},
						"5.0333": {
							"post": [-0.06, 1.54125, -1.58],
							"lerp_mode": "catmullrom"
						},
						"5.0667": {
							"post": [-0.06, 1.37875, -1.705],
							"lerp_mode": "catmullrom"
						},
						"5.1667": {
							"post": [-0.06, 1.13, -1.42875],
							"lerp_mode": "catmullrom"
						},
						"5.4667": {
							"post": [-0.07, -1.21, -1.71],
							"lerp_mode": "catmullrom"
						},
						"5.6333": {
							"post": [0, -0.5, -1.75],
							"lerp_mode": "catmullrom"
						},
						"5.7667": {
							"post": [0, 0, 0.5],
							"lerp_mode": "catmullrom"
						},
						"5.8667": {
							"post": [0, 0, -0.10625],
							"lerp_mode": "catmullrom"
						},
						"6.0": {
							"post": [0, 0, 0.025],
							"lerp_mode": "catmullrom"
						},
						"6.1333": {
							"post": [0, 0, 0],
							"lerp_mode": "catmullrom"
						}
					}
				},
				"mag_and_lefthand": {
					"rotation": {
						"1.4": [0, 0, 0],
						"1.4667": [0, 0, 0],
						"1.7": {
							"pre": [-16.31807, -6.39323, 24.5888],
							"post": [-16.31807, -6.39323, 24.5888],
							"lerp_mode": "catmullrom"
						},
						"1.8333": {
							"post": [-18.23927, -7.11526, 29.32601],
							"lerp_mode": "catmullrom"
						},
						"2.2": [-18.39542, -2.76376, 30.37655],
						"2.3": [-8.55608, -0.74679, 9.95623],
						"2.3667": [6.75025, 9.31909, 26.309],
						"2.4333": [16.2816, 0.91382, 39.83396],
						"2.5": [7.8633, 5.28097, -1.27484],
						"2.5333": [8.29054, 4.57802, 3.69392],
						"2.5667": [6.06, 3.62, 9.62],
						"2.6333": [4.25816, 1.96595, 20.52115],
						"2.7": [5.77499, -3.09517, 34.26413],
						"2.7333": [6.73382, -1.53493, 38.33922],
						"2.7667": [7.8633, 5.28097, -1.27484],
						"2.8": [8.21004, 4.72152, 2.70101],
						"2.9": {
							"pre": [2.83504, -4.78324, 4.28282],
							"post": [2.83504, -4.78324, 4.28282],
							"lerp_mode": "catmullrom"
						},
						"2.9667": {
							"post": [-3.04117, -7.51575, 2.45303],
							"lerp_mode": "catmullrom"
						},
						"3.0667": [-1.99907, -0.06106, -1.74893],
						"3.1667": [-2, 0, 0],
						"3.2333": [0, 0, 0],
						"3.3667": [0, 0, 0],
						"3.4667": [0, 0, 0]
					},
					"position": {
						"1.4": [0, 0, 0],
						"1.4667": [0, -3, 0],
						"1.5667": {
							"pre": [1.98, -7.145, -0.02],
							"post": [1.98, -7.145, -0.02],
							"lerp_mode": "catmullrom"
						},
						"1.7": {
							"post": [3.65575, -4.57278, 0.30502],
							"lerp_mode": "catmullrom"
						},
						"1.8333": {
							"post": [4.37382, -3.82136, 0.47888],
							"lerp_mode": "catmullrom"
						},
						"2.2": [4.23, -3.63, 0.49],
						"2.3333": [2.21758, -4.47143, 2.13077],
						"2.4333": [3.2344, -1.60348, 0.56431],
						"2.5": [1.14276, -2.70841, 0.92041],
						"2.5333": [1.14276, -2.70841, 0.92041],
						"2.5667": [1.3, -2.93, 0.97],
						"2.6333": [2.64904, -3.00883, 0.62594],
						"2.7333": [2.83956, -2.50325, 0.3564],
						"2.7667": [1.14276, -2.70841, 0.92041],
						"2.8": [1.14276, -2.70841, 0.92041],
						"2.9": [0.96578, -3.18458, 0.59936],
						"2.9667": [1.26414, -4.27124, 0.12997],
						"3.0667": [0, -4.425, -0.225],
						"3.1667": [0, -3.7, -0.225],
						"3.2333": [0, -3, 0],
						"3.3667": [0, -3, 0],
						"3.4667": [0, 0, 0]
					}
				},
				"bullet": {
					"scale": 0
				},
				"lefthand": {
					"rotation": {
						"0.0": [96.9594, -29.1425, -146.85684],
						"0.0667": [125.30509, -38.28542, -211.01416],
						"0.2": [139.42303, -45.8578, -221.30543],
						"1.2": [121.50986, -18.03004, -196.84229],
						"1.3": [112.61194, -11.13329, -182.12726],
						"3.7": [112.61194, -11.13329, -182.12726],
						"3.9667": [119.17409, -0.96827, -257.06444],
						"5.3": [119.17409, -0.96827, -257.06444],
						"5.4333": [101.85565, -31.6009, -145.88105],
						"5.5333": [96.9594, -29.1425, -146.85684]
					},
					"position": {
						"0.0": [8.4187, -11.62, -12.02],
						"0.0667": [10.5, -14.36, -2.685],
						"0.1333": [12.22251, -16.43964, 3.93451],
						"0.2": [12.79981, -22.00224, 7.10336],
						"0.3667": [4.79865, -22.54859, 12.29824],
						"1.0333": [6.82365, -22.54859, 12.29824],
						"1.1333": [8.145, -18.6, 6.56],
						"1.2": [7.315, -15.96, 2.74],
						"1.3333": [7.4187, -14.62, -7.02],
						"3.7": [7.4187, -14.62, -7.02],
						"3.9667": [8.72616, -10.20423, -7.26178],
						"5.3": [8.72616, -10.20423, -7.26178],
						"5.4333": [8.26958, -11.43892, -8.59558],
						"5.5333": [8.4187, -11.62, -12.02]
					},
					"scale": [1, 1.5, 1]
				},
				"gun_and_righthand": {
					"rotation": {
						"1.4667": {
							"pre": [0, 0, 0],
							"post": [0, 0, 0],
							"lerp_mode": "catmullrom"
						},
						"1.5333": {
							"post": [-1.00009, 0.74989, 0.41191],
							"lerp_mode": "catmullrom"
						},
						"1.6667": {
							"post": [1.00009, 0.74989, -0.05691],
							"lerp_mode": "catmullrom"
						},
						"2.1": {
							"post": [0, 0, -0.32],
							"lerp_mode": "catmullrom"
						},
						"2.7667": {
							"post": [0, 0, -0.32],
							"lerp_mode": "catmullrom"
						},
						"3.0": {
							"post": [0, 0, -0.32],
							"lerp_mode": "catmullrom"
						},
						"3.2": {
							"post": [0, 0, 0],
							"lerp_mode": "catmullrom"
						}
					},
					"position": {
						"1.4667": {
							"pre": [0, 0, 0],
							"post": [0, 0, 0],
							"lerp_mode": "catmullrom"
						},
						"1.5667": {
							"post": [-0.125, 0.2, 0],
							"lerp_mode": "catmullrom"
						},
						"1.7667": {
							"post": [-0.175, -0.025, 0],
							"lerp_mode": "catmullrom"
						},
						"2.6333": {
							"post": [-0.1, -0.08, 0],
							"lerp_mode": "catmullrom"
						},
						"2.9333": {
							"post": [-0.1, 0.02, 0],
							"lerp_mode": "catmullrom"
						},
						"3.1333": {
							"post": [0, 0, 0],
							"lerp_mode": "catmullrom"
						}
					}
				},
				"mag_release": {
					"position": {
						"1.2667": [0, 0, 0],
						"1.3333": [0.125, 0, 0],
						"1.6": [0.125, 0, 0],
						"1.6667": [0, 0, 0],
						"3.4": [0, 0, 0],
						"3.4667": [0.125, 0, 0],
						"3.5667": [0.125, 0, 0],
						"3.6333": [0, 0, 0]
					}
				},
				"pull2": {
					"position": {
						"4.2667": [0, 0, 0],
						"4.4": [0, 0, 3],
						"4.5": [0, 0, 3.1],
						"4.6667": [0, 0, 2.945],
						"4.8667": [0, 0, 2.88],
						"5.0": [0, 0, 3],
						"5.0333": [0, 0, 0]
					}
				},
				"righthand": {
					"rotation": [96.07, 8.95, -179.05],
					"position": [-6.5, -14.3, -1.7],
					"scale": [1, 1.5, 1]
				},
				"camera": {
					"rotation": {
						"0.0": {
							"post": [0, 0, 0],
							"lerp_mode": "catmullrom"
						},
						"0.1333": {
							"post": [0.42, 0.12, -0.16],
							"lerp_mode": "catmullrom"
						},
						"0.3": {
							"post": [2, 0.275, -0.375],
							"lerp_mode": "catmullrom"
						},
						"0.4333": {
							"post": [2.7, 0.33, -0.2],
							"lerp_mode": "catmullrom"
						},
						"0.5667": {
							"post": [2.345, 0.37, -0.695],
							"lerp_mode": "catmullrom"
						},
						"0.7333": {
							"post": [2.23, 0.4, -0.575],
							"lerp_mode": "catmullrom"
						},
						"1.0667": {
							"post": [2.4, 0.49, -0.79],
							"lerp_mode": "catmullrom"
						},
						"1.4": {
							"post": [2.16, 0.35, -0.925],
							"lerp_mode": "catmullrom"
						},
						"1.5": {
							"post": [3.415, -0.27, -0.125],
							"lerp_mode": "catmullrom"
						},
						"1.6": {
							"post": [3.375, -1.03, -1.25],
							"lerp_mode": "catmullrom"
						},
						"1.7333": {
							"post": [3.66, -1.75, -0.625],
							"lerp_mode": "catmullrom"
						},
						"2.1333": {
							"post": [3.65, -1.88, -0.3],
							"lerp_mode": "catmullrom"
						},
						"2.3667": {
							"post": [3.61, 0.26, -0.15],
							"lerp_mode": "catmullrom"
						},
						"2.4667": {
							"post": [3.62, 0.73, -0.1],
							"lerp_mode": "catmullrom"
						},
						"2.5333": {
							"post": [3.795, 0.82, 0.08],
							"lerp_mode": "catmullrom"
						},
						"2.6333": {
							"post": [3.445, 0.85, -0.17],
							"lerp_mode": "catmullrom"
						},
						"2.7333": {
							"post": [3.565, 0.86, 0.09],
							"lerp_mode": "catmullrom"
						},
						"2.8": {
							"post": [3.925, 0.86, -0.195],
							"lerp_mode": "catmullrom"
						},
						"2.8667": {
							"post": [3.805, 0.84, -0.04],
							"lerp_mode": "catmullrom"
						},
						"2.9667": {
							"post": [4.255, 0.79, -0.335],
							"lerp_mode": "catmullrom"
						},
						"3.0667": {
							"post": [4.24, 0.775, -0.32],
							"lerp_mode": "catmullrom"
						},
						"3.1333": {
							"post": [4.545, 0.985, -0.365],
							"lerp_mode": "catmullrom"
						},
						"3.2": {
							"post": [4.56, 1.125, -0.55],
							"lerp_mode": "catmullrom"
						},
						"3.4": {
							"post": [4.73, 1.13, -0.76],
							"lerp_mode": "catmullrom"
						},
						"3.4667": {
							"post": [5.465, 1.12, -0.255],
							"lerp_mode": "catmullrom"
						},
						"3.5": {
							"post": [5.53, 1.135, -0.39],
							"lerp_mode": "catmullrom"
						},
						"3.5667": {
							"post": [4.565, 1.1, -1.505],
							"lerp_mode": "catmullrom"
						},
						"3.7": {
							"post": [4.71, 1.275, -0.525],
							"lerp_mode": "catmullrom"
						},
						"3.8333": {
							"post": [4.16, 1.68, -0.51],
							"lerp_mode": "catmullrom"
						},
						"4.1667": {
							"post": [3.265, 2.9, 0.575],
							"lerp_mode": "catmullrom"
						},
						"4.2667": {
							"post": [3.3, 2.96, 0.66],
							"lerp_mode": "catmullrom"
						},
						"4.3667": {
							"post": [3.37, 2.97, 1.205],
							"lerp_mode": "catmullrom"
						},
						"4.4667": {
							"post": [4.16, 2.96, 0.27],
							"lerp_mode": "catmullrom"
						},
						"4.8": {
							"post": [3.66, 2.96, 0.82],
							"lerp_mode": "catmullrom"
						},
						"5.0": {
							"post": [3.535, 2.85, 0.975],
							"lerp_mode": "catmullrom"
						},
						"5.0667": {
							"post": [4.09, 2.75, 1.895],
							"lerp_mode": "catmullrom"
						},
						"5.1667": {
							"post": [2.74, 2.27, 0.1],
							"lerp_mode": "catmullrom"
						},
						"5.3667": {
							"post": [2.405, 0.185, 1.37],
							"lerp_mode": "catmullrom"
						},
						"5.6": {
							"post": [-0.33, -0.04, 0.51],
							"lerp_mode": "catmullrom"
						},
						"5.8": {
							"post": [-0.125, 0, -0.275],
							"lerp_mode": "catmullrom"
						},
						"5.9": {
							"post": [0.44, 0.04, 0.25],
							"lerp_mode": "catmullrom"
						},
						"6.0333": {
							"post": [-0.065, 0.02, -0.095],
							"lerp_mode": "catmullrom"
						},
						"6.1667": {
							"post": [0, 0, 0],
							"lerp_mode": "catmullrom"
						}
					}
				}
			},
			"sound_effects": {
				"0.1": {
					"effect": "p01_ar_mike4_inspect_lift"
				},
				"1.4": {
					"effect": "p01_ar_mike4_reload_magout"
				},
				"2.4333": {
					"effect": "p06_ar_falpha_inspect_maghit1"
				},
				"2.7": {
					"effect": "p06_ar_falpha_inspect_maghit2"
				},
				"3.1667": {
					"effect": "p01_ar_mike4_inspect_maghit"
				},
				"3.3667": {
					"effect": "p01_ar_mike4_inspect_magin"
				},
				"3.9333": {
					"effect": "p01_ar_mike4_inspect_boltpull"
				},
				"4.9333": {
					"effect": "p01_ar_mike4_inspect_end"
				},
				"4.9667": {
					"effect": "p01_ar_mike4_inspect_boltclose"
				},
				"5.2667": {
					"effect": "p01_ar_mike4_hybrid01_off_arm"
				}
			}
		},
		"inspect_empty": {
			"animation_length": 6.1667,
			"bones": {
				"root": {
					"rotation": {
						"0.0": {
							"post": [0, 0, 0],
							"lerp_mode": "catmullrom"
						},
						"0.1667": {
							"post": [-16.47921, -9.81655, -15.02475],
							"lerp_mode": "catmullrom"
						},
						"0.2667": {
							"post": [-18.40736, -26.44069, -37.68703],
							"lerp_mode": "catmullrom"
						},
						"0.4": {
							"post": [-15.96715, -36.09364, -52.92512],
							"lerp_mode": "catmullrom"
						},
						"0.5333": {
							"post": [-17.36928, -38.19063, -51.80192],
							"lerp_mode": "catmullrom"
						},
						"0.7": {
							"post": [-16.11701, -39.38218, -53.47447],
							"lerp_mode": "catmullrom"
						},
						"1.0333": {
							"post": [-18.99466, -38.25032, -48.88535],
							"lerp_mode": "catmullrom"
						},
						"1.2333": {
							"post": [-22.69787, -19.70601, -35.21184],
							"lerp_mode": "catmullrom"
						},
						"1.4": {
							"post": [-23.17927, -17.49128, -30.20424],
							"lerp_mode": "catmullrom"
						},
						"1.4667": {
							"post": [-24.06, -14.85125, -31.8525],
							"lerp_mode": "catmullrom"
						},
						"1.5333": {
							"post": [-24.12927, -13.96628, -27.46674],
							"lerp_mode": "catmullrom"
						},
						"1.6667": {
							"post": [-24.13, -14.02, -29.91],
							"lerp_mode": "catmullrom"
						},
						"2.3667": {
							"post": [-24.13, -14.62, -30.13],
							"lerp_mode": "catmullrom"
						},
						"2.4667": {
							"post": [-22.38653, -15.5048, -32.02257],
							"lerp_mode": "catmullrom"
						},
						"2.5": {
							"post": [-23.13877, -14.34824, -29.13691],
							"lerp_mode": "catmullrom"
						},
						"2.6": {
							"post": [-21.90123, -15.05985, -30.7463],
							"lerp_mode": "catmullrom"
						},
						"2.7333": {
							"post": [-23.53151, -13.97825, -29.21103],
							"lerp_mode": "catmullrom"
						},
						"2.7667": {
							"post": [-24.29958, -12.78629, -26.38132],
							"lerp_mode": "catmullrom"
						},
						"2.8333": {
							"post": [-23.87842, -13.97919, -28.80487],
							"lerp_mode": "catmullrom"
						},
						"2.9333": {
							"post": [-24.43904, -13.77489, -27.70404],
							"lerp_mode": "catmullrom"
						},
						"3.0333": {
							"post": [-24.13, -14.92, -29.84],
							"lerp_mode": "catmullrom"
						},
						"3.1": {
							"post": [-24.12927, -13.78503, -28.05424],
							"lerp_mode": "catmullrom"
						},
						"3.2333": {
							"post": [-24.19, -14.28, -27.61875],
							"lerp_mode": "catmullrom"
						},
						"3.4": {
							"post": [-24.22, -13.8475, -27.5575],
							"lerp_mode": "catmullrom"
						},
						"3.4667": {
							"post": [-24.29, -17.34625, -31.2525],
							"lerp_mode": "catmullrom"
						},
						"3.5333": {
							"post": [-23.85154, -12.50636, -26.39656],
							"lerp_mode": "catmullrom"
						},
						"3.6333": {
							"post": [-20.81, -13.10125, -27.02625],
							"lerp_mode": "catmullrom"
						},
						"3.7333": {
							"post": [-20.58, -5.66, -11.65],
							"lerp_mode": "catmullrom"
						},
						"3.9333": {
							"post": [-27.50449, 20.26323, 35.23224],
							"lerp_mode": "catmullrom"
						},
						"4.0667": {
							"post": [-29.845, 29.5325, 56.5125],
							"lerp_mode": "catmullrom"
						},
						"4.2333": {
							"post": [-30.9525, 30.24, 56.56375],
							"lerp_mode": "catmullrom"
						},
						"4.3667": {
							"post": [-29.02324, 30.06323, 58.84474],
							"lerp_mode": "catmullrom"
						},
						"4.4333": {
							"post": [-27.4675, 31.795, 60.56125],
							"lerp_mode": "catmullrom"
						},
						"4.5333": {
							"post": [-29.76875, 30.67875, 56.52],
							"lerp_mode": "catmullrom"
						},
						"4.6667": {
							"post": [-29.56373, 29.96896, 57.57586],
							"lerp_mode": "catmullrom"
						},
						"5.0": {
							"post": [-29.225, 29.555, 55.63],
							"lerp_mode": "catmullrom"
						},
						"5.0333": {
							"post": [-32.11369, 26.47641, 50.45753],
							"lerp_mode": "catmullrom"
						},
						"5.0667": {
							"post": [-29.9871, 29.19678, 56.23653],
							"lerp_mode": "catmullrom"
						},
						"5.1333": {
							"post": [-31.2741, 26.7239, 50.30799],
							"lerp_mode": "catmullrom"
						},
						"5.2": {
							"post": [-25.24, 23.75, 47.38],
							"lerp_mode": "catmullrom"
						},
						"5.4": {
							"post": [-9.2, 3.79, 12.45],
							"lerp_mode": "catmullrom"
						},
						"5.4667": {
							"post": [-5.15505, -0.93208, 3.01761],
							"lerp_mode": "catmullrom"
						},
						"5.6": {
							"post": [-3.63, 2.24125, -3.92],
							"lerp_mode": "catmullrom"
						},
						"5.7": {
							"post": [-0.79712, 1.52875, -1.1995],
							"lerp_mode": "catmullrom"
						},
						"5.7667": {
							"post": [0.595, 0.64, 2.28],
							"lerp_mode": "catmullrom"
						},
						"5.8": {
							"post": [0.835, 0.19, -0.9525],
							"lerp_mode": "catmullrom"
						},
						"5.9": {
							"post": [0, 0, 0.73125],
							"lerp_mode": "catmullrom"
						},
						"6.0333": {
							"post": [0, 0, 0],
							"lerp_mode": "catmullrom"
						}
					},
					"position": {
						"0.0": {
							"post": [0, 0, 0],
							"lerp_mode": "catmullrom"
						},
						"0.1": {
							"post": [-0.13, -0.34125, -0.285],
							"lerp_mode": "catmullrom"
						},
						"0.2333": {
							"post": [-0.315, 0.6675, -0.6875],
							"lerp_mode": "catmullrom"
						},
						"0.3667": {
							"post": [-0.6, -0.04375, -0.75625],
							"lerp_mode": "catmullrom"
						},
						"0.5": {
							"post": [-0.6, 0.38125, -0.97],
							"lerp_mode": "catmullrom"
						},
						"0.7333": {
							"post": [-0.7, 0.33, -0.965],
							"lerp_mode": "catmullrom"
						},
						"1.0": {
							"post": [-0.725, 0.33, -0.965],
							"lerp_mode": "catmullrom"
						},
						"1.2": {
							"post": [-0.68, -0.245, -0.79],
							"lerp_mode": "catmullrom"
						},
						"1.3667": {
							"post": [-0.59, -0.01, -0.19],
							"lerp_mode": "catmullrom"
						},
						"1.4333": {
							"post": [-0.475, -0.36, -0.19],
							"lerp_mode": "catmullrom"
						},
						"1.5": {
							"post": [-0.61, -0.34, -0.2],
							"lerp_mode": "catmullrom"
						},
						"1.7333": {
							"post": [-0.69375, -0.14, -0.21],
							"lerp_mode": "catmullrom"
						},
						"2.0333": {
							"post": [-0.74, -0.1, -0.2],
							"lerp_mode": "catmullrom"
						},
						"2.3": {
							"post": [-0.895, -0.49, -0.2],
							"lerp_mode": "catmullrom"
						},
						"2.4667": {
							"post": [-0.79, -0.24, -0.2],
							"lerp_mode": "catmullrom"
						},
						"2.5333": {
							"post": [-0.525, -0.555, -0.2],
							"lerp_mode": "catmullrom"
						},
						"2.6667": {
							"post": [-0.69, -0.295, -0.2],
							"lerp_mode": "catmullrom"
						},
						"2.7667": {
							"post": [-0.785, -0.27, -0.2],
							"lerp_mode": "catmullrom"
						},
						"2.8": {
							"post": [-0.615, -0.585, -0.2],
							"lerp_mode": "catmullrom"
						},
						"2.9333": {
							"post": [-0.65, -0.735, -0.4],
							"lerp_mode": "catmullrom"
						},
						"3.1333": {
							"post": [-0.73, -0.185, -0.2],
							"lerp_mode": "catmullrom"
						},
						"3.4": {
							"post": [-0.91, -0.1, -0.19],
							"lerp_mode": "catmullrom"
						},
						"3.4333": {
							"post": [-0.91, -0.75, -0.19],
							"lerp_mode": "catmullrom"
						},
						"3.5": {
							"post": [-0.92, -0.88, -0.17],
							"lerp_mode": "catmullrom"
						},
						"3.6333": {
							"post": [-0.91, -0.8, -0.19],
							"lerp_mode": "catmullrom"
						},
						"3.8333": {
							"post": [-0.61, -1.28, -0.69],
							"lerp_mode": "catmullrom"
						},
						"4.0": {
							"post": [-0.31, 0.9375, -1.19],
							"lerp_mode": "catmullrom"
						},
						"4.1": {
							"post": [-0.19, 1.37, -1.22],
							"lerp_mode": "catmullrom"
						},
						"4.2": {
							"post": [-0.11, 1.3, -1.19],
							"lerp_mode": "catmullrom"
						},
						"4.3": {
							"post": [-0.11, 1.2875, -1.19],
							"lerp_mode": "catmullrom"
						},
						"4.3667": {
							"post": [-0.09, 1.165, -1.32],
							"lerp_mode": "catmullrom"
						},
						"4.4667": {
							"post": [-0.06, 1.55, -1.515],
							"lerp_mode": "catmullrom"
						},
						"4.6": {
							"post": [-0.06, 1.61, -1.48],
							"lerp_mode": "catmullrom"
						},
						"4.7333": {
							"post": [-0.06, 1.53625, -1.42875],
							"lerp_mode": "catmullrom"
						},
						"5.0": {
							"post": [-0.06, 1.51, -1.43],
							"lerp_mode": "catmullrom"
						},
						"5.0333": {
							"post": [-0.06, 1.54125, -1.58],
							"lerp_mode": "catmullrom"
						},
						"5.0667": {
							"post": [-0.06, 1.37875, -1.705],
							"lerp_mode": "catmullrom"
						},
						"5.1667": {
							"post": [-0.06, 1.13, -1.42875],
							"lerp_mode": "catmullrom"
						},
						"5.4667": {
							"post": [-0.07, -1.21, -1.71],
							"lerp_mode": "catmullrom"
						},
						"5.6333": {
							"post": [0, -0.5, -1.75],
							"lerp_mode": "catmullrom"
						},
						"5.7667": {
							"post": [0, 0, 0.5],
							"lerp_mode": "catmullrom"
						},
						"5.8667": {
							"post": [0, 0, -0.10625],
							"lerp_mode": "catmullrom"
						},
						"6.0": {
							"post": [0, 0, 0.025],
							"lerp_mode": "catmullrom"
						},
						"6.1333": {
							"post": [0, 0, 0],
							"lerp_mode": "catmullrom"
						}
					}
				},
				"mag_and_lefthand": {
					"rotation": {
						"1.4": [0, 0, 0],
						"1.4667": [0, 0, 0],
						"1.7": {
							"pre": [-16.31807, -6.39323, 24.5888],
							"post": [-16.31807, -6.39323, 24.5888],
							"lerp_mode": "catmullrom"
						},
						"1.8333": {
							"post": [-18.23927, -7.11526, 29.32601],
							"lerp_mode": "catmullrom"
						},
						"2.2": [-18.39542, -2.76376, 30.37655],
						"2.3": [-8.55608, -0.74679, 9.95623],
						"2.3667": [6.75025, 9.31909, 26.309],
						"2.4333": [16.2816, 0.91382, 39.83396],
						"2.5": [7.8633, 5.28097, -1.27484],
						"2.5333": [8.29054, 4.57802, 3.69392],
						"2.5667": [6.06, 3.62, 9.62],
						"2.6333": [4.25816, 1.96595, 20.52115],
						"2.7": [5.77499, -3.09517, 34.26413],
						"2.7333": [6.73382, -1.53493, 38.33922],
						"2.7667": [7.8633, 5.28097, -1.27484],
						"2.8": [8.21004, 4.72152, 2.70101],
						"2.9": {
							"pre": [2.83504, -4.78324, 4.28282],
							"post": [2.83504, -4.78324, 4.28282],
							"lerp_mode": "catmullrom"
						},
						"2.9667": {
							"post": [-3.04117, -7.51575, 2.45303],
							"lerp_mode": "catmullrom"
						},
						"3.0667": [-1.99907, -0.06106, -1.74893],
						"3.1667": [-2, 0, 0],
						"3.2333": [0, 0, 0],
						"3.3667": [0, 0, 0],
						"3.4667": [0, 0, 0]
					},
					"position": {
						"1.4": [0, 0, 0],
						"1.4667": [0, -3, 0],
						"1.5667": {
							"pre": [1.98, -7.145, -0.02],
							"post": [1.98, -7.145, -0.02],
							"lerp_mode": "catmullrom"
						},
						"1.7": {
							"post": [3.65575, -4.57278, 0.30502],
							"lerp_mode": "catmullrom"
						},
						"1.8333": {
							"post": [4.37382, -3.82136, 0.47888],
							"lerp_mode": "catmullrom"
						},
						"2.2": [4.23, -3.63, 0.49],
						"2.3333": [2.21758, -4.47143, 2.13077],
						"2.4333": [3.2344, -1.60348, 0.56431],
						"2.5": [1.14276, -2.70841, 0.92041],
						"2.5333": [1.14276, -2.70841, 0.92041],
						"2.5667": [1.3, -2.93, 0.97],
						"2.6333": [2.64904, -3.00883, 0.62594],
						"2.7333": [2.83956, -2.50325, 0.3564],
						"2.7667": [1.14276, -2.70841, 0.92041],
						"2.8": [1.14276, -2.70841, 0.92041],
						"2.9": [0.96578, -3.18458, 0.59936],
						"2.9667": [1.26414, -4.27124, 0.12997],
						"3.0667": [0, -4.425, -0.225],
						"3.1667": [0, -3.7, -0.225],
						"3.2333": [0, -3, 0],
						"3.3667": [0, -3, 0],
						"3.4667": [0, 0, 0]
					}
				},
				"bullet": {
					"scale": 0
				},
				"lefthand": {
					"rotation": {
						"0.0": [96.9594, -29.1425, -146.85684],
						"0.0667": [125.30509, -38.28542, -211.01416],
						"0.2": [139.42303, -45.8578, -221.30543],
						"1.2": [121.50986, -18.03004, -196.84229],
						"1.3": [112.61194, -11.13329, -182.12726],
						"3.7": [112.61194, -11.13329, -182.12726],
						"3.9667": [119.17409, -0.96827, -257.06444],
						"5.3": [119.17409, -0.96827, -257.06444],
						"5.4333": [101.85565, -31.6009, -145.88105],
						"5.5333": [96.9594, -29.1425, -146.85684]
					},
					"position": {
						"0.0": [8.4187, -11.62, -12.02],
						"0.0667": [10.5, -14.36, -2.685],
						"0.1333": [12.22251, -16.43964, 3.93451],
						"0.2": [12.79981, -22.00224, 7.10336],
						"0.3667": [4.79865, -22.54859, 12.29824],
						"1.0333": [6.82365, -22.54859, 12.29824],
						"1.1333": [8.145, -18.6, 6.56],
						"1.2": [7.315, -15.96, 2.74],
						"1.3333": [7.4187, -14.62, -7.02],
						"3.7": [7.4187, -14.62, -7.02],
						"3.9667": [8.72616, -10.20423, -7.26178],
						"5.3": [8.72616, -10.20423, -7.26178],
						"5.4333": [8.26958, -11.43892, -8.59558],
						"5.5333": [8.4187, -11.62, -12.02]
					},
					"scale": [1, 1.5, 1]
				},
				"gun_and_righthand": {
					"rotation": {
						"1.4667": {
							"pre": [0, 0, 0],
							"post": [0, 0, 0],
							"lerp_mode": "catmullrom"
						},
						"1.5333": {
							"post": [-1.00009, 0.74989, 0.41191],
							"lerp_mode": "catmullrom"
						},
						"1.6667": {
							"post": [1.00009, 0.74989, -0.05691],
							"lerp_mode": "catmullrom"
						},
						"2.1": {
							"post": [0, 0, -0.32],
							"lerp_mode": "catmullrom"
						},
						"2.7667": {
							"post": [0, 0, -0.32],
							"lerp_mode": "catmullrom"
						},
						"3.0": {
							"post": [0, 0, -0.32],
							"lerp_mode": "catmullrom"
						},
						"3.2": {
							"post": [0, 0, 0],
							"lerp_mode": "catmullrom"
						}
					},
					"position": {
						"1.4667": {
							"pre": [0, 0, 0],
							"post": [0, 0, 0],
							"lerp_mode": "catmullrom"
						},
						"1.5667": {
							"post": [-0.125, 0.2, 0],
							"lerp_mode": "catmullrom"
						},
						"1.7667": {
							"post": [-0.175, -0.025, 0],
							"lerp_mode": "catmullrom"
						},
						"2.6333": {
							"post": [-0.1, -0.08, 0],
							"lerp_mode": "catmullrom"
						},
						"2.9333": {
							"post": [-0.1, 0.02, 0],
							"lerp_mode": "catmullrom"
						},
						"3.1333": {
							"post": [0, 0, 0],
							"lerp_mode": "catmullrom"
						}
					}
				},
				"mag_release": {
					"position": {
						"1.2667": [0, 0, 0],
						"1.3333": [0.125, 0, 0],
						"1.6": [0.125, 0, 0],
						"1.6667": [0, 0, 0],
						"3.4": [0, 0, 0],
						"3.4667": [0.125, 0, 0],
						"3.5667": [0.125, 0, 0],
						"3.6333": [0, 0, 0]
					}
				},
				"pull2": {
					"position": {
						"4.2667": [0, 0, 0],
						"4.4": [0, 0, 3],
						"4.5": [0, 0, 3.1],
						"4.6667": [0, 0, 2.945],
						"4.8667": [0, 0, 2.88],
						"5.0": [0, 0, 3],
						"5.0333": [0, 0, 0]
					}
				},
				"righthand": {
					"rotation": [96.07, 8.95, -179.05],
					"position": [-6.5, -14.3, -1.7],
					"scale": [1, 1.5, 1]
				},
				"camera": {
					"rotation": {
						"0.0": {
							"post": [0, 0, 0],
							"lerp_mode": "catmullrom"
						},
						"0.1333": {
							"post": [0.42, 0.12, -0.16],
							"lerp_mode": "catmullrom"
						},
						"0.3": {
							"post": [2, 0.275, -0.375],
							"lerp_mode": "catmullrom"
						},
						"0.4333": {
							"post": [2.7, 0.33, -0.2],
							"lerp_mode": "catmullrom"
						},
						"0.5667": {
							"post": [2.345, 0.37, -0.695],
							"lerp_mode": "catmullrom"
						},
						"0.7333": {
							"post": [2.23, 0.4, -0.575],
							"lerp_mode": "catmullrom"
						},
						"1.0667": {
							"post": [2.4, 0.49, -0.79],
							"lerp_mode": "catmullrom"
						},
						"1.4": {
							"post": [2.16, 0.35, -0.925],
							"lerp_mode": "catmullrom"
						},
						"1.5": {
							"post": [3.415, -0.27, -0.125],
							"lerp_mode": "catmullrom"
						},
						"1.6": {
							"post": [3.375, -1.03, -1.25],
							"lerp_mode": "catmullrom"
						},
						"1.7333": {
							"post": [3.66, -1.75, -0.625],
							"lerp_mode": "catmullrom"
						},
						"2.1333": {
							"post": [3.65, -1.88, -0.3],
							"lerp_mode": "catmullrom"
						},
						"2.3667": {
							"post": [3.61, 0.26, -0.15],
							"lerp_mode": "catmullrom"
						},
						"2.4667": {
							"post": [3.62, 0.73, -0.1],
							"lerp_mode": "catmullrom"
						},
						"2.5333": {
							"post": [3.795, 0.82, 0.08],
							"lerp_mode": "catmullrom"
						},
						"2.6333": {
							"post": [3.445, 0.85, -0.17],
							"lerp_mode": "catmullrom"
						},
						"2.7333": {
							"post": [3.565, 0.86, 0.09],
							"lerp_mode": "catmullrom"
						},
						"2.8": {
							"post": [3.925, 0.86, -0.195],
							"lerp_mode": "catmullrom"
						},
						"2.8667": {
							"post": [3.805, 0.84, -0.04],
							"lerp_mode": "catmullrom"
						},
						"2.9667": {
							"post": [4.255, 0.79, -0.335],
							"lerp_mode": "catmullrom"
						},
						"3.0667": {
							"post": [4.24, 0.775, -0.32],
							"lerp_mode": "catmullrom"
						},
						"3.1333": {
							"post": [4.545, 0.985, -0.365],
							"lerp_mode": "catmullrom"
						},
						"3.2": {
							"post": [4.56, 1.125, -0.55],
							"lerp_mode": "catmullrom"
						},
						"3.4": {
							"post": [4.73, 1.13, -0.76],
							"lerp_mode": "catmullrom"
						},
						"3.4667": {
							"post": [5.465, 1.12, -0.255],
							"lerp_mode": "catmullrom"
						},
						"3.5": {
							"post": [5.53, 1.135, -0.39],
							"lerp_mode": "catmullrom"
						},
						"3.5667": {
							"post": [4.565, 1.1, -1.505],
							"lerp_mode": "catmullrom"
						},
						"3.7": {
							"post": [4.71, 1.275, -0.525],
							"lerp_mode": "catmullrom"
						},
						"3.8333": {
							"post": [4.16, 1.68, -0.51],
							"lerp_mode": "catmullrom"
						},
						"4.1667": {
							"post": [3.265, 2.9, 0.575],
							"lerp_mode": "catmullrom"
						},
						"4.2667": {
							"post": [3.3, 2.96, 0.66],
							"lerp_mode": "catmullrom"
						},
						"4.3667": {
							"post": [3.37, 2.97, 1.205],
							"lerp_mode": "catmullrom"
						},
						"4.4667": {
							"post": [4.16, 2.96, 0.27],
							"lerp_mode": "catmullrom"
						},
						"4.8": {
							"post": [3.66, 2.96, 0.82],
							"lerp_mode": "catmullrom"
						},
						"5.0": {
							"post": [3.535, 2.85, 0.975],
							"lerp_mode": "catmullrom"
						},
						"5.0667": {
							"post": [4.09, 2.75, 1.895],
							"lerp_mode": "catmullrom"
						},
						"5.1667": {
							"post": [2.74, 2.27, 0.1],
							"lerp_mode": "catmullrom"
						},
						"5.3667": {
							"post": [2.405, 0.185, 1.37],
							"lerp_mode": "catmullrom"
						},
						"5.6": {
							"post": [-0.33, -0.04, 0.51],
							"lerp_mode": "catmullrom"
						},
						"5.8": {
							"post": [-0.125, 0, -0.275],
							"lerp_mode": "catmullrom"
						},
						"5.9": {
							"post": [0.44, 0.04, 0.25],
							"lerp_mode": "catmullrom"
						},
						"6.0333": {
							"post": [-0.065, 0.02, -0.095],
							"lerp_mode": "catmullrom"
						},
						"6.1667": {
							"post": [0, 0, 0],
							"lerp_mode": "catmullrom"
						}
					}
				}
			},
			"sound_effects": {
				"0.1": {
					"effect": "p01_ar_mike4_inspect_lift"
				},
				"1.4": {
					"effect": "p01_ar_mike4_reload_magout"
				},
				"2.4333": {
					"effect": "p06_ar_falpha_inspect_maghit1"
				},
				"2.7": {
					"effect": "p06_ar_falpha_inspect_maghit2"
				},
				"3.1667": {
					"effect": "p01_ar_mike4_inspect_maghit"
				},
				"3.3667": {
					"effect": "p01_ar_mike4_inspect_magin"
				},
				"3.9333": {
					"effect": "p01_ar_mike4_inspect_boltpull"
				},
				"4.9333": {
					"effect": "p01_ar_mike4_inspect_end"
				},
				"4.9667": {
					"effect": "p01_ar_mike4_inspect_boltclose"
				},
				"5.2667": {
					"effect": "p01_ar_mike4_hybrid01_off_arm"
				}
			}
		},
		"static_AFG": {
			"loop": true,
			"bones": {
				"lefthand": {
					"rotation": [99.23041, -26.24139, -160.11401],
					"position": [8.46875, -10.72, -12.945],
					"scale": [1, 1.5, 1]
				}
			}
		},
		"static_VG": {
			"loop": true,
			"bones": {
				"lefthand": {
					"rotation": [100.86151, -20.44318, -185.78357],
					"position": [7.14375, -13.47, -12.595],
					"scale": [1, 1.5, 1]
				}
			}
		},
		"static_semi": {
			"loop": true,
			"bones": {
				"selector": {
					"rotation": [0, 0, 0]
				}
			}
		},
		"select_auto": {
			"animation_length": 0.6667,
			"bones": {
				"righthand": {
					"rotation": {
						"0.0": [96.07, 8.95, -179.05],
						"0.0333": [96.07, 8.95, -179.05],
						"0.0667": [96.07, 8.95, -179.05],
						"0.1": [94.65, 8.89, -175.34],
						"0.1333": [93.22, 8.83, -171.63],
						"0.1667": [91.79, 8.77, -167.92],
						"0.2": [94.85, 9.01, -173.99],
						"0.2333": [94.43, 9.18, -189.18],
						"0.2667": [94.43, 9.18, -189.18],
						"0.3": [94.71, 9.14, -187.49],
						"0.3333": [94.98, 9.11, -185.8],
						"0.3667": [95.25, 9.07, -184.11],
						"0.4": [95.53, 9.03, -182.43],
						"0.4333": [95.8, 8.99, -180.74],
						"0.4667": [96.07, 8.95, -179.05]
					},
					"position": {
						"0.0": [-6.5, -14.3, -1.7],
						"0.0333": [-6.5, -14.3, -1.7],
						"0.0667": [-6.5, -14.3, -1.7],
						"0.1": [-6.5, -14.06, -1.57],
						"0.1333": [-6.5, -13.82, -1.43],
						"0.1667": [-6.5, -13.57, -1.3],
						"0.2": [-6.5, -13.57, -1.3],
						"0.2333": [-6.5, -13.57, -1.3],
						"0.2667": [-6.5, -13.57, -1.3],
						"0.3": [-6.5, -13.57, -1.3],
						"0.3333": [-6.5, -13.57, -1.3],
						"0.3667": [-6.5, -13.76, -1.4],
						"0.4": [-6.5, -13.94, -1.5],
						"0.4333": [-6.5, -14.12, -1.6],
						"0.4667": [-6.5, -14.3, -1.7]
					},
					"scale": [1, 1.5, 1]
				},
				"lefthand": {
					"rotation": [96.96, -29.14, -146.86],
					"position": [8.42, -11.62, -12.02],
					"scale": [1, 1.5, 1]
				},
				"root": {
					"rotation": {
						"0.0": [0, 0, 0],
						"0.0333": [0.57, 0.01, 0.02],
						"0.0667": [1.35, 0.04, 0.05],
						"0.1": [1.93, 0.05, 0.06],
						"0.1333": [2.16, 0.06, 0.13],
						"0.1667": [2.19, 0.06, 0.18],
						"0.2": [2.06, 0.05, -0.05],
						"0.2333": [1.37, 0, -1.48],
						"0.2667": [0.77, -0.04, -2.73],
						"0.3": [1.09, -0.04, -2.17],
						"0.3333": [1.6, -0.02, -1.39],
						"0.3667": [1.87, -0.02, -1.91],
						"0.4": [1.83, -0.03, -2.32],
						"0.4333": [1.53, -0.02, -1.96],
						"0.4667": [1.07, -0.01, -1.33],
						"0.5": [0.59, -0.01, -0.67],
						"0.5333": [0.25, 0, -0.2],
						"0.5667": [0.09, 0, -0.01],
						"0.6": [0.03, 0, 0.03],
						"0.6333": [0.01, 0, 0.01],
						"0.6667": [0, 0, 0]
					},
					"position": {
						"0.0": [0, 0, 0],
						"0.0333": [0, -0.01, 0.02],
						"0.0667": [0, -0.03, 0.04],
						"0.1": [0, -0.05, 0.06],
						"0.1333": [0, -0.07, 0.07],
						"0.1667": [0, -0.09, 0.07],
						"0.2": [0, -0.12, 0.08],
						"0.2333": [0, -0.19, 0.08],
						"0.2667": [0, -0.25, 0.08],
						"0.3": [0, -0.27, 0.02],
						"0.3333": [0, -0.26, -0.05],
						"0.3667": [0, -0.26, -0.12],
						"0.4": [0, -0.23, -0.15],
						"0.4333": [0, -0.19, -0.12],
						"0.4667": [0, -0.13, -0.06],
						"0.5": [0, -0.07, 0],
						"0.5333": [0, -0.02, 0.04],
						"0.5667": [0, -0.01, 0.04],
						"0.6": [0, 0, 0.03],
						"0.6333": [0, 0, 0.01],
						"0.6667": [0, 0, 0]
					}
				},
				"selector": {
					"rotation": {
						"0.1667": [0, 0, 0],
						"0.2": [-7, 0, 0],
						"0.2333": [-90, 0, 0]
					}
				},
				"camera": {
					"rotation": {
						"0.1": [0, 0, 0],
						"0.1333": [0, 0, 0.13],
						"0.1667": [0, 0, 0.26],
						"0.2": [0, 0, 0.39],
						"0.2333": [0, 0, 0.17],
						"0.2667": [0, 0, -0.05],
						"0.3": [0, 0, -0.27],
						"0.3333": [0, 0, -0.13],
						"0.3667": [0, 0, 0.01],
						"0.4": [0, 0, 0.15],
						"0.4333": [0, 0, 0.1],
						"0.4667": [0, 0, 0.05],
						"0.5": [0, 0, 0]
					}
				}
			}
		},
		"static_auto": {
			"loop": true,
			"bones": {
				"selector": {
					"rotation": [-90, 0, 0]
				}
			}
		},
		"select_semi": {
			"animation_length": 0.6667,
			"bones": {
				"righthand": {
					"rotation": {
						"0.0": [96.07, 8.95, -179.05],
						"0.0333": [96.07, 8.95, -179.05],
						"0.0667": [95.9, 5.5, -181.42],
						"0.1": [95.73, 2.06, -183.78],
						"0.1333": [95.55, -1.39, -186.15],
						"0.1667": [95.55, -0.72, -186.08],
						"0.2": [95.55, -0.06, -186.02],
						"0.2333": [95.55, 0.6, -185.96],
						"0.2667": [94.54, 2.51, -182.83],
						"0.3": [93.54, 4.41, -179.7],
						"0.3333": [91.21, 8.46, -177.46],
						"0.3667": [91.21, 6.46, -177.5],
						"0.4": [91.2, 4.46, -177.54],
						"0.4333": [93.64, 6.71, -178.3],
						"0.4667": [96.07, 8.95, -179.05]
					},
					"position": {
						"0.0": [-6.5, -14.3, -1.7],
						"0.0333": [-6.5, -14.3, -1.7],
						"0.1333": [-6.35, -13.15, -1.2],
						"0.2333": [-6.35, -13.15, -1.2],
						"0.3": [-6.48, -13.48, -1.305],
						"0.3333": [-6.6, -13.8, -0.95],
						"0.4": [-6.6, -13.95, -0.95],
						"0.4667": [-6.5, -14.3, -1.7]
					},
					"scale": {
						"0.0": [1, 1.5, 1],
						"0.4333": [1, 1.5, 1]
					}
				},
				"lefthand": {
					"rotation": [96.96, -29.14, -146.86],
					"position": [8.42, -11.62, -12.02],
					"scale": [1, 1.5, 1]
				},
				"root": {
					"rotation": {
						"0.0": [0, 0, 0],
						"0.0333": [0.32, -0.02, 0.57],
						"0.0667": [0.77, -0.04, 1.29],
						"0.1": [1.15, -0.08, 1.33],
						"0.1333": [1.39, -0.14, 0.09],
						"0.1667": [1.56, -0.21, -1.83],
						"0.2": [1.67, -0.27, -3.37],
						"0.2333": [1.72, -0.3, -4.54],
						"0.2667": [1.64, -0.32, -4.73],
						"0.3": [1.36, -0.37, -3.2],
						"0.3333": [1.1, -0.42, -1.64],
						"0.3667": [1.23, -0.39, -2.2],
						"0.4": [1.34, -0.32, -2.82],
						"0.4333": [1.25, -0.25, -2.38],
						"0.4667": [1.09, -0.15, -1.6],
						"0.5": [0.91, -0.06, -0.77],
						"0.5333": [0.73, 0, -0.2],
						"0.5667": [0.53, 0.02, 0.03],
						"0.6": [0.32, 0.02, 0.06],
						"0.6333": [0.13, 0.01, 0.02],
						"0.6667": [0, 0, 0]
					},
					"position": {
						"0.0": [0, 0, 0],
						"0.0333": [0, -0.06, 0.01],
						"0.0667": [0, -0.14, 0.03],
						"0.1": [0, -0.2, 0.06],
						"0.1333": [0, -0.22, 0.13],
						"0.1667": [0, -0.22, 0.22],
						"0.2": [0, -0.22, 0.28],
						"0.2333": [0, -0.25, 0.26],
						"0.2667": [0, -0.28, 0.23],
						"0.3": [0, -0.29, 0.23],
						"0.3333": [0, -0.28, 0.22],
						"0.3667": [0, -0.28, 0.11],
						"0.4": [0, -0.26, 0],
						"0.4333": [0, -0.21, -0.01],
						"0.4667": [0, -0.15, 0.01],
						"0.5": [0, -0.09, 0.03],
						"0.5333": [0, -0.05, 0.04],
						"0.5667": [0, -0.03, 0.03],
						"0.6": [0, -0.01, 0.02],
						"0.6333": [0, -0.01, 0.01],
						"0.6667": [0, 0, 0]
					}
				},
				"selector": {
					"rotation": {
						"0.2333": [-90, 0, 0],
						"0.2667": [-58, 0, 0],
						"0.3": [0, 0, 0]
					}
				},
				"camera": {
					"rotation": {
						"0.1": [0, 0, 0],
						"0.1333": [0, 0, 0.13],
						"0.1667": [0, 0, 0.26],
						"0.2": [0, 0, 0.39],
						"0.2333": [0, 0, 0.17],
						"0.2667": [0, 0, -0.05],
						"0.3": [0, 0, -0.27],
						"0.3333": [0, 0, -0.13],
						"0.3667": [0, 0, 0.01],
						"0.4": [0, 0, 0.15],
						"0.4333": [0, 0, 0.1],
						"0.4667": [0, 0, 0.05],
						"0.5": [0, 0, 0]
					}
				}
			}
		}
	}
}