{
	"format_version": "1.8.0",
	"animations": {
		"static_idle": {
			"loop": true,
			"bones": {
				"45": {
					"position": [0, 0, 0]
				},
				"l": {
					"rotation": [90, 0, -180],
					"position": [25, -34, 9],
					"scale": [1.55, 2, 1.45]
				},
				"r": {
					"rotation": [95, 0, -180],
					"position": [-6.4, -10.65, 10],
					"scale": [1.45, 2, 1.45]
				},
				"constraint": {
					"rotation": [0.2, 0.2, 0.2],
					"position": [0.2, 0.2, 0.35]
				}
			}
		},
		"bolt": {
			"loop": true,
			"animation_length": 1.1667,
			"bones": {
				"45": {
					"position": [0, 0, 0]
				},
				"l": {
					"rotation": {
						"0.0": [122.43539, -19.22417, 180.34447],
						"0.2917": [160, 0, 90],
						"0.4167": [160, 0, 90],
						"0.5": [157.20412, -28.02432, 101.17023],
						"0.5833": [160.10231, -50.33155, 116.03345]
					},
					"position": {
						"0.0": {
							"post": [25, -34, 9],
							"lerp_mode": "catmullrom"
						},
						"0.125": {
							"post": [13.27479, -5.29214, 17.7668],
							"lerp_mode": "catmullrom"
						},
						"0.25": {
							"post": [7.44444, -4.64804, 16.35567],
							"lerp_mode": "catmullrom"
						},
						"0.2917": [4.93314, -5.06391, 16.7357],
						"0.4167": [4.82, -5.13, 16.26],
						"0.4583": [4.93314, -5.06391, 16.7357],
						"0.5": [6.26103, -6.2651, 20.19659],
						"0.5417": [8.03949, -7.27701, 23.53328],
						"0.75": {
							"pre": [9.16548, -12.6849, 30.057],
							"post": [9.16548, -12.6849, 30.057],
							"lerp_mode": "catmullrom"
						}
					},
					"scale": [1.55, 2, 1.45]
				},
				"r": {
					"rotation": [95, 0, -180],
					"position": [-6.4, -10.65, 10],
					"scale": [1.45, 2, 1.45]
				},
				"constraint": {
					"rotation": [0.2, 0.2, 0.2],
					"position": [0.2, 0.2, 0.35]
				},
				"root": {
					"rotation": {
						"0.0": {
							"post": [0, 0, 0],
							"lerp_mode": "catmullrom"
						},
						"0.1667": {
							"post": [-6.07468, -6.5329, 23.41198],
							"lerp_mode": "catmullrom"
						},
						"0.4167": {
							"post": [-6.07468, -6.5329, 23.41198],
							"lerp_mode": "catmullrom"
						},
						"0.5417": {
							"post": [-11.07468, -6.5329, 23.41198],
							"lerp_mode": "catmullrom"
						},
						"0.625": {
							"post": [-6.07468, -6.5329, 23.41198],
							"lerp_mode": "catmullrom"
						},
						"0.7917": {
							"post": [0, 0, 0],
							"lerp_mode": "catmullrom"
						},
						"0.9583": {
							"post": [0, 0, 0],
							"lerp_mode": "catmullrom"
						}
					},
					"position": {
						"0.0": {
							"post": [0, 0, 0],
							"lerp_mode": "catmullrom"
						},
						"0.125": {
							"post": [0.75, 0.25, 2],
							"lerp_mode": "catmullrom"
						},
						"0.2917": {
							"post": [0.75, 0.25, -0.25],
							"lerp_mode": "catmullrom"
						},
						"0.4167": {
							"post": [0.75, 0.25, -0.35],
							"lerp_mode": "catmullrom"
						},
						"0.5833": {
							"post": [-0.17158, 0.13575, 0.62852],
							"lerp_mode": "catmullrom"
						},
						"0.7083": {
							"post": [-0.25, 0, 0],
							"lerp_mode": "catmullrom"
						},
						"0.8333": {
							"post": [0.02562, -0.4993, -0.11837],
							"lerp_mode": "catmullrom"
						},
						"0.9583": [0, 0, -0.1875],
						"1.1667": [0, 0, 0]
					}
				},
				"slide2": {
					"position": {
						"0.4167": {
							"pre": [0, 0, 0],
							"post": [0, 0, 0],
							"lerp_mode": "catmullrom"
						},
						"0.5": {
							"post": [0, 0, 2.5],
							"lerp_mode": "catmullrom"
						},
						"0.6667": {
							"post": [0, 0, 0],
							"lerp_mode": "catmullrom"
						},
						"0.75": {
							"post": [0, 0, 0.25],
							"lerp_mode": "catmullrom"
						},
						"0.875": {
							"post": [0, 0, 0],
							"lerp_mode": "catmullrom"
						}
					}
				},
				"camera": {
					"rotation": {
						"0.0": {
							"post": [0, 0, 0],
							"lerp_mode": "catmullrom"
						},
						"0.125": {
							"post": [0.75, -0.25, 0.5],
							"lerp_mode": "catmullrom"
						},
						"0.25": {
							"post": [0.75, -0.25, -0.25],
							"lerp_mode": "catmullrom"
						},
						"0.375": {
							"post": [0.25, -0.25, 0],
							"lerp_mode": "catmullrom"
						},
						"0.4583": {
							"post": [0.25, 0, 0],
							"lerp_mode": "catmullrom"
						},
						"0.5833": {
							"post": [-1.125, 0.1875, 0.75],
							"lerp_mode": "catmullrom"
						},
						"0.7083": {
							"post": [-0.05, 0.04, -0.68],
							"lerp_mode": "catmullrom"
						},
						"0.7917": {
							"post": [0.63, -0.0625, 0.25],
							"lerp_mode": "catmullrom"
						},
						"1.0417": {
							"post": [0, 0, 0],
							"lerp_mode": "catmullrom"
						}
					}
				},
				"shell": {
					"position": [0, -89, 0]
				},
				"hammer": {
					"rotation": {
						"0.0": [0, 0, 0],
						"0.4167": [0, 0, 0],
						"0.5": [0, 0, 0]
					}
				}
			}
		},
		"static_bolt_caught": {
			"loop": true,
			"bones": {
				"45": {
					"position": [0, 0, 0],
					"scale": 0
				},
				"l": {
					"rotation": [90, 0, -180],
					"position": [25, -29, 9],
					"scale": [1.55, 2, 1.45]
				},
				"r": {
					"rotation": [95, 0, -180],
					"position": [-6.4, -10.65, 10],
					"scale": [1.45, 2, 1.45]
				},
				"slide2": {
					"position": [0, 0, 3]
				},
				"constraint": {
					"rotation": [0.2, 0.2, 0.2],
					"position": [0.2, 0.2, 0.35]
				}
			}
		},
		"draw": {
			"animation_length": 0.65,
			"bones": {
				"45": {
					"position": [0, 0, 0]
				},
				"l": {
					"rotation": [90, 0, -180],
					"position": [25, -29, 9],
					"scale": [1.55, 2, 1.45]
				},
				"r": {
					"rotation": [95, 0, -180],
					"position": [-6.4, -10.65, 10],
					"scale": [1.45, 2, 1.45]
				},
				"root": {
					"rotation": {
						"0.1": {
							"pre": [1, -32.5, 30],
							"post": [1, -32.5, 30],
							"lerp_mode": "catmullrom"
						},
						"0.2": {
							"post": [-1, -15, 7.5],
							"lerp_mode": "catmullrom"
						},
						"0.35": {
							"post": [-0.53125, 0.2, -3.75],
							"lerp_mode": "catmullrom"
						},
						"0.45": {
							"post": [-0.21875, -0.125, 2.25],
							"lerp_mode": "catmullrom"
						},
						"0.6": {
							"post": [0, 0, 0],
							"lerp_mode": "catmullrom"
						}
					},
					"position": {
						"0.0": {
							"post": [-5.65, -24.75, 32.7],
							"lerp_mode": "catmullrom"
						},
						"0.1": {
							"post": [-4.325, -11.25, 16],
							"lerp_mode": "catmullrom"
						},
						"0.2": {
							"post": [-2.3625, -6.0625, 4.2],
							"lerp_mode": "catmullrom"
						},
						"0.35": {
							"post": [0, -0.25, 0.8125],
							"lerp_mode": "catmullrom"
						},
						"0.5": {
							"post": [0, 0, 0],
							"lerp_mode": "catmullrom"
						},
						"0.6": {
							"post": [0, 0, 0],
							"lerp_mode": "catmullrom"
						}
					}
				},
				"camera": {
					"rotation": {
						"0.0": {
							"post": [0, 0, 0],
							"lerp_mode": "catmullrom"
						},
						"0.15": {
							"post": [0.25, 0, 0.75],
							"lerp_mode": "catmullrom"
						},
						"0.35": {
							"post": [0, 0, -0.58],
							"lerp_mode": "catmullrom"
						},
						"0.5": {
							"post": [0, 0, 0],
							"lerp_mode": "catmullrom"
						}
					}
				}
			},
			"sound_effects": {
				"0.0": {
					"effect": "renetti_raise"
				}
			}
		},
		"reload_tactical": {
			"animation_length": 2.2,
			"bones": {
				"45": {
					"position": [0, 0, 0]
				},
				"l": {
					"rotation": {
						"0.0": {
							"post": [90, 0, 180],
							"lerp_mode": "catmullrom"
						},
						"0.45": {
							"post": [83, -45, 192],
							"lerp_mode": "catmullrom"
						},
						"0.55": {
							"post": [83, -45, 217],
							"lerp_mode": "catmullrom"
						},
						"0.7": [83, -45, 217],
						"0.85": [143, -45, 137],
						"0.95": [143, -45, 137],
						"1.05": {
							"pre": [83, -45, 192],
							"post": [83, -45, 192],
							"lerp_mode": "catmullrom"
						},
						"1.15": {
							"post": [95.9787, -24.87941, 173.81261],
							"lerp_mode": "catmullrom"
						},
						"1.4": {
							"post": [95.9787, -24.87941, 173.81261],
							"lerp_mode": "catmullrom"
						},
						"1.5": [137.3704, -1.82096, 169.41202],
						"1.6": {
							"pre": [145.3704, 1.17904, 169.41202],
							"post": [145.3704, 1.17904, 169.41202],
							"lerp_mode": "catmullrom"
						},
						"2.0": {
							"post": [90, 0, 180],
							"lerp_mode": "catmullrom"
						}
					},
					"position": {
						"0.0": {
							"post": [25, -29, 9],
							"lerp_mode": "catmullrom"
						},
						"0.1": {
							"post": [5, -36, 10.5],
							"lerp_mode": "catmullrom"
						},
						"0.2": [5, -16.5, 12.25],
						"0.35": [5, -16.5, 12.25],
						"0.45": [5, -26.5, 16.25],
						"0.55": {
							"pre": [6.36559, -31.38575, 34.40576],
							"post": [6.36559, -31.38575, 34.40576],
							"lerp_mode": "catmullrom"
						},
						"0.85": {
							"post": [-6.57867, -28.14086, 43.73808],
							"lerp_mode": "catmullrom"
						},
						"0.95": {
							"post": [-3.112, -30.83436, 43.56539],
							"lerp_mode": "catmullrom"
						},
						"1.05": [5, -36.5, 19.25],
						"1.15": [5, -27.5, 16.25],
						"1.4": [5.75, -28.25, 17.25],
						"1.5": [7.31464, -14.60844, 11.0958],
						"1.6": [7.36191, -14.31429, 10.89272],
						"1.7": [11.02, -24.62, 12.25],
						"1.8": [21.8, -32.3, 12.25],
						"2.0": {
							"pre": [25, -29, 6.25],
							"post": [25, -29, 6.25],
							"lerp_mode": "catmullrom"
						}
					},
					"scale": [1.55, 2, 1.45]
				},
				"r": {
					"rotation": [95, 0, -180],
					"position": [-6.4, -10.65, 10],
					"scale": [1.45, 2, 1.45]
				},
				"root": {
					"rotation": {
						"0.0": {
							"post": [0, 0, 0],
							"lerp_mode": "catmullrom"
						},
						"0.1": {
							"post": [-4.875, -10.25, -12.75],
							"lerp_mode": "catmullrom"
						},
						"0.2": {
							"post": [-26.4375, -20.75, -26.75],
							"lerp_mode": "catmullrom"
						},
						"0.25": {
							"post": [-28.0625, -23.78125, -33.75],
							"lerp_mode": "catmullrom"
						},
						"0.4": {
							"post": [-31.65625, -22.8125, -36.1875],
							"lerp_mode": "catmullrom"
						},
						"0.5": {
							"post": [-31.75, -25, -39.25],
							"lerp_mode": "catmullrom"
						},
						"0.6": {
							"post": [-37.5, -23.40625, -34.375],
							"lerp_mode": "catmullrom"
						},
						"0.75": {
							"post": [-37, -25.5, -36.75],
							"lerp_mode": "catmullrom"
						},
						"0.95": {
							"post": [-29.75, -30.25, -38.5],
							"lerp_mode": "catmullrom"
						},
						"1.1": {
							"post": [-27.25, -32, -41],
							"lerp_mode": "catmullrom"
						},
						"1.15": {
							"post": [-27.25, -32, -41.25],
							"lerp_mode": "catmullrom"
						},
						"1.25": {
							"post": [-26.25, -32.09375, -44.5],
							"lerp_mode": "catmullrom"
						},
						"1.35": {
							"post": [-30.78125, -29.8125, -39],
							"lerp_mode": "catmullrom"
						},
						"1.45": {
							"post": [-29.75, -29.75, -41.75],
							"lerp_mode": "catmullrom"
						},
						"1.55": {
							"post": [-31.75, -20.75, -45.75],
							"lerp_mode": "catmullrom"
						},
						"1.65": {
							"post": [-23.25, -9.25, -26.75],
							"lerp_mode": "catmullrom"
						},
						"1.85": {
							"post": [-1.875, -2.25, -2.45],
							"lerp_mode": "catmullrom"
						},
						"1.95": {
							"post": [0.75, -0.25, 0.75],
							"lerp_mode": "catmullrom"
						},
						"2.05": {
							"post": [-0.5, 0, 0],
							"lerp_mode": "catmullrom"
						},
						"2.15": {
							"post": [0, 0, 0],
							"lerp_mode": "catmullrom"
						}
					},
					"position": {
						"0.0": {
							"post": [0, 0, 0],
							"lerp_mode": "catmullrom"
						},
						"0.15": {
							"post": [-3.25, 3, 3.75],
							"lerp_mode": "catmullrom"
						},
						"0.25": {
							"post": [-5.25, 5, 4.75],
							"lerp_mode": "catmullrom"
						},
						"0.4": {
							"post": [-5.25, 4.75, 4.75],
							"lerp_mode": "catmullrom"
						},
						"0.5": {
							"post": [-4.75, 4, 4.75],
							"lerp_mode": "catmullrom"
						},
						"0.7": {
							"post": [-5, 4.25, 4.75],
							"lerp_mode": "catmullrom"
						},
						"0.9": {
							"post": [-5.5, 4.25, 5.25],
							"lerp_mode": "catmullrom"
						},
						"1.1": {
							"post": [-5.75, 3.75, 5],
							"lerp_mode": "catmullrom"
						},
						"1.2": {
							"post": [-6.1875, 3.875, 4.75],
							"lerp_mode": "catmullrom"
						},
						"1.35": {
							"post": [-6.0625, 3.875, 4.875],
							"lerp_mode": "catmullrom"
						},
						"1.5": {
							"post": [-6.4375, 4.125, 4.375],
							"lerp_mode": "catmullrom"
						},
						"1.65": {
							"post": [-3.5, 2.875, 3.5],
							"lerp_mode": "catmullrom"
						},
						"1.75": {
							"post": [-1.275, -0.4, 0.25],
							"lerp_mode": "catmullrom"
						},
						"1.85": {
							"post": [-0.025, 0.1, 0.175],
							"lerp_mode": "catmullrom"
						},
						"2.0": {
							"post": [0, 0, 0],
							"lerp_mode": "catmullrom"
						}
					}
				},
				"mb": {
					"rotation": {
						"0.45": {
							"pre": [0, 0, 0],
							"post": [0, 0, 0],
							"lerp_mode": "catmullrom"
						},
						"0.6": [0, 0, -20],
						"0.85": [-45, 5, -20],
						"0.95": [-45, 5, -20],
						"1.05": {
							"pre": [0, 0, 0],
							"post": [0, 0, 0],
							"lerp_mode": "catmullrom"
						},
						"1.15": [0, 0, 5],
						"1.4": {
							"pre": [0, 0, 0],
							"post": [0, 0, 0],
							"lerp_mode": "catmullrom"
						}
					},
					"position": {
						"0.35": [0, 0, 0],
						"0.45": [0, -10, 4],
						"0.7": {
							"pre": [2.25796, -30.58339, 29.55285],
							"post": [2.25796, -30.58339, 29.55285],
							"lerp_mode": "catmullrom"
						},
						"0.85": {
							"post": [-12.9, -30, 6],
							"lerp_mode": "catmullrom"
						},
						"0.95": {
							"post": [0.8007, -20.44982, 21.43291],
							"lerp_mode": "catmullrom"
						},
						"1.05": [0, -20, 5],
						"1.15": [0, -9.1875, 2],
						"1.4": [0, -9.9375, 3],
						"1.5": [0, 0, 0],
						"1.6": [0, 0, 0]
					}
				},
				"camera": {
					"rotation": {
						"0.0": {
							"post": [0, 0, 0],
							"lerp_mode": "catmullrom"
						},
						"0.25": {
							"post": [1.2, 0.225, -0.275],
							"lerp_mode": "catmullrom"
						},
						"0.4": {
							"post": [1.265, 0.29, -0.34],
							"lerp_mode": "catmullrom"
						},
						"0.45": {
							"post": [1.85, 0.3, 0.1],
							"lerp_mode": "catmullrom"
						},
						"0.55": {
							"post": [1.265, 0.24, -0.61],
							"lerp_mode": "catmullrom"
						},
						"0.7": {
							"post": [0.45, 0.15, -0.1],
							"lerp_mode": "catmullrom"
						},
						"0.9": {
							"post": [0.67, 0.15, -0.35],
							"lerp_mode": "catmullrom"
						},
						"1.1": {
							"post": [1.345, 0.3, -0.35],
							"lerp_mode": "catmullrom"
						},
						"1.25": {
							"post": [1.295, 0.3, -0.35],
							"lerp_mode": "catmullrom"
						},
						"1.3": {
							"post": [1.835, 0.29, 0.11],
							"lerp_mode": "catmullrom"
						},
						"1.4": {
							"post": [1.125, 0.25, -0.585],
							"lerp_mode": "catmullrom"
						},
						"1.5": {
							"post": [0.87, 0.225, -0.275],
							"lerp_mode": "catmullrom"
						},
						"1.7": {
							"post": [-0.05, 0, 0.125],
							"lerp_mode": "catmullrom"
						},
						"1.85": {
							"post": [0.05, 0, -0.125],
							"lerp_mode": "catmullrom"
						},
						"2.05": {
							"post": [0, 0, 0],
							"lerp_mode": "catmullrom"
						}
					}
				}
			},
			"sound_effects": {
				"0.0": {
					"effect": "renetti_raise"
				},
				"0.3": {
					"effect": "renetti_reload_magout"
				},
				"0.8": {
					"effect": "renetti_ads_down"
				},
				"1.2": {
					"effect": "renetti_reload_fast_maghit"
				},
				"1.4": {
					"effect": "renetti_reload_empty_magin"
				},
				"1.65": {
					"effect": "renetti_reload_end"
				}
			}
		},
		"reload_empty": {
			"animation_length": 2.6,
			"bones": {
				"45": {
					"position": {
						"0.0": [0, -1, 0.375],
						"0.75": {
							"pre": [0, -1, 0.375],
							"post": [0, 0, 0]
						}
					}
				},
				"l": {
					"rotation": {
						"0.0": {
							"post": [90, 0, 180],
							"lerp_mode": "catmullrom"
						},
						"0.25": {
							"post": [62.14685, -9.02651, 229.72595],
							"lerp_mode": "catmullrom"
						},
						"0.65": [135, -45, 145],
						"0.8": {
							"pre": [75, -45, 200],
							"post": [75, -45, 200],
							"lerp_mode": "catmullrom"
						},
						"0.9": [78.98482, -16.69748, 197.47252],
						"1.15": [78.98482, -16.69748, 197.47252],
						"1.25": [136.35138, -3.15869, 178.90386],
						"1.45": [122.43539, -19.22417, 180.34447],
						"1.7": [160, 0, 90],
						"1.75": [160, 0, 90],
						"1.9": [160, 0, 90],
						"2.15": {
							"pre": [90, 0, 180],
							"post": [90, 0, 180],
							"lerp_mode": "catmullrom"
						}
					},
					"position": {
						"0.0": {
							"post": [25, -29, 9],
							"lerp_mode": "catmullrom"
						},
						"0.25": {
							"post": [-12.76127, -50.90803, 20.80101],
							"lerp_mode": "catmullrom"
						},
						"0.65": {
							"post": [-26.75, -50, 21],
							"lerp_mode": "catmullrom"
						},
						"0.8": [5, -36.25, 20.25],
						"0.9": [4.91669, -27.22718, 16.9727],
						"1.15": [4.91669, -27.22718, 16.9727],
						"1.25": [7.43453, -12.35964, 12.68562],
						"1.35": [7.43453, -12.35964, 12.68562],
						"1.45": {
							"pre": [7.82373, -13.499, 12.18252],
							"post": [7.82373, -13.499, 12.18252],
							"lerp_mode": "catmullrom"
						},
						"1.55": {
							"post": [13.27479, -5.29214, 17.7668],
							"lerp_mode": "catmullrom"
						},
						"1.65": {
							"post": [7.44444, -4.64804, 16.35567],
							"lerp_mode": "catmullrom"
						},
						"1.7": [4.93314, -5.06391, 16.7357],
						"1.75": [4.93314, -5.06391, 16.7357],
						"1.9": [5.16506, -5.00752, 18.29872],
						"2.0": [7.61074, -7.60078, 27.85136],
						"2.15": {
							"pre": [33, -44, -3],
							"post": [33, -44, -3],
							"lerp_mode": "catmullrom"
						}
					},
					"scale": [1.55, 2, 1.45]
				},
				"r": {
					"rotation": [95, 0, -180],
					"position": [-6.4, -10.65, 10],
					"scale": [1.45, 2, 1.45]
				},
				"root": {
					"rotation": {
						"0.0": {
							"post": [0, 0, 0],
							"lerp_mode": "catmullrom"
						},
						"0.1": {
							"post": [-4, -5.75, -5.75],
							"lerp_mode": "catmullrom"
						},
						"0.2": {
							"post": [-11.87, -16.85, -11.44],
							"lerp_mode": "catmullrom"
						},
						"0.25": {
							"post": [-14.475, -20.375, -14.9],
							"lerp_mode": "catmullrom"
						},
						"0.35": {
							"post": [-14.72, -27.02, -27.035],
							"lerp_mode": "catmullrom"
						},
						"0.45": {
							"post": [-15.3053, -27.49028, -32.41011],
							"lerp_mode": "catmullrom"
						},
						"0.55": {
							"post": [-17.61563, -30.11424, -29.53956],
							"lerp_mode": "catmullrom"
						},
						"0.7": {
							"post": [-17.89147, -35.79852, -34.99719],
							"lerp_mode": "catmullrom"
						},
						"0.85": {
							"post": [-15.4, -36.1, -36.55],
							"lerp_mode": "catmullrom"
						},
						"0.9": {
							"post": [-15.15, -35.1, -36.3],
							"lerp_mode": "catmullrom"
						},
						"1.0": {
							"post": [-15.125, -34.35, -31.175],
							"lerp_mode": "catmullrom"
						},
						"1.15": {
							"post": [-15.5, -35.85, -37.05],
							"lerp_mode": "catmullrom"
						},
						"1.2": {
							"post": [-18.75, -34.6, -37.3],
							"lerp_mode": "catmullrom"
						},
						"1.25": {
							"post": [-17, -36.1, -43.3],
							"lerp_mode": "catmullrom"
						},
						"1.35": {
							"post": [-20.1875, -30.7875, -30.2375],
							"lerp_mode": "catmullrom"
						},
						"1.45": {
							"post": [-12.75, -12.35, -26.3],
							"lerp_mode": "catmullrom"
						},
						"1.55": {
							"post": [-20, -2.5, 1.75],
							"lerp_mode": "catmullrom"
						},
						"1.75": {
							"post": [-22.1875, 1, 22.25],
							"lerp_mode": "catmullrom"
						},
						"1.9": {
							"post": [-22.1875, 1, 22.25],
							"lerp_mode": "catmullrom"
						},
						"1.95": {
							"post": [-17.86, -0.66, 14.81],
							"lerp_mode": "catmullrom"
						},
						"2.0": {
							"post": [-12.90498, -1.26425, 12.6276],
							"lerp_mode": "catmullrom"
						},
						"2.05": {
							"post": [-6.34801, -3.08573, 7.76497],
							"lerp_mode": "catmullrom"
						},
						"2.15": {
							"post": [-0.24722, -3.4935, 10.00372],
							"lerp_mode": "catmullrom"
						},
						"2.25": {
							"post": [0.5, -0.625, 4],
							"lerp_mode": "catmullrom"
						},
						"2.35": {
							"post": [-0.5, 0.24995, -1.75],
							"lerp_mode": "catmullrom"
						},
						"2.45": {
							"post": [0, 0.5, 1],
							"lerp_mode": "catmullrom"
						},
						"2.55": {
							"post": [0, 0, 0],
							"lerp_mode": "catmullrom"
						}
					},
					"position": {
						"0.0": {
							"post": [0, 0, 0],
							"lerp_mode": "catmullrom"
						},
						"0.2": {
							"post": [-4.25, 4.5, 2.5],
							"lerp_mode": "catmullrom"
						},
						"0.3": {
							"post": [-4.26, 4.91, 3.48],
							"lerp_mode": "catmullrom"
						},
						"0.35": {
							"post": [-4, 3.9, 3.75],
							"lerp_mode": "catmullrom"
						},
						"0.5": {
							"post": [-3.64, 3.95, 3.67],
							"lerp_mode": "catmullrom"
						},
						"0.65": {
							"post": [-3.25, 5.1, 3.5],
							"lerp_mode": "catmullrom"
						},
						"0.85": {
							"post": [-2.75, 5.375, 4],
							"lerp_mode": "catmullrom"
						},
						"0.95": {
							"post": [-3, 5.75, 3.875],
							"lerp_mode": "catmullrom"
						},
						"1.15": {
							"post": [-2.75, 5.75, 3.75],
							"lerp_mode": "catmullrom"
						},
						"1.25": {
							"post": [-3, 6, 3.5],
							"lerp_mode": "catmullrom"
						},
						"1.35": {
							"post": [-3, 4.75, 3.5],
							"lerp_mode": "catmullrom"
						},
						"1.45": {
							"post": [-2.75, 2.75, 2.25],
							"lerp_mode": "catmullrom"
						},
						"1.7": {
							"post": [-0.25, -2.425, -0.5],
							"lerp_mode": "catmullrom"
						},
						"1.9": [-0.075, -2.85, -0.375],
						"2.0": {
							"pre": [0.25, -3.75, 2.25],
							"post": [0.25, -3.75, 2.25],
							"lerp_mode": "catmullrom"
						},
						"2.1": {
							"post": [0.2, -1.75, -0.25],
							"lerp_mode": "catmullrom"
						},
						"2.2": {
							"post": [-0.1, -0.7, 0.125],
							"lerp_mode": "catmullrom"
						},
						"2.4": {
							"post": [0, 0, 0],
							"lerp_mode": "catmullrom"
						}
					}
				},
				"mb": {
					"rotation": {
						"0.35": {
							"pre": [0, 0, 0],
							"post": [0, 0, 0],
							"lerp_mode": "catmullrom"
						},
						"0.5": [0, 0, -30],
						"0.6": [-45, 5, -20],
						"0.7": [-45, 5, -20],
						"0.8": {
							"pre": [0, 0, 0],
							"post": [0, 0, 0],
							"lerp_mode": "catmullrom"
						},
						"0.9": [0, 0, 5],
						"1.15": {
							"pre": [0, 0, 0],
							"post": [0, 0, 0],
							"lerp_mode": "catmullrom"
						}
					},
					"position": {
						"0.25": [0, 0, 0],
						"0.35": [0, -10, 4],
						"0.5": {
							"pre": [-6.8563, -25.6858, 3.49516],
							"post": [-6.8563, -25.6858, 3.49516],
							"lerp_mode": "catmullrom"
						},
						"0.6": {
							"post": [-12.9, -30, 6],
							"lerp_mode": "catmullrom"
						},
						"0.7": {
							"post": [0.8007, -20.44982, 21.43291],
							"lerp_mode": "catmullrom"
						},
						"0.8": [0, -20, 7],
						"0.9": [0, -9.5, 2.25],
						"1.15": [0, -9.25, 3.25],
						"1.25": [0, 0, 0],
						"1.35": [0, 0, 0]
					}
				},
				"slide2": {
					"position": {
						"0.0": [0, 0, 3],
						"1.8": [0, 0, 3],
						"1.9": [0, 0, 3.33],
						"1.95": [0, 0, 4],
						"2.0": [0, 0, 0]
					}
				},
				"camera": {
					"rotation": {
						"0.0": {
							"post": [0, 0, 0],
							"lerp_mode": "catmullrom"
						},
						"0.15": {
							"post": [-0.275, 0, 0],
							"lerp_mode": "catmullrom"
						},
						"0.35": {
							"post": [1.795, 0, 0],
							"lerp_mode": "catmullrom"
						},
						"0.55": {
							"post": [1.97, 0, -0.025],
							"lerp_mode": "catmullrom"
						},
						"0.75": {
							"post": [1.375, 0.225, -0.15],
							"lerp_mode": "catmullrom"
						},
						"1.0": {
							"post": [1.325, 0.325, -0.2],
							"lerp_mode": "catmullrom"
						},
						"1.05": {
							"post": [1.845, 0.325, 0.25],
							"lerp_mode": "catmullrom"
						},
						"1.2": {
							"post": [1.06, 0.27, -0.375],
							"lerp_mode": "catmullrom"
						},
						"1.35": {
							"post": [0.895, 0.2, 0],
							"lerp_mode": "catmullrom"
						},
						"1.55": {
							"post": [0.695, 0, 0],
							"lerp_mode": "catmullrom"
						},
						"1.6": {
							"post": [0.675, -0.05, 0.275],
							"lerp_mode": "catmullrom"
						},
						"1.7": {
							"post": [0.555, -0.075, -0.3],
							"lerp_mode": "catmullrom"
						},
						"1.85": {
							"post": [0.935, -0.025, 0.05],
							"lerp_mode": "catmullrom"
						},
						"1.95": {
							"post": [0.66, -0.01, 0.03],
							"lerp_mode": "catmullrom"
						},
						"2.0": {
							"post": [-0.01, -0.01, -0.5],
							"lerp_mode": "catmullrom"
						},
						"2.05": {
							"post": [0.285, -0.01, 0.47],
							"lerp_mode": "catmullrom"
						},
						"2.15": {
							"post": [-0.075, 0, -0.2],
							"lerp_mode": "catmullrom"
						},
						"2.3": {
							"post": [0.1, 0, 0.075],
							"lerp_mode": "catmullrom"
						},
						"2.5": {
							"post": [0, 0, 0],
							"lerp_mode": "catmullrom"
						}
					}
				}
			},
			"sound_effects": {
				"0.0": {
					"effect": "renetti_ads_down"
				},
				"0.25": {
					"effect": "renetti_reload_magrelease"
				},
				"0.75": {
					"effect": "iw8_phys_mag_drop_pi_metal_dirt_02"
				},
				"0.95": {
					"effect": "renetti_reload_empty_magin"
				},
				"1.5": {
					"effect": "x16_inspect_02"
				},
				"1.8": {
					"effect": "renetti_reload_empty_charge"
				},
				"2.05": {
					"effect": "x16_ads_down"
				}
			}
		},
		"inspect": {
			"animation_length": 4.35,
			"bones": {
				"45": {
					"position": [0, 0, 0]
				},
				"l": {
					"rotation": [90, 0, -180],
					"position": {
						"0.0": [25, -29, 9],
						"0.3": [7.56017, -47.61912, 27.47814],
						"1.2": [12.72847, -42.58867, 28.72993],
						"1.6": [13.28966, -41.1356, 28.79541],
						"1.85": [11.33916, -41.02571, 30.08944],
						"2.0": [31.09187, -39.74414, 27.0868],
						"2.2": [38.00942, 4.84092, 18.37264],
						"3.6": [38.00942, 4.84092, 18.37264],
						"3.8": [47.87092, -26.20299, 17.80861],
						"4.0": [33, -44, -3]
					},
					"scale": [1.55, 2, 1.45]
				},
				"r": {
					"rotation": [95, 0, -180],
					"position": [-6.4, -10.65, 10],
					"scale": [1.45, 2, 1.45]
				},
				"root": {
					"rotation": {
						"0.0": {
							"post": [0, 0, 0],
							"lerp_mode": "catmullrom"
						},
						"0.1": {
							"post": [-22.92528, -13.16406, -13.53105],
							"lerp_mode": "catmullrom"
						},
						"0.25": {
							"post": [-44.16454, -34.28945, -27.64912],
							"lerp_mode": "catmullrom"
						},
						"0.4": {
							"post": [-49.48184, -32.06584, -25.24263],
							"lerp_mode": "catmullrom"
						},
						"0.7": {
							"post": [-48.28758, -30.38048, -23.41269],
							"lerp_mode": "catmullrom"
						},
						"0.85": {
							"post": [-51.97716, -26.64269, -20.16055],
							"lerp_mode": "catmullrom"
						},
						"0.95": {
							"post": [-53.84572, -21.0555, -15.54673],
							"lerp_mode": "catmullrom"
						},
						"1.1": {
							"post": [-54.06749, -20.24692, -14.91794],
							"lerp_mode": "catmullrom"
						},
						"1.3": {
							"post": [-53.07846, -20.26764, -14.888],
							"lerp_mode": "catmullrom"
						},
						"1.5": {
							"post": [-52.87499, -20.94645, -15.45626],
							"lerp_mode": "catmullrom"
						},
						"1.7": {
							"post": [-51.60273, -21.8403, -16.21206],
							"lerp_mode": "catmullrom"
						},
						"1.9": {
							"post": [-49.95273, -13.5403, -6.01206],
							"lerp_mode": "catmullrom"
						},
						"2.1": {
							"post": [-38.95239, 33.38231, 51.88871],
							"lerp_mode": "catmullrom"
						},
						"2.25": {
							"post": [-37.7938, 39.21909, 59.70402],
							"lerp_mode": "catmullrom"
						},
						"2.5": {
							"post": [-36.96157, 37.8191, 59.44866],
							"lerp_mode": "catmullrom"
						},
						"2.8": {
							"post": [-38.43765, 38.61564, 58.67913],
							"lerp_mode": "catmullrom"
						},
						"2.95": {
							"post": [-32.85365, 43.10835, 66.84874],
							"lerp_mode": "catmullrom"
						},
						"3.25": {
							"post": [-34.45349, 42.54779, 66.31572],
							"lerp_mode": "catmullrom"
						},
						"3.45": {
							"post": [-33.80104, 42.77249, 66.91666],
							"lerp_mode": "catmullrom"
						},
						"3.6": {
							"post": [-30.02803, 44.10443, 69.84172],
							"lerp_mode": "catmullrom"
						},
						"3.75": {
							"post": [-26.16038, 40.73869, 64.08014],
							"lerp_mode": "catmullrom"
						},
						"3.9": {
							"post": [-5.79461, 5.69622, 34.23887],
							"lerp_mode": "catmullrom"
						},
						"4.05": {
							"post": [0, 0, 4],
							"lerp_mode": "catmullrom"
						},
						"4.1": {
							"post": [0, 0, -1],
							"lerp_mode": "catmullrom"
						},
						"4.2": {
							"post": [0, 0, 0],
							"lerp_mode": "catmullrom"
						},
						"4.3": {
							"post": [0, 0, 0],
							"lerp_mode": "catmullrom"
						}
					},
					"position": {
						"0.0": {
							"post": [0, 0, 0],
							"lerp_mode": "catmullrom"
						},
						"0.1": {
							"post": [0, 1.43, 0.52],
							"lerp_mode": "catmullrom"
						},
						"0.2": {
							"post": [0, 2.13, 1.86],
							"lerp_mode": "catmullrom"
						},
						"0.3": {
							"post": [0, 0.7, 2.7],
							"lerp_mode": "catmullrom"
						},
						"0.4": {
							"post": [0, 1.3, 3],
							"lerp_mode": "catmullrom"
						},
						"0.65": {
							"post": [-0.1, 1.23, 3.02],
							"lerp_mode": "catmullrom"
						},
						"0.95": {
							"post": [0, 1.3, 3],
							"lerp_mode": "catmullrom"
						},
						"1.2": {
							"post": [0.2, 1.2, 3],
							"lerp_mode": "catmullrom"
						},
						"1.55": {
							"post": [0.125, 1.1, 3],
							"lerp_mode": "catmullrom"
						},
						"1.9": {
							"post": [0.325, 0.9, 3],
							"lerp_mode": "catmullrom"
						},
						"2.2": {
							"post": [1.63, 3.3, 4.9],
							"lerp_mode": "catmullrom"
						},
						"2.4": {
							"post": [1.63, 3.1, 4.9],
							"lerp_mode": "catmullrom"
						},
						"2.7": {
							"post": [1.53, 3.2, 4.9],
							"lerp_mode": "catmullrom"
						},
						"3.05": {
							"post": [1.63, 3.1, 4.9],
							"lerp_mode": "catmullrom"
						},
						"3.4": {
							"post": [1.53, 3.1, 4.9],
							"lerp_mode": "catmullrom"
						},
						"3.65": {
							"post": [1.43, 3.1, 4.9],
							"lerp_mode": "catmullrom"
						},
						"3.8": {
							"post": [1.23, 2.7, 3.3],
							"lerp_mode": "catmullrom"
						},
						"4.0": {
							"post": [0, -0.1, -1.3],
							"lerp_mode": "catmullrom"
						},
						"4.15": {
							"post": [0, 0, 0],
							"lerp_mode": "catmullrom"
						},
						"4.25": {
							"post": [0, 0, 0],
							"lerp_mode": "catmullrom"
						}
					}
				},
				"bone3": {
					"rotation": {
						"0.1": [0, 0, 0],
						"2.05": [0, 0, 0]
					},
					"position": {
						"0.1": [0, 0, 0],
						"0.25": [3.2, 0, 0],
						"1.9": [3.2, 0, 0],
						"2.05": [0, 0, 0]
					}
				},
				"camera": {
					"rotation": {
						"0.0": {
							"post": [0, 0, 0],
							"lerp_mode": "catmullrom"
						},
						"0.1": {
							"post": [0.805, 0.25, 0],
							"lerp_mode": "catmullrom"
						},
						"0.3": {
							"post": [2.575, 0.95, -0.55],
							"lerp_mode": "catmullrom"
						},
						"0.65": {
							"post": [3.43, 1.125, -0.825],
							"lerp_mode": "catmullrom"
						},
						"1.05": {
							"post": [3.105, 0.5, -0.825],
							"lerp_mode": "catmullrom"
						},
						"1.1": {
							"post": [3.48, -0.475, -0.675],
							"lerp_mode": "catmullrom"
						},
						"1.25": {
							"post": [3.395, -3.475, -2.25],
							"lerp_mode": "catmullrom"
						},
						"1.45": {
							"post": [4.835, -5.375, -1.65],
							"lerp_mode": "catmullrom"
						},
						"1.85": {
							"post": [4.52, -5.2, -1.925],
							"lerp_mode": "catmullrom"
						},
						"1.95": {
							"post": [4.435, -4.125, -1.575],
							"lerp_mode": "catmullrom"
						},
						"2.05": {
							"post": [4.67, -1.55, -1.1],
							"lerp_mode": "catmullrom"
						},
						"2.15": {
							"post": [3.54, -0.5, -0.825],
							"lerp_mode": "catmullrom"
						},
						"2.25": {
							"post": [3.28, -0.275, -0.65],
							"lerp_mode": "catmullrom"
						},
						"2.35": {
							"post": [3.495, 0.075, -0.675],
							"lerp_mode": "catmullrom"
						},
						"2.45": {
							"post": [3.065, 0.2, -0.35],
							"lerp_mode": "catmullrom"
						},
						"2.75": {
							"post": [2.145, 0.75, -0.075],
							"lerp_mode": "catmullrom"
						},
						"2.85": {
							"post": [1.49, 0.75, 0.325],
							"lerp_mode": "catmullrom"
						},
						"2.95": {
							"post": [1.575, 0.75, -0.425],
							"lerp_mode": "catmullrom"
						},
						"3.05": {
							"post": [1.88, 0.75, 0.05],
							"lerp_mode": "catmullrom"
						},
						"3.35": {
							"post": [1.765, 0.475, 0],
							"lerp_mode": "catmullrom"
						},
						"3.45": {
							"post": [1.69, 0.475, 0.15],
							"lerp_mode": "catmullrom"
						},
						"3.5": {
							"post": [1.66, 0.475, -0.075],
							"lerp_mode": "catmullrom"
						},
						"3.6": {
							"post": [1.17, 0.35, 0.1],
							"lerp_mode": "catmullrom"
						},
						"3.75": {
							"post": [1.195, 0, 0],
							"lerp_mode": "catmullrom"
						},
						"4.0": {
							"post": [-0.175, 0, 0.4],
							"lerp_mode": "catmullrom"
						},
						"4.15": {
							"post": [0.1, 0, -0.4],
							"lerp_mode": "catmullrom"
						},
						"4.35": {
							"post": [0, 0, 0],
							"lerp_mode": "catmullrom"
						}
					}
				}
			},
			"sound_effects": {
				"0.0": {
					"effect": "x16_inspect_01"
				},
				"0.75": {
					"effect": "x16_inspect_02"
				},
				"1.85": {
					"effect": "x16_inspect_03"
				},
				"1.9": {
					"effect": "x16_ads_up"
				},
				"2.75": {
					"effect": "x16_ads_down"
				},
				"3.7": {
					"effect": "x16_inspect_04"
				}
			}
		},
		"inspect_empty": {
			"animation_length": 4.45,
			"bones": {
				"45": {
					"position": [0, 0, 0],
					"scale": 0
				},
				"l": {
					"rotation": [90, 0, -180],
					"position": {
						"0.0": [25, -29, 9],
						"0.3": [7.56017, -47.61912, 27.47814],
						"1.2": [12.72847, -42.58867, 28.72993],
						"1.6": [13.28966, -41.1356, 28.79541],
						"1.85": [11.33916, -41.02571, 30.08944],
						"2.0": [31.09187, -39.74414, 27.0868],
						"2.2": [38.00942, 4.84092, 18.37264],
						"3.6": [38.00942, 4.84092, 18.37264],
						"3.8": [47.87092, -26.20299, 17.80861],
						"4.0": [33, -44, -3]
					},
					"scale": [1.55, 2, 1.45]
				},
				"r": {
					"rotation": [95, 0, -180],
					"position": [-6.4, -10.65, 10],
					"scale": [1.45, 2, 1.45]
				},
				"root": {
					"rotation": {
						"0.0": {
							"post": [0, 0, 0],
							"lerp_mode": "catmullrom"
						},
						"0.1": {
							"post": [-22.92528, -13.16406, -13.53105],
							"lerp_mode": "catmullrom"
						},
						"0.25": {
							"post": [-44.16454, -34.28945, -27.64912],
							"lerp_mode": "catmullrom"
						},
						"0.4": {
							"post": [-49.48184, -32.06584, -25.24263],
							"lerp_mode": "catmullrom"
						},
						"0.7": {
							"post": [-48.28758, -30.38048, -23.41269],
							"lerp_mode": "catmullrom"
						},
						"0.85": {
							"post": [-51.97716, -26.64269, -20.16055],
							"lerp_mode": "catmullrom"
						},
						"0.95": {
							"post": [-53.84572, -21.0555, -15.54673],
							"lerp_mode": "catmullrom"
						},
						"1.1": {
							"post": [-54.06749, -20.24692, -14.91794],
							"lerp_mode": "catmullrom"
						},
						"1.3": {
							"post": [-53.07846, -20.26764, -14.888],
							"lerp_mode": "catmullrom"
						},
						"1.5": {
							"post": [-52.87499, -20.94645, -15.45626],
							"lerp_mode": "catmullrom"
						},
						"1.7": {
							"post": [-51.60273, -21.8403, -16.21206],
							"lerp_mode": "catmullrom"
						},
						"1.9": {
							"post": [-49.95273, -13.5403, -6.01206],
							"lerp_mode": "catmullrom"
						},
						"2.1": {
							"post": [-38.95239, 33.38231, 51.88871],
							"lerp_mode": "catmullrom"
						},
						"2.25": {
							"post": [-37.7938, 39.21909, 59.70402],
							"lerp_mode": "catmullrom"
						},
						"2.5": {
							"post": [-36.96157, 37.8191, 59.44866],
							"lerp_mode": "catmullrom"
						},
						"2.8": {
							"post": [-38.43765, 38.61564, 58.67913],
							"lerp_mode": "catmullrom"
						},
						"2.95": {
							"post": [-32.85365, 43.10835, 66.84874],
							"lerp_mode": "catmullrom"
						},
						"3.25": {
							"post": [-34.45349, 42.54779, 66.31572],
							"lerp_mode": "catmullrom"
						},
						"3.45": {
							"post": [-33.80104, 42.77249, 66.91666],
							"lerp_mode": "catmullrom"
						},
						"3.6": {
							"post": [-30.02803, 44.10443, 69.84172],
							"lerp_mode": "catmullrom"
						},
						"3.75": {
							"post": [-26.16038, 40.73869, 64.08014],
							"lerp_mode": "catmullrom"
						},
						"3.9": {
							"post": [-5.79461, 5.69622, 34.23887],
							"lerp_mode": "catmullrom"
						},
						"4.05": {
							"post": [0, 0, 4],
							"lerp_mode": "catmullrom"
						},
						"4.1": {
							"post": [0, 0, -1],
							"lerp_mode": "catmullrom"
						},
						"4.2": {
							"post": [0, 0, 0],
							"lerp_mode": "catmullrom"
						},
						"4.3": {
							"post": [0, 0, 0],
							"lerp_mode": "catmullrom"
						}
					},
					"position": {
						"0.0": {
							"post": [0, 0, 0],
							"lerp_mode": "catmullrom"
						},
						"0.1": {
							"post": [0, 1.43, 0.52],
							"lerp_mode": "catmullrom"
						},
						"0.2": {
							"post": [0, 2.13, 1.86],
							"lerp_mode": "catmullrom"
						},
						"0.3": {
							"post": [0, 0.7, 2.7],
							"lerp_mode": "catmullrom"
						},
						"0.4": {
							"post": [0, 1.3, 3],
							"lerp_mode": "catmullrom"
						},
						"0.65": {
							"post": [-0.1, 1.23, 3.02],
							"lerp_mode": "catmullrom"
						},
						"0.95": {
							"post": [0, 1.3, 3],
							"lerp_mode": "catmullrom"
						},
						"1.2": {
							"post": [0.2, 1.2, 3],
							"lerp_mode": "catmullrom"
						},
						"1.55": {
							"post": [0.125, 1.1, 3],
							"lerp_mode": "catmullrom"
						},
						"1.9": {
							"post": [0.325, 0.9, 3],
							"lerp_mode": "catmullrom"
						},
						"2.2": {
							"post": [1.63, 3.3, 4.9],
							"lerp_mode": "catmullrom"
						},
						"2.4": {
							"post": [1.63, 3.1, 4.9],
							"lerp_mode": "catmullrom"
						},
						"2.7": {
							"post": [1.53, 3.2, 4.9],
							"lerp_mode": "catmullrom"
						},
						"3.05": {
							"post": [1.63, 3.1, 4.9],
							"lerp_mode": "catmullrom"
						},
						"3.4": {
							"post": [1.53, 3.1, 4.9],
							"lerp_mode": "catmullrom"
						},
						"3.65": {
							"post": [1.43, 3.1, 4.9],
							"lerp_mode": "catmullrom"
						},
						"3.8": {
							"post": [1.23, 2.7, 3.3],
							"lerp_mode": "catmullrom"
						},
						"4.0": {
							"post": [0, -0.1, -1.3],
							"lerp_mode": "catmullrom"
						},
						"4.15": {
							"post": [0, 0, 0],
							"lerp_mode": "catmullrom"
						},
						"4.25": {
							"post": [0, 0, 0],
							"lerp_mode": "catmullrom"
						}
					}
				},
				"bone3": {
					"rotation": {
						"0.1": [0, 0, 0],
						"2.05": [0, 0, 0]
					},
					"position": {
						"0.1": [0, 0, 0],
						"0.25": [3.2, 0, 0],
						"1.9": [3.2, 0, 0],
						"2.05": [0, 0, 0]
					}
				},
				"slide2": {
					"position": [0, 0, 3]
				},
				"camera": {
					"rotation": {
						"0.0": {
							"post": [0, 0, 0],
							"lerp_mode": "catmullrom"
						},
						"0.1": {
							"post": [0.805, 0.25, 0],
							"lerp_mode": "catmullrom"
						},
						"0.3": {
							"post": [2.575, 0.95, -0.55],
							"lerp_mode": "catmullrom"
						},
						"0.65": {
							"post": [3.43, 1.125, -0.825],
							"lerp_mode": "catmullrom"
						},
						"1.05": {
							"post": [3.105, 0.5, -0.825],
							"lerp_mode": "catmullrom"
						},
						"1.1": {
							"post": [3.48, -0.475, -0.675],
							"lerp_mode": "catmullrom"
						},
						"1.25": {
							"post": [3.395, -3.475, -2.25],
							"lerp_mode": "catmullrom"
						},
						"1.45": {
							"post": [4.835, -5.375, -1.65],
							"lerp_mode": "catmullrom"
						},
						"1.85": {
							"post": [4.52, -5.2, -1.925],
							"lerp_mode": "catmullrom"
						},
						"1.95": {
							"post": [4.435, -4.125, -1.575],
							"lerp_mode": "catmullrom"
						},
						"2.05": {
							"post": [4.67, -1.55, -1.1],
							"lerp_mode": "catmullrom"
						},
						"2.15": {
							"post": [3.54, -0.5, -0.825],
							"lerp_mode": "catmullrom"
						},
						"2.25": {
							"post": [3.28, -0.275, -0.65],
							"lerp_mode": "catmullrom"
						},
						"2.35": {
							"post": [3.495, 0.075, -0.675],
							"lerp_mode": "catmullrom"
						},
						"2.45": {
							"post": [3.065, 0.2, -0.35],
							"lerp_mode": "catmullrom"
						},
						"2.75": {
							"post": [2.145, 0.75, -0.075],
							"lerp_mode": "catmullrom"
						},
						"2.85": {
							"post": [1.49, 0.75, 0.325],
							"lerp_mode": "catmullrom"
						},
						"2.95": {
							"post": [1.575, 0.75, -0.425],
							"lerp_mode": "catmullrom"
						},
						"3.05": {
							"post": [1.88, 0.75, 0.05],
							"lerp_mode": "catmullrom"
						},
						"3.35": {
							"post": [1.765, 0.475, 0],
							"lerp_mode": "catmullrom"
						},
						"3.45": {
							"post": [1.69, 0.475, 0.15],
							"lerp_mode": "catmullrom"
						},
						"3.5": {
							"post": [1.66, 0.475, -0.075],
							"lerp_mode": "catmullrom"
						},
						"3.6": {
							"post": [1.17, 0.35, 0.1],
							"lerp_mode": "catmullrom"
						},
						"3.75": {
							"post": [1.195, 0, 0],
							"lerp_mode": "catmullrom"
						},
						"4.0": {
							"post": [-0.175, 0, 0.4],
							"lerp_mode": "catmullrom"
						},
						"4.15": {
							"post": [0.1, 0, -0.4],
							"lerp_mode": "catmullrom"
						},
						"4.35": {
							"post": [0, 0, 0],
							"lerp_mode": "catmullrom"
						}
					}
				}
			},
			"sound_effects": {
				"0.0": {
					"effect": "x16_inspect_01"
				},
				"0.75": {
					"effect": "x16_inspect_02"
				},
				"1.85": {
					"effect": "x16_inspect_03"
				},
				"1.9": {
					"effect": "x16_ads_up"
				},
				"2.75": {
					"effect": "x16_ads_down"
				},
				"3.7": {
					"effect": "x16_inspect_04"
				}
			}
		},
		"run": {
			"loop": true,
			"animation_length": 0.6667,
			"bones": {
				"root": {
					"rotation": {
						"0.0": [-51.4314, -19.59742, 44.08803],
						"0.0333": [-46.61, -19.67, 40.19],
						"0.1": {
							"pre": [-40.22239, -29.39895, 31.99698],
							"post": [-40.22239, -29.39895, 31.99698],
							"lerp_mode": "catmullrom"
						},
						"0.2": {
							"post": [-44.20711, -33.02027, 40.46132],
							"lerp_mode": "catmullrom"
						},
						"0.3333": {
							"post": [-54.71744, -36.62452, 50.79408],
							"lerp_mode": "catmullrom"
						},
						"0.4667": {
							"post": [-54.16236, -46.62319, 40.48441],
							"lerp_mode": "catmullrom"
						},
						"0.5333": {
							"post": [-47.92557, -39.25531, 38.83491],
							"lerp_mode": "catmullrom"
						},
						"0.6667": {
							"post": [-51.4314, -19.59742, 44.08803],
							"lerp_mode": "catmullrom"
						}
					},
					"position": {
						"0.0": {
							"post": [-5.075, -4.275, 0],
							"lerp_mode": "catmullrom"
						},
						"0.0667": {
							"post": [-5.015, -4.34, -0.125],
							"lerp_mode": "catmullrom"
						},
						"0.2333": {
							"post": [-3.63, -5.445, -1.05],
							"lerp_mode": "catmullrom"
						},
						"0.3667": {
							"post": [-1.65, -3.72, 0],
							"lerp_mode": "catmullrom"
						},
						"0.4667": {
							"post": [-1.935, -5.01, 0.3],
							"lerp_mode": "catmullrom"
						},
						"0.5667": {
							"post": [-3.555, -5.445, -0.725],
							"lerp_mode": "catmullrom"
						},
						"0.6667": {
							"post": [-5.075, -4.275, 0],
							"lerp_mode": "catmullrom"
						}
					}
				}
			}
		},
		"run_hold": {
			"loop": true,
			"bones": {
				"root": {
					"rotation": {
						"0.0": {
							"post": [-54.71744, -36.62452, 50.79408],
							"lerp_mode": "catmullrom"
						}
					},
					"position": {
						"0.0": {
							"post": [-1.65, -3.72, 0],
							"lerp_mode": "catmullrom"
						}
					}
				}
			}
		},
		"run_start": {
			"animation_length": 0.2333,
			"bones": {
				"root": {
					"rotation": {
						"0.0": [0, 0, 0],
						"0.1": {
							"pre": [-25.13982, -27.21251, 18.96435],
							"post": [-25.13982, -27.21251, 18.96435],
							"lerp_mode": "catmullrom"
						},
						"0.2333": {
							"post": [-42.01, -32.04, 36.88],
							"lerp_mode": "catmullrom"
						}
					},
					"position": {
						"0.0": [0, 0, 0],
						"0.1": {
							"pre": [-2.04, -4.015, -1.2],
							"post": [-2.04, -4.015, -1.2],
							"lerp_mode": "catmullrom"
						},
						"0.2333": {
							"post": [-4.05, -5.34, -0.94],
							"lerp_mode": "catmullrom"
						}
					}
				}
			}
		},
		"put_away": {
			"animation_length": 0.4333,
			"bones": {
				"lefthand": {
					"rotation": {
						"0.0": [109.80512, -8.72735, -179.16691],
						"0.0667": [125.05069, -13.28299, -219.96163]
					},
					"position": {
						"0.0": [7.75, -17.2125, 5.15625],
						"0.0667": [9.35, -16.8975, 6.65625],
						"0.1333": [12.0275, -18.235, 6.65625]
					},
					"scale": [1, 1.5, 1]
				},
				"righthand": {
					"rotation": [-264.97476, 6.2574, -176.94134],
					"position": [-6.9125, -16.625, 5.8875],
					"scale": [1, 1.5, 1]
				},
				"root": {
					"rotation": {
						"0.0": {
							"post": [0, 0, 0],
							"lerp_mode": "catmullrom"
						},
						"0.0667": {
							"post": [0.5, -1.35, 6.63],
							"lerp_mode": "catmullrom"
						},
						"0.1333": {
							"post": [6.11, -8.14, 8.67],
							"lerp_mode": "catmullrom"
						},
						"0.2": {
							"post": [16.24, -19.23, 6.01],
							"lerp_mode": "catmullrom"
						},
						"0.3": {
							"post": [27.05, -28.35, 10.87],
							"lerp_mode": "catmullrom"
						}
					},
					"position": {
						"0.0": {
							"post": [0, 0, 0],
							"lerp_mode": "catmullrom"
						},
						"0.0667": {
							"post": [-0.22, 0.02, 0.15],
							"lerp_mode": "catmullrom"
						},
						"0.1333": {
							"post": [-0.97, -1.02, 0.04],
							"lerp_mode": "catmullrom"
						},
						"0.2": {
							"post": [-2.32, -4.11, 0],
							"lerp_mode": "catmullrom"
						},
						"0.2667": {
							"post": [-4.33, -9.49, 2.05],
							"lerp_mode": "catmullrom"
						},
						"0.3": {
							"post": [-5.08, -12.34, 2.92],
							"lerp_mode": "catmullrom"
						}
					},
					"scale": {
						"0.0": {
							"post": [1, 1, 1],
							"lerp_mode": "catmullrom"
						}
					}
				},
				"l": {
					"rotation": [90, 0, -180],
					"position": [25, -29, 9],
					"scale": [1.55, 2, 1.45]
				},
				"r": {
					"rotation": [95, 0, -180],
					"position": [-6.4, -10.65, 10],
					"scale": [1.45, 2, 1.45]
				},
				"camera": {
					"rotation": {
						"0.0": {
							"post": [0, 0, 0],
							"lerp_mode": "catmullrom"
						},
						"0.0667": {
							"post": [0, 0, -0.4375],
							"lerp_mode": "catmullrom"
						},
						"0.1333": {
							"post": [0, 0, -0.655],
							"lerp_mode": "catmullrom"
						},
						"0.2": {
							"post": [0, 0, -0.5],
							"lerp_mode": "catmullrom"
						},
						"0.3": {
							"post": [0, 0, 0],
							"lerp_mode": "catmullrom"
						}
					}
				}
			},
			"sound_effects": {
				"0.0": {
					"effect": "sks_tactical_draw"
				}
			}
		},
		"shoot": {
			"animation_length": 0.6667,
			"bones": {
				"root": {
					"rotation": {
						"0.0": {
							"post": [0, 0, 0],
							"lerp_mode": "catmullrom"
						},
						"0.0417": {
							"post": [-12, -1.30704, -2],
							"lerp_mode": "catmullrom"
						},
						"0.0833": {
							"post": [-7, 0, 0],
							"lerp_mode": "catmullrom"
						},
						"0.125": {
							"post": [1.71751, -0.98521, -1.02186],
							"lerp_mode": "catmullrom"
						},
						"0.2083": {
							"post": [-1.1, 0.2, 0],
							"lerp_mode": "catmullrom"
						},
						"0.2917": {
							"post": [1.23707, -0.09694, 0.24998],
							"lerp_mode": "catmullrom"
						},
						"0.4167": {
							"post": [0.05, 0.13, 0.1],
							"lerp_mode": "catmullrom"
						},
						"0.5833": {
							"post": [0, 0, 0],
							"lerp_mode": "catmullrom"
						}
					},
					"position": {
						"0.0": {
							"post": [0, 0, 0],
							"lerp_mode": "catmullrom"
						},
						"0.0417": {
							"post": [0, 0.25, 2.15],
							"lerp_mode": "catmullrom"
						},
						"0.0833": {
							"post": [0, 0.85, 2.2],
							"lerp_mode": "catmullrom"
						},
						"0.1667": {
							"post": [0, 0.06875, -0.275],
							"lerp_mode": "catmullrom"
						},
						"0.2917": {
							"post": [0, -0.1125, 0],
							"lerp_mode": "catmullrom"
						},
						"0.4167": {
							"post": [0, 0, 0],
							"lerp_mode": "catmullrom"
						}
					}
				},
				"barrel": {
					"rotation": {
						"0.0": [0, 0, 0],
						"0.0417": [-3.005, 0, 0],
						"0.0833": [-3, 0, 0],
						"0.125": [0, 0, 0]
					},
					"position": {
						"0.0": [0, 0, 0],
						"0.0417": [0, -0.125, 0.375],
						"0.0833": [0, -0.125, 0.375],
						"0.125": [0, 0, 0]
					}
				},
				"slide2": {
					"position": {
						"0.0": {
							"post": [0, 0, 0],
							"lerp_mode": "catmullrom"
						},
						"0.0417": [0, 0, 3],
						"0.0833": [0, 0, 3],
						"0.125": {
							"pre": [0, 0, 0],
							"post": [0, 0, 0],
							"lerp_mode": "catmullrom"
						},
						"0.2083": {
							"post": [0, 0, 0.3125],
							"lerp_mode": "catmullrom"
						},
						"0.2917": {
							"post": [0, 0, 0],
							"lerp_mode": "catmullrom"
						}
					}
				},
				"pattern": {
					"position": {
						"0.0": {
							"post": [0, 0, 0],
							"lerp_mode": "catmullrom"
						},
						"0.0417": [0, 0, 2],
						"0.0833": [0, 0, 2.005],
						"0.125": {
							"pre": [0, 0, 0],
							"post": [0, 0, 0],
							"lerp_mode": "catmullrom"
						}
					}
				},
				"camera": {
					"rotation": {
						"0.0": {
							"post": [0, 0, 0],
							"lerp_mode": "catmullrom"
						},
						"0.0417": {
							"post": [0, 0, 1.025],
							"lerp_mode": "catmullrom"
						},
						"0.0833": {
							"post": [0, 0, -0.7],
							"lerp_mode": "catmullrom"
						},
						"0.125": {
							"post": [0, 0, 0.6],
							"lerp_mode": "catmullrom"
						},
						"0.1667": {
							"post": [0, 0, -0.3],
							"lerp_mode": "catmullrom"
						},
						"0.25": {
							"post": [0, 0, 0.35],
							"lerp_mode": "catmullrom"
						},
						"0.3333": {
							"post": [0, 0, -0.15],
							"lerp_mode": "catmullrom"
						},
						"0.4583": {
							"post": [0, 0, 0],
							"lerp_mode": "catmullrom"
						}
					}
				},
				"constraint": {
					"rotation": [0.25, 0.5, 0.5],
					"position": [0.25, 0.35, 0.35]
				},
				"trigger": {
					"rotation": {
						"0.0": [0, 0, 0],
						"0.0417": [20, 0, 0],
						"0.0833": [20, 0, 0],
						"0.1667": [0, 0, 0]
					}
				},
				"hammer": {
					"rotation": {
						"0.0": [0, 0, 0],
						"0.0417": [62.5, 0, 0],
						"0.125": [0, 0, 0]
					}
				}
			}
		},
		"shoot_semi": {
			"animation_length": 0.6667,
			"bones": {
				"root": {
					"rotation": {
						"0.0": {
							"post": [0, 0, 0],
							"lerp_mode": "catmullrom"
						},
						"0.0417": {
							"post": [-4, -1.30704, -2],
							"lerp_mode": "catmullrom"
						},
						"0.2083": {
							"post": [-0.1, 0.2, 0],
							"lerp_mode": "catmullrom"
						},
						"0.2917": {
							"post": [1.23707, -0.09694, 0.24998],
							"lerp_mode": "catmullrom"
						},
						"0.4167": {
							"post": [0.05, 0.13, 0.1],
							"lerp_mode": "catmullrom"
						},
						"0.5833": {
							"post": [0, 0, 0],
							"lerp_mode": "catmullrom"
						}
					},
					"position": {
						"0.0": {
							"post": [0, 0, 0],
							"lerp_mode": "catmullrom"
						},
						"0.0417": {
							"post": [0, 0.125, 0.9],
							"lerp_mode": "catmullrom"
						},
						"0.1667": {
							"post": [0, 0.06875, -0.275],
							"lerp_mode": "catmullrom"
						},
						"0.2917": {
							"post": [0, -0.1125, 0],
							"lerp_mode": "catmullrom"
						},
						"0.4167": {
							"post": [0, 0, 0],
							"lerp_mode": "catmullrom"
						}
					}
				},
				"pattern": {
					"position": {
						"0.0": {
							"post": [0, 0, 0],
							"lerp_mode": "catmullrom"
						},
						"0.0417": [0, 0, 2],
						"0.0833": [0, 0, 2.005],
						"0.125": {
							"pre": [0, 0, 0],
							"post": [0, 0, 0],
							"lerp_mode": "catmullrom"
						}
					}
				},
				"camera": {
					"rotation": {
						"0.0": {
							"post": [0, 0, 0],
							"lerp_mode": "catmullrom"
						},
						"0.0833": {
							"post": [0, 0, -0.7],
							"lerp_mode": "catmullrom"
						},
						"0.125": {
							"post": [0, 0, 0.6],
							"lerp_mode": "catmullrom"
						},
						"0.25": {
							"post": [0, 0, 0.225],
							"lerp_mode": "catmullrom"
						},
						"0.3333": {
							"post": [0, 0, -0.15],
							"lerp_mode": "catmullrom"
						},
						"0.4583": {
							"post": [0, 0, 0],
							"lerp_mode": "catmullrom"
						}
					}
				},
				"constraint": {
					"rotation": [0.25, 0.5, 0.5],
					"position": [0.25, 0.35, 0.35]
				},
				"shell": {
					"position": [0, -89, 0]
				},
				"trigger": {
					"rotation": {
						"0.0": [0, 0, 0],
						"0.0417": [20, 0, 0],
						"0.0833": [20, 0, 0],
						"0.1667": [0, 0, 0]
					}
				},
				"hammer": {
					"rotation": {
						"0.0": [0, 0, 0],
						"0.0417": [62.5, 0, 0]
					}
				}
			}
		}
	}
}