{
	"format_version": "1.12.0",
	"minecraft:geometry": [
		{
			"description": {
				"identifier": "geometry.unknown",
				"texture_width": 32,
				"texture_height": 32,
				"visible_bounds_width": 2,
				"visible_bounds_height": 1.5,
				"visible_bounds_offset": [0, 0.25, 0]
			},
			"bones": [
				{
					"name": "bone6",
					"pivot": [0.90405, 0.37447, -4.01614],
					"cubes": [
						{
							"origin": [-0.30445, -0.735, -3.73999],
							"size": [0.60889, 0.49, 3.73437],
							"pivot": [0, 0, -7.92187],
							"rotation": [0, 0, 45],
							"uv": {
								"north": {"uv": [17, 24], "uv_size": [0.5, 0.5]},
								"east": {"uv": [8, 6], "uv_size": [3.5, 0.5]},
								"south": {"uv": [24, 17], "uv_size": [0.5, 0.5]},
								"west": {"uv": [8, 7], "uv_size": [3.5, 0.5]},
								"up": {"uv": [4, 8], "uv_size": [0.5, 3.5]},
								"down": {"uv": [5, 11.5], "uv_size": [0.5, -3.5]}
							}
						},
						{
							"origin": [-0.90405, -0.37447, -7.76614],
							"size": [0.6027, 0.74894, 1.76563],
							"uv": {
								"north": {"uv": [23, 13], "uv_size": [0.5, 0.5]},
								"east": {"uv": [17, 7], "uv_size": [2, 0.5]},
								"south": {"uv": [14, 23], "uv_size": [0.5, 0.5]},
								"west": {"uv": [8, 17], "uv_size": [2, 0.5]},
								"up": {"uv": [10, 17], "uv_size": [0.5, 2]},
								"down": {"uv": [17, 12], "uv_size": [0.5, -2]}
							}
						},
						{
							"origin": [-0.90405, -0.37447, -3.76614],
							"size": [0.6027, 0.74894, 2.625],
							"uv": {
								"north": {"uv": [7, 24], "uv_size": [0.5, 0.5]},
								"east": {"uv": [13, 4], "uv_size": [2.5, 0.5]},
								"south": {"uv": [24, 7], "uv_size": [0.5, 0.5]},
								"west": {"uv": [13, 5], "uv_size": [2.5, 0.5]},
								"up": {"uv": [7, 13], "uv_size": [0.5, 2.5]},
								"down": {"uv": [13, 9.5], "uv_size": [0.5, -2.5]}
							}
						},
						{
							"origin": [-0.90405, -0.37447, -7.76614],
							"size": [0.6027, 0.74894, 1.76563],
							"pivot": [0, 0, -7.92187],
							"rotation": [0, 0, 45],
							"uv": {
								"north": {"uv": [23, 14], "uv_size": [0.5, 0.5]},
								"east": {"uv": [17, 8], "uv_size": [2, 0.5]},
								"south": {"uv": [15, 23], "uv_size": [0.5, 0.5]},
								"west": {"uv": [17, 12], "uv_size": [2, 0.5]},
								"up": {"uv": [11, 17], "uv_size": [0.5, 2]},
								"down": {"uv": [13, 19], "uv_size": [0.5, -2]}
							}
						},
						{
							"origin": [-0.90405, -0.37447, -3.76613],
							"size": [0.6027, 0.74894, 2.625],
							"pivot": [0, 0, -7.92187],
							"rotation": [0, 0, 45],
							"uv": {
								"north": {"uv": [3, 24], "uv_size": [0.5, 0.5]},
								"east": {"uv": [2, 12], "uv_size": [2.5, 0.5]},
								"south": {"uv": [24, 3], "uv_size": [0.5, 0.5]},
								"west": {"uv": [12, 2], "uv_size": [2.5, 0.5]},
								"up": {"uv": [12, 3], "uv_size": [0.5, 2.5]},
								"down": {"uv": [5, 14.5], "uv_size": [0.5, -2.5]}
							}
						},
						{
							"origin": [0.30135, -0.37447, -7.76614],
							"size": [0.6027, 0.74894, 1.76563],
							"uv": {
								"north": {"uv": [23, 15], "uv_size": [0.5, 0.5]},
								"east": {"uv": [17, 13], "uv_size": [2, 0.5]},
								"south": {"uv": [16, 23], "uv_size": [0.5, 0.5]},
								"west": {"uv": [17, 15], "uv_size": [2, 0.5]},
								"up": {"uv": [14, 17], "uv_size": [0.5, 2]},
								"down": {"uv": [16, 19], "uv_size": [0.5, -2]}
							}
						},
						{
							"origin": [0.30135, -0.37447, -3.76614],
							"size": [0.6027, 0.74894, 2.625],
							"uv": {
								"north": {"uv": [6, 24], "uv_size": [0.5, 0.5]},
								"east": {"uv": [12, 11], "uv_size": [2.5, 0.5]},
								"south": {"uv": [24, 6], "uv_size": [0.5, 0.5]},
								"west": {"uv": [13, 3], "uv_size": [2.5, 0.5]},
								"up": {"uv": [4, 13], "uv_size": [0.5, 2.5]},
								"down": {"uv": [6, 15.5], "uv_size": [0.5, -2.5]}
							}
						},
						{
							"origin": [0.30135, -0.37447, -7.76614],
							"size": [0.6027, 0.74894, 1.76563],
							"pivot": [0, 0, -7.92187],
							"rotation": [0, 0, 45],
							"uv": {
								"north": {"uv": [23, 16], "uv_size": [0.5, 0.5]},
								"east": {"uv": [17, 16], "uv_size": [2, 0.5]},
								"south": {"uv": [17, 23], "uv_size": [0.5, 0.5]},
								"west": {"uv": [17, 17], "uv_size": [2, 0.5]},
								"up": {"uv": [0, 18], "uv_size": [0.5, 2]},
								"down": {"uv": [1, 20], "uv_size": [0.5, -2]}
							}
						},
						{
							"origin": [0.30135, -0.37447, -3.76613],
							"size": [0.6027, 0.74894, 2.625],
							"pivot": [0, 0, -7.92187],
							"rotation": [0, 0, 45],
							"uv": {
								"north": {"uv": [9, 24], "uv_size": [0.5, 0.5]},
								"east": {"uv": [14, 0], "uv_size": [2.5, 0.5]},
								"south": {"uv": [24, 9], "uv_size": [0.5, 0.5]},
								"west": {"uv": [14, 1], "uv_size": [2.5, 0.5]},
								"up": {"uv": [0, 14], "uv_size": [0.5, 2.5]},
								"down": {"uv": [1, 16.5], "uv_size": [0.5, -2.5]}
							}
						},
						{
							"origin": [-0.37447, 0.30135, -7.76614],
							"size": [0.74894, 0.6027, 1.76563],
							"uv": {
								"north": {"uv": [23, 17], "uv_size": [0.5, 0.5]},
								"east": {"uv": [18, 1], "uv_size": [2, 0.5]},
								"south": {"uv": [18, 23], "uv_size": [0.5, 0.5]},
								"west": {"uv": [18, 2], "uv_size": [2, 0.5]},
								"up": {"uv": [2, 18], "uv_size": [0.5, 2]},
								"down": {"uv": [4, 20], "uv_size": [0.5, -2]}
							}
						},
						{
							"origin": [-0.37447, 0.30135, -3.76614],
							"size": [0.74894, 0.6027, 2.625],
							"uv": {
								"north": {"uv": [5, 24], "uv_size": [0.5, 0.5]},
								"east": {"uv": [10, 12], "uv_size": [2.5, 0.5]},
								"south": {"uv": [24, 5], "uv_size": [0.5, 0.5]},
								"west": {"uv": [12, 10], "uv_size": [2.5, 0.5]},
								"up": {"uv": [2, 13], "uv_size": [0.5, 2.5]},
								"down": {"uv": [3, 15.5], "uv_size": [0.5, -2.5]}
							}
						},
						{
							"origin": [-0.37447, 0.80135, -6.00051],
							"size": [0.74894, 0.1027, 2.23438],
							"uv": {
								"north": {"uv": [25, 16], "uv_size": [0.5, 0.5]},
								"east": {"uv": [19, 15], "uv_size": [2, 0.5]},
								"south": {"uv": [17, 25], "uv_size": [0.5, 0.5]},
								"west": {"uv": [19, 16], "uv_size": [2, 0.5]},
								"up": {"uv": [14, 19], "uv_size": [0.5, 2]},
								"down": {"uv": [16, 21], "uv_size": [0.5, -2]}
							}
						},
						{
							"origin": [-0.37447, -0.90405, -6.00051],
							"size": [0.74894, 0.1027, 2.23438],
							"uv": {
								"north": {"uv": [25, 17], "uv_size": [0.5, 0.5]},
								"east": {"uv": [19, 17], "uv_size": [2, 0.5]},
								"south": {"uv": [18, 25], "uv_size": [0.5, 0.5]},
								"west": {"uv": [18, 19], "uv_size": [2, 0.5]},
								"up": {"uv": [0, 20], "uv_size": [0.5, 2]},
								"down": {"uv": [1, 22], "uv_size": [0.5, -2]}
							}
						},
						{
							"origin": [-0.37447, 0.30135, -7.76614],
							"size": [0.74894, 0.6027, 1.76563],
							"pivot": [0, 0, -7.92187],
							"rotation": [0, 0, 45],
							"uv": {
								"north": {"uv": [23, 18], "uv_size": [0.5, 0.5]},
								"east": {"uv": [18, 3], "uv_size": [2, 0.5]},
								"south": {"uv": [19, 23], "uv_size": [0.5, 0.5]},
								"west": {"uv": [5, 18], "uv_size": [2, 0.5]},
								"up": {"uv": [18, 5], "uv_size": [0.5, 2]},
								"down": {"uv": [8, 20], "uv_size": [0.5, -2]}
							}
						},
						{
							"origin": [-0.37447, 0.30135, -3.76613],
							"size": [0.74894, 0.6027, 2.625],
							"pivot": [0, 0, -7.92187],
							"rotation": [0, 0, 45],
							"uv": {
								"north": {"uv": [4, 24], "uv_size": [0.5, 0.5]},
								"east": {"uv": [6, 12], "uv_size": [2.5, 0.5]},
								"south": {"uv": [24, 4], "uv_size": [0.5, 0.5]},
								"west": {"uv": [12, 6], "uv_size": [2.5, 0.5]},
								"up": {"uv": [12, 7], "uv_size": [0.5, 2.5]},
								"down": {"uv": [9, 14.5], "uv_size": [0.5, -2.5]}
							}
						},
						{
							"origin": [-0.37447, -0.90405, -7.76614],
							"size": [0.74894, 0.6027, 1.76563],
							"uv": {
								"north": {"uv": [23, 19], "uv_size": [0.5, 0.5]},
								"east": {"uv": [18, 9], "uv_size": [2, 0.5]},
								"south": {"uv": [20, 23], "uv_size": [0.5, 0.5]},
								"west": {"uv": [18, 10], "uv_size": [2, 0.5]},
								"up": {"uv": [9, 18], "uv_size": [0.5, 2]},
								"down": {"uv": [12, 20], "uv_size": [0.5, -2]}
							}
						},
						{
							"origin": [-0.37447, -0.90405, -7.76614],
							"size": [0.74894, 0.6027, 1.76563],
							"pivot": [0, 0, -7.92187],
							"rotation": [0, 0, 45],
							"uv": {
								"north": {"uv": [23, 20], "uv_size": [0.5, 0.5]},
								"east": {"uv": [18, 11], "uv_size": [2, 0.5]},
								"south": {"uv": [21, 23], "uv_size": [0.5, 0.5]},
								"west": {"uv": [18, 14], "uv_size": [2, 0.5]},
								"up": {"uv": [15, 18], "uv_size": [0.5, 2]},
								"down": {"uv": [17, 20], "uv_size": [0.5, -2]}
							}
						},
						{
							"origin": [-0.37447, -0.90405, -3.76613],
							"size": [0.74894, 0.6027, 2.625],
							"pivot": [0, 0, -7.92187],
							"rotation": [0, 0, 45],
							"uv": {
								"north": {"uv": [10, 24], "uv_size": [0.5, 0.5]},
								"east": {"uv": [14, 7], "uv_size": [2.5, 0.5]},
								"south": {"uv": [24, 10], "uv_size": [0.5, 0.5]},
								"west": {"uv": [14, 8], "uv_size": [2.5, 0.5]},
								"up": {"uv": [10, 14], "uv_size": [0.5, 2.5]},
								"down": {"uv": [11, 16.5], "uv_size": [0.5, -2.5]}
							}
						},
						{
							"origin": [-0.79792, -0.33051, -1.05243],
							"size": [1.59583, 0.66102, 0.875],
							"pivot": [0, 0, 0],
							"rotation": [0, 0, 22.5],
							"uv": {
								"north": {"uv": [21, 4], "uv_size": [1.5, 0.5]},
								"east": {"uv": [11, 21], "uv_size": [1, 0.5]},
								"south": {"uv": [21, 6], "uv_size": [1.5, 0.5]},
								"west": {"uv": [16, 21], "uv_size": [1, 0.5]},
								"up": {"uv": [10, 2], "uv_size": [1.5, 1]},
								"down": {"uv": [10, 4], "uv_size": [1.5, -1]}
							}
						},
						{
							"origin": [-0.79792, -0.33051, -1.05243],
							"size": [1.59583, 0.66102, 0.875],
							"pivot": [0, 0, 3.20313],
							"rotation": [0, 0, 67.5],
							"uv": {
								"north": {"uv": [21, 7], "uv_size": [1.5, 0.5]},
								"east": {"uv": [21, 16], "uv_size": [1, 0.5]},
								"south": {"uv": [21, 8], "uv_size": [1.5, 0.5]},
								"west": {"uv": [21, 17], "uv_size": [1, 0.5]},
								"up": {"uv": [10, 4], "uv_size": [1.5, 1]},
								"down": {"uv": [10, 6], "uv_size": [1.5, -1]}
							}
						},
						{
							"origin": [-0.33051, -0.79792, -1.05243],
							"size": [0.66102, 1.59583, 0.875],
							"pivot": [0, 0, 0],
							"rotation": [0, 0, 22.5],
							"uv": {
								"north": {"uv": [3, 21], "uv_size": [0.5, 1.5]},
								"east": {"uv": [6, 10], "uv_size": [1, 1.5]},
								"south": {"uv": [7, 21], "uv_size": [0.5, 1.5]},
								"west": {"uv": [7, 10], "uv_size": [1, 1.5]},
								"up": {"uv": [18, 21], "uv_size": [0.5, 1]},
								"down": {"uv": [21, 19], "uv_size": [0.5, -1]}
							}
						},
						{
							"origin": [-0.33051, -0.79792, -1.05243],
							"size": [0.66102, 1.59583, 0.875],
							"pivot": [0, 0, 3.20313],
							"rotation": [0, 0, 67.5],
							"uv": {
								"north": {"uv": [21, 9], "uv_size": [0.5, 1.5]},
								"east": {"uv": [8, 10], "uv_size": [1, 1.5]},
								"south": {"uv": [10, 21], "uv_size": [0.5, 1.5]},
								"west": {"uv": [9, 10], "uv_size": [1, 1.5]},
								"up": {"uv": [19, 21], "uv_size": [0.5, 1]},
								"down": {"uv": [21, 20], "uv_size": [0.5, -1]}
							}
						},
						{
							"origin": [-0.37447, -0.90405, -3.76614],
							"size": [0.74894, 0.6027, 2.625],
							"uv": {
								"north": {"uv": [8, 24], "uv_size": [0.5, 0.5]},
								"east": {"uv": [10, 13], "uv_size": [2.5, 0.5]},
								"south": {"uv": [24, 8], "uv_size": [0.5, 0.5]},
								"west": {"uv": [13, 12], "uv_size": [2.5, 0.5]},
								"up": {"uv": [8, 13], "uv_size": [0.5, 2.5]},
								"down": {"uv": [13, 15.5], "uv_size": [0.5, -2.5]}
							}
						},
						{
							"origin": [0.34584, -0.15248, -5.54299],
							"size": [0.74894, 0.25, 1.8081],
							"pivot": [0.7478, -0.02748, -3.89114],
							"rotation": [90, 0, 90],
							"uv": {
								"north": {"uv": [23, 21], "uv_size": [0.5, 0.5]},
								"east": {"uv": [18, 18], "uv_size": [2, 0.5]},
								"south": {"uv": [22, 23], "uv_size": [0.5, 0.5]},
								"west": {"uv": [19, 0], "uv_size": [2, 0.5]},
								"up": {"uv": [3, 19], "uv_size": [0.5, 2]},
								"down": {"uv": [19, 6], "uv_size": [0.5, -2]}
							}
						},
						{
							"origin": [0.34585, -0.15248, -5.23049],
							"size": [0.74894, 0.25, 0.4956],
							"pivot": [0.7478, -0.02748, -4.89114],
							"rotation": [90, 0, 90],
							"uv": {
								"north": {"uv": [23, 22], "uv_size": [0.5, 0.5]},
								"east": {"uv": [23, 23], "uv_size": [0.5, 0.5]},
								"south": {"uv": [0, 24], "uv_size": [0.5, 0.5]},
								"west": {"uv": [24, 0], "uv_size": [0.5, 0.5]},
								"up": {"uv": [1, 24], "uv_size": [0.5, 0.5]},
								"down": {"uv": [24, 1.5], "uv_size": [0.5, -0.5]}
							}
						},
						{
							"origin": [0.34585, -0.15248, -6.54299],
							"size": [0.74894, 0.25, 0.4331],
							"pivot": [0.7478, -0.02748, -4.89114],
							"rotation": [90, 0, 90],
							"uv": {
								"north": {"uv": [3, 30], "uv_size": [0.5, 0.5]},
								"east": {"uv": [30, 3], "uv_size": [0.5, 0.5]},
								"south": {"uv": [4, 30], "uv_size": [0.5, 0.5]},
								"west": {"uv": [30, 4], "uv_size": [0.5, 0.5]},
								"up": {"uv": [5, 30], "uv_size": [0.5, 0.5]},
								"down": {"uv": [30, 5.5], "uv_size": [0.5, -0.5]}
							}
						},
						{
							"origin": [1.47375, 0.75483, -6.74795],
							"size": [0.32088, 0.25, 0.81833],
							"pivot": [1.44765, 0.87983, -4.89114],
							"rotation": [90, 0, 90],
							"uv": {
								"north": {"uv": [6, 30], "uv_size": [0.5, 0.5]},
								"east": {"uv": [2, 22], "uv_size": [1, 0.5]},
								"south": {"uv": [30, 6], "uv_size": [0.5, 0.5]},
								"west": {"uv": [4, 22], "uv_size": [1, 0.5]},
								"up": {"uv": [5, 22], "uv_size": [0.5, 1]},
								"down": {"uv": [22, 6], "uv_size": [0.5, -1]}
							}
						},
						{
							"origin": [1.47375, -0.62017, -6.74795],
							"size": [0.32088, 0.25, 0.81833],
							"pivot": [1.44765, -0.49517, -4.89114],
							"rotation": [90, 0, 90],
							"uv": {
								"north": {"uv": [7, 30], "uv_size": [0.5, 0.5]},
								"east": {"uv": [6, 22], "uv_size": [1, 0.5]},
								"south": {"uv": [30, 7], "uv_size": [0.5, 0.5]},
								"west": {"uv": [8, 22], "uv_size": [1, 0.5]},
								"up": {"uv": [9, 22], "uv_size": [0.5, 1]},
								"down": {"uv": [22, 10], "uv_size": [0.5, -1]}
							}
						},
						{
							"origin": [0.34584, -0.15248, -7.54299],
							"size": [0.74894, 0.23437, 1.8081],
							"pivot": [0.7478, -0.02748, -5.89114],
							"rotation": [90, 0, 90],
							"uv": {
								"north": {"uv": [2, 24], "uv_size": [0.5, 0.5]},
								"east": {"uv": [5, 19], "uv_size": [2, 0.5]},
								"south": {"uv": [24, 2], "uv_size": [0.5, 0.5]},
								"west": {"uv": [19, 6], "uv_size": [2, 0.5]},
								"up": {"uv": [7, 19], "uv_size": [0.5, 2]},
								"down": {"uv": [19, 9], "uv_size": [0.5, -2]}
							}
						},
						{
							"origin": [-0.09166, -0.15248, -7.08986],
							"size": [1.62394, 0.23437, 0.90185],
							"pivot": [0.7478, -0.02748, -5.89114],
							"rotation": [90, 0, 90],
							"uv": {
								"north": {"uv": [21, 11], "uv_size": [1.5, 0.5]},
								"east": {"uv": [21, 20], "uv_size": [1, 0.5]},
								"south": {"uv": [21, 12], "uv_size": [1.5, 0.5]},
								"west": {"uv": [21, 21], "uv_size": [1, 0.5]},
								"up": {"uv": [10, 10], "uv_size": [1.5, 1]},
								"down": {"uv": [10, 12], "uv_size": [1.5, -1]}
							}
						},
						{
							"origin": [-0.09166, -0.15248, -5.10549],
							"size": [1.62394, 0.23437, 0.90185],
							"pivot": [0.7478, -0.02748, -3.90676],
							"rotation": [90, 0, 90],
							"uv": {
								"north": {"uv": [13, 21], "uv_size": [1.5, 0.5]},
								"east": {"uv": [0, 22], "uv_size": [1, 0.5]},
								"south": {"uv": [21, 15], "uv_size": [1.5, 0.5]},
								"west": {"uv": [1, 22], "uv_size": [1, 0.5]},
								"up": {"uv": [12, 0], "uv_size": [1.5, 1]},
								"down": {"uv": [12, 2], "uv_size": [1.5, -1]}
							}
						},
						{
							"origin": [-0.8125, -0.90625, -0.42187],
							"size": [1.625, 0.375, 0.1875],
							"uv": {
								"north": {"uv": [21, 0], "uv_size": [1.5, 0.5]},
								"east": {"uv": [22, 10], "uv_size": [0.5, 0.5]},
								"south": {"uv": [21, 1], "uv_size": [1.5, 0.5]},
								"west": {"uv": [11, 22], "uv_size": [0.5, 0.5]},
								"up": {"uv": [21, 2], "uv_size": [1.5, 0.5]},
								"down": {"uv": [21, 3.5], "uv_size": [1.5, -0.5]}
							}
						},
						{
							"origin": [0.625, -0.09375, -0.17187],
							"size": [0.25, 0.25, 0.0625],
							"uv": {
								"north": {"uv": [12, 22], "uv_size": [0.5, 0.5]},
								"east": {"uv": [13, 22], "uv_size": [0.5, 0.5]},
								"south": {"uv": [22, 13], "uv_size": [0.5, 0.5]},
								"west": {"uv": [14, 22], "uv_size": [0.5, 0.5]},
								"up": {"uv": [22, 14], "uv_size": [0.5, 0.5]},
								"down": {"uv": [15, 22.5], "uv_size": [0.5, -0.5]}
							}
						},
						{
							"origin": [0.81629, -0.09375, -0.25111],
							"size": [0.125, 0.25, 0.0625],
							"pivot": [0.94129, 0.03125, -0.21986],
							"rotation": [0, 45, 0],
							"uv": {
								"north": {"uv": [16, 22], "uv_size": [0.5, 0.5]},
								"east": {"uv": [22, 16], "uv_size": [0.5, 0.5]},
								"south": {"uv": [17, 22], "uv_size": [0.5, 0.5]},
								"west": {"uv": [22, 17], "uv_size": [0.5, 0.5]},
								"up": {"uv": [18, 22], "uv_size": [0.5, 0.5]},
								"down": {"uv": [22, 18.5], "uv_size": [0.5, -0.5]}
							}
						},
						{
							"origin": [0.86964, -0.09375, -0.29151],
							"size": [0.1875, 0.25, 0.0625],
							"pivot": [0.93214, 0.03125, -0.26026],
							"rotation": [0, 90, 0],
							"uv": {
								"north": {"uv": [19, 22], "uv_size": [0.5, 0.5]},
								"east": {"uv": [22, 19], "uv_size": [0.5, 0.5]},
								"south": {"uv": [20, 22], "uv_size": [0.5, 0.5]},
								"west": {"uv": [22, 20], "uv_size": [0.5, 0.5]},
								"up": {"uv": [21, 22], "uv_size": [0.5, 0.5]},
								"down": {"uv": [22, 21.5], "uv_size": [0.5, -0.5]}
							}
						},
						{
							"origin": [0.25053, -1.19109, -0.42187],
							"size": [0.1875, 0.3247, 0.1875],
							"pivot": [0, -0.00001, -0.32812],
							"rotation": [0, 0, -30],
							"uv": {
								"north": {"uv": [22, 22], "uv_size": [0.5, 0.5]},
								"east": {"uv": [0, 23], "uv_size": [0.5, 0.5]},
								"south": {"uv": [23, 0], "uv_size": [0.5, 0.5]},
								"west": {"uv": [1, 23], "uv_size": [0.5, 0.5]},
								"up": {"uv": [23, 1], "uv_size": [0.5, 0.5]},
								"down": {"uv": [2, 23.5], "uv_size": [0.5, -0.5]}
							}
						},
						{
							"origin": [-0.43803, -1.19109, -0.42187],
							"size": [0.1875, 0.3247, 0.1875],
							"pivot": [0, -0.00001, -0.32812],
							"rotation": [0, 0, 30],
							"uv": {
								"north": {"uv": [23, 2], "uv_size": [0.5, 0.5]},
								"east": {"uv": [3, 23], "uv_size": [0.5, 0.5]},
								"south": {"uv": [23, 3], "uv_size": [0.5, 0.5]},
								"west": {"uv": [4, 23], "uv_size": [0.5, 0.5]},
								"up": {"uv": [23, 4], "uv_size": [0.5, 0.5]},
								"down": {"uv": [5, 23.5], "uv_size": [0.5, -0.5]}
							}
						},
						{
							"origin": [-0.735, -0.30445, -8.00562],
							"size": [0.49, 0.60889, 1.95313],
							"uv": {
								"north": {"uv": [23, 5], "uv_size": [0.5, 0.5]},
								"east": {"uv": [14, 9], "uv_size": [2, 0.5]},
								"south": {"uv": [6, 23], "uv_size": [0.5, 0.5]},
								"west": {"uv": [14, 13], "uv_size": [2, 0.5]},
								"up": {"uv": [12, 14], "uv_size": [0.5, 2]},
								"down": {"uv": [14, 16], "uv_size": [0.5, -2]}
							}
						},
						{
							"origin": [-0.735, -0.30445, -3.74],
							"size": [0.49, 0.60889, 3.73438],
							"uv": {
								"north": {"uv": [16, 24], "uv_size": [0.5, 0.5]},
								"east": {"uv": [8, 0], "uv_size": [3.5, 0.5]},
								"south": {"uv": [24, 16], "uv_size": [0.5, 0.5]},
								"west": {"uv": [8, 1], "uv_size": [3.5, 0.5]},
								"up": {"uv": [2, 8], "uv_size": [0.5, 3.5]},
								"down": {"uv": [3, 11.5], "uv_size": [0.5, -3.5]}
							}
						},
						{
							"origin": [-0.735, -0.30445, -8.00562],
							"size": [0.49, 0.60889, 1.95313],
							"pivot": [0, 0, -7.92187],
							"rotation": [0, 0, 45],
							"uv": {
								"north": {"uv": [23, 6], "uv_size": [0.5, 0.5]},
								"east": {"uv": [15, 2], "uv_size": [2, 0.5]},
								"south": {"uv": [7, 23], "uv_size": [0.5, 0.5]},
								"west": {"uv": [15, 6], "uv_size": [2, 0.5]},
								"up": {"uv": [5, 15], "uv_size": [0.5, 2]},
								"down": {"uv": [9, 17], "uv_size": [0.5, -2]}
							}
						},
						{
							"origin": [-0.735, -0.30445, -3.73999],
							"size": [0.49, 0.60889, 3.73437],
							"pivot": [0, 0, -7.92187],
							"rotation": [0, 0, 45],
							"uv": {
								"north": {"uv": [15, 24], "uv_size": [0.5, 0.5]},
								"east": {"uv": [6, 4], "uv_size": [3.5, 0.5]},
								"south": {"uv": [24, 15], "uv_size": [0.5, 0.5]},
								"west": {"uv": [6, 5], "uv_size": [3.5, 0.5]},
								"up": {"uv": [6, 6], "uv_size": [0.5, 3.5]},
								"down": {"uv": [7, 9.5], "uv_size": [0.5, -3.5]}
							}
						},
						{
							"origin": [0.245, -0.30445, -8.00562],
							"size": [0.49, 0.60889, 1.95313],
							"uv": {
								"north": {"uv": [23, 7], "uv_size": [0.5, 0.5]},
								"east": {"uv": [15, 10], "uv_size": [2, 0.5]},
								"south": {"uv": [8, 23], "uv_size": [0.5, 0.5]},
								"west": {"uv": [15, 11], "uv_size": [2, 0.5]},
								"up": {"uv": [15, 14], "uv_size": [0.5, 2]},
								"down": {"uv": [2, 18], "uv_size": [0.5, -2]}
							}
						},
						{
							"origin": [0.245, -0.30445, -3.74],
							"size": [0.49, 0.60889, 3.73438],
							"uv": {
								"north": {"uv": [12, 24], "uv_size": [0.5, 0.5]},
								"east": {"uv": [2, 2], "uv_size": [3.5, 0.5]},
								"south": {"uv": [24, 12], "uv_size": [0.5, 0.5]},
								"west": {"uv": [2, 3], "uv_size": [3.5, 0.5]},
								"up": {"uv": [2, 4], "uv_size": [0.5, 3.5]},
								"down": {"uv": [3, 7.5], "uv_size": [0.5, -3.5]}
							}
						},
						{
							"origin": [0.245, -0.30445, -8.00562],
							"size": [0.49, 0.60889, 1.95313],
							"pivot": [0, 0, -7.92187],
							"rotation": [0, 0, 45],
							"uv": {
								"north": {"uv": [23, 8], "uv_size": [0.5, 0.5]},
								"east": {"uv": [3, 16], "uv_size": [2, 0.5]},
								"south": {"uv": [9, 23], "uv_size": [0.5, 0.5]},
								"west": {"uv": [16, 3], "uv_size": [2, 0.5]},
								"up": {"uv": [16, 4], "uv_size": [0.5, 2]},
								"down": {"uv": [6, 18], "uv_size": [0.5, -2]}
							}
						},
						{
							"origin": [0.245, -0.30445, -3.73999],
							"size": [0.49, 0.60889, 3.73437],
							"pivot": [0, 0, -7.92187],
							"rotation": [0, 0, 45],
							"uv": {
								"north": {"uv": [13, 24], "uv_size": [0.5, 0.5]},
								"east": {"uv": [4, 0], "uv_size": [3.5, 0.5]},
								"south": {"uv": [24, 13], "uv_size": [0.5, 0.5]},
								"west": {"uv": [4, 1], "uv_size": [3.5, 0.5]},
								"up": {"uv": [4, 4], "uv_size": [0.5, 3.5]},
								"down": {"uv": [5, 7.5], "uv_size": [0.5, -3.5]}
							}
						},
						{
							"origin": [-0.30445, 0.245, -8.00562],
							"size": [0.60889, 0.49, 1.95313],
							"uv": {
								"north": {"uv": [23, 9], "uv_size": [0.5, 0.5]},
								"east": {"uv": [7, 16], "uv_size": [2, 0.5]},
								"south": {"uv": [10, 23], "uv_size": [0.5, 0.5]},
								"west": {"uv": [16, 9], "uv_size": [2, 0.5]},
								"up": {"uv": [12, 16], "uv_size": [0.5, 2]},
								"down": {"uv": [16, 14], "uv_size": [0.5, -2]}
							}
						},
						{
							"origin": [-0.30445, 0.245, -3.74],
							"size": [0.60889, 0.49, 3.73438],
							"uv": {
								"north": {"uv": [14, 24], "uv_size": [0.5, 0.5]},
								"east": {"uv": [6, 2], "uv_size": [3.5, 0.5]},
								"south": {"uv": [24, 14], "uv_size": [0.5, 0.5]},
								"west": {"uv": [6, 3], "uv_size": [3.5, 0.5]},
								"up": {"uv": [0, 6], "uv_size": [0.5, 3.5]},
								"down": {"uv": [1, 9.5], "uv_size": [0.5, -3.5]}
							}
						},
						{
							"origin": [-0.30445, 0.245, -8.00562],
							"size": [0.60889, 0.49, 1.95313],
							"pivot": [0, 0, -7.92187],
							"rotation": [0, 0, 45],
							"uv": {
								"north": {"uv": [23, 10], "uv_size": [0.5, 0.5]},
								"east": {"uv": [13, 16], "uv_size": [2, 0.5]},
								"south": {"uv": [11, 23], "uv_size": [0.5, 0.5]},
								"west": {"uv": [16, 14], "uv_size": [2, 0.5]},
								"up": {"uv": [15, 16], "uv_size": [0.5, 2]},
								"down": {"uv": [16, 17], "uv_size": [0.5, -2]}
							}
						},
						{
							"origin": [-0.30445, 0.245, -3.73999],
							"size": [0.60889, 0.49, 3.73437],
							"pivot": [0, 0, -7.92187],
							"rotation": [0, 0, 45],
							"uv": {
								"north": {"uv": [11, 24], "uv_size": [0.5, 0.5]},
								"east": {"uv": [0, 0], "uv_size": [3.5, 0.5]},
								"south": {"uv": [24, 11], "uv_size": [0.5, 0.5]},
								"west": {"uv": [0, 1], "uv_size": [3.5, 0.5]},
								"up": {"uv": [0, 2], "uv_size": [0.5, 3.5]},
								"down": {"uv": [1, 5.5], "uv_size": [0.5, -3.5]}
							}
						},
						{
							"origin": [-0.30445, -0.735, -8.00562],
							"size": [0.60889, 0.49, 1.95313],
							"uv": {
								"north": {"uv": [23, 11], "uv_size": [0.5, 0.5]},
								"east": {"uv": [0, 17], "uv_size": [2, 0.5]},
								"south": {"uv": [12, 23], "uv_size": [0.5, 0.5]},
								"west": {"uv": [17, 0], "uv_size": [2, 0.5]},
								"up": {"uv": [17, 1], "uv_size": [0.5, 2]},
								"down": {"uv": [3, 19], "uv_size": [0.5, -2]}
							}
						},
						{
							"origin": [-0.30445, -0.735, -3.74],
							"size": [0.60889, 0.49, 3.73438],
							"uv": {
								"north": {"uv": [18, 24], "uv_size": [0.5, 0.5]},
								"east": {"uv": [8, 8], "uv_size": [3.5, 0.5]},
								"south": {"uv": [24, 18], "uv_size": [0.5, 0.5]},
								"west": {"uv": [8, 9], "uv_size": [3.5, 0.5]},
								"up": {"uv": [0, 10], "uv_size": [0.5, 3.5]},
								"down": {"uv": [1, 13.5], "uv_size": [0.5, -3.5]}
							}
						},
						{
							"origin": [-0.30445, -0.735, -8.00562],
							"size": [0.60889, 0.49, 1.95313],
							"pivot": [0, 0, -7.92187],
							"rotation": [0, 0, 45],
							"uv": {
								"north": {"uv": [23, 12], "uv_size": [0.5, 0.5]},
								"east": {"uv": [4, 17], "uv_size": [2, 0.5]},
								"south": {"uv": [13, 23], "uv_size": [0.5, 0.5]},
								"west": {"uv": [17, 4], "uv_size": [2, 0.5]},
								"up": {"uv": [17, 5], "uv_size": [0.5, 2]},
								"down": {"uv": [7, 19], "uv_size": [0.5, -2]}
							}
						}
					]
				},
				{
					"name": "bone3",
					"parent": "bone6",
					"pivot": [-0.90405, 0.37447, -4.01614],
					"rotation": [0, 0, 15],
					"cubes": [
						{
							"origin": [0.1924, 13.72251, 11.11561],
							"size": [0.58939, 0.25, 0.36541],
							"pivot": [0.59265, -0.02749, 9.98386],
							"rotation": [90, 0, -60],
							"uv": {
								"north": {"uv": [15, 26], "uv_size": [0.5, 0.5]},
								"east": {"uv": [26, 15], "uv_size": [0.5, 0.5]},
								"south": {"uv": [16, 26], "uv_size": [0.5, 0.5]},
								"west": {"uv": [26, 16], "uv_size": [0.5, 0.5]},
								"up": {"uv": [17, 26], "uv_size": [0.5, 0.5]},
								"down": {"uv": [26, 17.5], "uv_size": [0.5, -0.5]}
							}
						},
						{
							"origin": [0.59429, 11.97251, 9.60602],
							"size": [0.34705, 2.23437, 0.125],
							"pivot": [0.59265, -0.02749, 8.23386],
							"rotation": [90, 0, -60],
							"uv": {
								"north": {"uv": [5, 20], "uv_size": [0.5, 2]},
								"east": {"uv": [6, 20], "uv_size": [0.5, 2]},
								"south": {"uv": [20, 7], "uv_size": [0.5, 2]},
								"west": {"uv": [8, 20], "uv_size": [0.5, 2]},
								"up": {"uv": [18, 26], "uv_size": [0.5, 0.5]},
								"down": {"uv": [26, 18.5], "uv_size": [0.5, -0.5]}
							}
						},
						{
							"origin": [-0.9392, 0.46043, -4.05983],
							"size": [0.4375, 0.125, 0.1154],
							"pivot": [-0.7517, 0.52293, -4.00213],
							"rotation": [90, 22.5, -60],
							"uv": {
								"north": {"uv": [19, 26], "uv_size": [0.5, 0.5]},
								"east": {"uv": [26, 19], "uv_size": [0.5, 0.5]},
								"south": {"uv": [20, 26], "uv_size": [0.5, 0.5]},
								"west": {"uv": [26, 20], "uv_size": [0.5, 0.5]},
								"up": {"uv": [21, 26], "uv_size": [0.5, 0.5]},
								"down": {"uv": [26, 21.5], "uv_size": [0.5, -0.5]}
							}
						},
						{
							"origin": [0.1924, 13.72251, 10.11561],
							"size": [0.58939, 0.25, 0.36541],
							"pivot": [0.59265, -0.02749, 8.98386],
							"rotation": [90, 0, -60],
							"uv": {
								"north": {"uv": [22, 26], "uv_size": [0.5, 0.5]},
								"east": {"uv": [26, 22], "uv_size": [0.5, 0.5]},
								"south": {"uv": [23, 26], "uv_size": [0.5, 0.5]},
								"west": {"uv": [26, 23], "uv_size": [0.5, 0.5]},
								"up": {"uv": [24, 26], "uv_size": [0.5, 0.5]},
								"down": {"uv": [26, 24.5], "uv_size": [0.5, -0.5]}
							}
						},
						{
							"origin": [-0.9392, 0.46043, -5.05983],
							"size": [0.4375, 0.125, 0.1154],
							"pivot": [-0.7517, 0.52293, -5.00213],
							"rotation": [90, 22.5, -60],
							"uv": {
								"north": {"uv": [25, 26], "uv_size": [0.5, 0.5]},
								"east": {"uv": [26, 25], "uv_size": [0.5, 0.5]},
								"south": {"uv": [26, 26], "uv_size": [0.5, 0.5]},
								"west": {"uv": [0, 27], "uv_size": [0.5, 0.5]},
								"up": {"uv": [27, 0], "uv_size": [0.5, 0.5]},
								"down": {"uv": [1, 27.5], "uv_size": [0.5, -0.5]}
							}
						},
						{
							"origin": [-0.8142, 0.27293, -4.83785],
							"size": [0.125, 0.4375, 0.1154],
							"pivot": [-0.7517, 0.52293, -4.78015],
							"rotation": [90, 67.5, -60],
							"uv": {
								"north": {"uv": [27, 1], "uv_size": [0.5, 0.5]},
								"east": {"uv": [2, 27], "uv_size": [0.5, 0.5]},
								"south": {"uv": [27, 2], "uv_size": [0.5, 0.5]},
								"west": {"uv": [3, 27], "uv_size": [0.5, 0.5]},
								"up": {"uv": [27, 3], "uv_size": [0.5, 0.5]},
								"down": {"uv": [4, 27.5], "uv_size": [0.5, -0.5]}
							}
						},
						{
							"origin": [0.1924, 13.72251, 9.11561],
							"size": [0.58939, 0.23437, 0.36541],
							"pivot": [0.59265, -0.02749, 7.98386],
							"rotation": [90, 0, -60],
							"uv": {
								"north": {"uv": [27, 4], "uv_size": [0.5, 0.5]},
								"east": {"uv": [5, 27], "uv_size": [0.5, 0.5]},
								"south": {"uv": [27, 5], "uv_size": [0.5, 0.5]},
								"west": {"uv": [6, 27], "uv_size": [0.5, 0.5]},
								"up": {"uv": [27, 6], "uv_size": [0.5, 0.5]},
								"down": {"uv": [7, 27.5], "uv_size": [0.5, -0.5]}
							}
						},
						{
							"origin": [-0.8142, 0.27293, -5.83785],
							"size": [0.125, 0.4375, 0.1154],
							"pivot": [-0.7517, 0.52293, -5.78015],
							"rotation": [90, 67.5, -60],
							"uv": {
								"north": {"uv": [27, 7], "uv_size": [0.5, 0.5]},
								"east": {"uv": [8, 27], "uv_size": [0.5, 0.5]},
								"south": {"uv": [27, 8], "uv_size": [0.5, 0.5]},
								"west": {"uv": [9, 27], "uv_size": [0.5, 0.5]},
								"up": {"uv": [27, 9], "uv_size": [0.5, 0.5]},
								"down": {"uv": [10, 27.5], "uv_size": [0.5, -0.5]}
							}
						}
					]
				},
				{
					"name": "bone2",
					"parent": "bone6",
					"pivot": [0.90405, 0.37447, -4.01614],
					"rotation": [0, 0, -15],
					"cubes": [
						{
							"origin": [-0.78179, 13.72251, 11.11561],
							"size": [0.58939, 0.25, 0.36541],
							"pivot": [-0.59265, -0.02749, 9.98386],
							"rotation": [90, 0, 60],
							"uv": {
								"north": {"uv": [19, 24], "uv_size": [0.5, 0.5]},
								"east": {"uv": [24, 19], "uv_size": [0.5, 0.5]},
								"south": {"uv": [20, 24], "uv_size": [0.5, 0.5]},
								"west": {"uv": [24, 20], "uv_size": [0.5, 0.5]},
								"up": {"uv": [21, 24], "uv_size": [0.5, 0.5]},
								"down": {"uv": [24, 21.5], "uv_size": [0.5, -0.5]}
							}
						},
						{
							"origin": [-0.94134, 11.97251, 9.60602],
							"size": [0.34705, 2.23437, 0.125],
							"pivot": [-0.59265, -0.02749, 8.23386],
							"rotation": [90, 0, 60],
							"uv": {
								"north": {"uv": [10, 19], "uv_size": [0.5, 2]},
								"east": {"uv": [11, 19], "uv_size": [0.5, 2]},
								"south": {"uv": [19, 12], "uv_size": [0.5, 2]},
								"west": {"uv": [13, 19], "uv_size": [0.5, 2]},
								"up": {"uv": [22, 24], "uv_size": [0.5, 0.5]},
								"down": {"uv": [24, 22.5], "uv_size": [0.5, -0.5]}
							}
						},
						{
							"origin": [0.5017, 0.46043, -4.05983],
							"size": [0.4375, 0.125, 0.1154],
							"pivot": [0.7517, 0.52293, -4.00213],
							"rotation": [90, -22.5, 60],
							"uv": {
								"north": {"uv": [23, 24], "uv_size": [0.5, 0.5]},
								"east": {"uv": [24, 23], "uv_size": [0.5, 0.5]},
								"south": {"uv": [24, 24], "uv_size": [0.5, 0.5]},
								"west": {"uv": [0, 25], "uv_size": [0.5, 0.5]},
								"up": {"uv": [25, 0], "uv_size": [0.5, 0.5]},
								"down": {"uv": [1, 25.5], "uv_size": [0.5, -0.5]}
							}
						},
						{
							"origin": [-0.78179, 13.72251, 10.11561],
							"size": [0.58939, 0.25, 0.36541],
							"pivot": [-0.59265, -0.02749, 8.98386],
							"rotation": [90, 0, 60],
							"uv": {
								"north": {"uv": [25, 1], "uv_size": [0.5, 0.5]},
								"east": {"uv": [2, 25], "uv_size": [0.5, 0.5]},
								"south": {"uv": [25, 2], "uv_size": [0.5, 0.5]},
								"west": {"uv": [3, 25], "uv_size": [0.5, 0.5]},
								"up": {"uv": [25, 3], "uv_size": [0.5, 0.5]},
								"down": {"uv": [4, 25.5], "uv_size": [0.5, -0.5]}
							}
						},
						{
							"origin": [0.5017, 0.46043, -5.05983],
							"size": [0.4375, 0.125, 0.1154],
							"pivot": [0.7517, 0.52293, -5.00213],
							"rotation": [90, -22.5, 60],
							"uv": {
								"north": {"uv": [25, 4], "uv_size": [0.5, 0.5]},
								"east": {"uv": [5, 25], "uv_size": [0.5, 0.5]},
								"south": {"uv": [25, 5], "uv_size": [0.5, 0.5]},
								"west": {"uv": [6, 25], "uv_size": [0.5, 0.5]},
								"up": {"uv": [25, 6], "uv_size": [0.5, 0.5]},
								"down": {"uv": [7, 25.5], "uv_size": [0.5, -0.5]}
							}
						},
						{
							"origin": [0.6892, 0.27293, -4.83785],
							"size": [0.125, 0.4375, 0.1154],
							"pivot": [0.7517, 0.52293, -4.78015],
							"rotation": [90, -67.5, 60],
							"uv": {
								"north": {"uv": [25, 7], "uv_size": [0.5, 0.5]},
								"east": {"uv": [8, 25], "uv_size": [0.5, 0.5]},
								"south": {"uv": [25, 8], "uv_size": [0.5, 0.5]},
								"west": {"uv": [9, 25], "uv_size": [0.5, 0.5]},
								"up": {"uv": [25, 9], "uv_size": [0.5, 0.5]},
								"down": {"uv": [10, 25.5], "uv_size": [0.5, -0.5]}
							}
						},
						{
							"origin": [-0.71929, 13.72251, 9.11561],
							"size": [0.52689, 0.23437, 0.36541],
							"pivot": [-0.59265, -0.02749, 7.98386],
							"rotation": [90, 0, 60],
							"uv": {
								"north": {"uv": [25, 10], "uv_size": [0.5, 0.5]},
								"east": {"uv": [11, 25], "uv_size": [0.5, 0.5]},
								"south": {"uv": [25, 11], "uv_size": [0.5, 0.5]},
								"west": {"uv": [12, 25], "uv_size": [0.5, 0.5]},
								"up": {"uv": [25, 12], "uv_size": [0.5, 0.5]},
								"down": {"uv": [13, 25.5], "uv_size": [0.5, -0.5]}
							}
						},
						{
							"origin": [0.6892, 0.27293, -5.83785],
							"size": [0.125, 0.4375, 0.1154],
							"pivot": [0.7517, 0.52293, -5.78015],
							"rotation": [90, -67.5, 60],
							"uv": {
								"north": {"uv": [25, 13], "uv_size": [0.5, 0.5]},
								"east": {"uv": [14, 25], "uv_size": [0.5, 0.5]},
								"south": {"uv": [25, 14], "uv_size": [0.5, 0.5]},
								"west": {"uv": [15, 25], "uv_size": [0.5, 0.5]},
								"up": {"uv": [25, 15], "uv_size": [0.5, 0.5]},
								"down": {"uv": [16, 25.5], "uv_size": [0.5, -0.5]}
							}
						}
					]
				},
				{
					"name": "bone4",
					"parent": "bone6",
					"pivot": [-0.90405, -0.37447, -4.01614],
					"rotation": [0, 0, -15],
					"cubes": [
						{
							"origin": [0.1924, -13.97252, 11.11561],
							"size": [0.58939, 0.25, 0.36541],
							"pivot": [0.59265, 0.02748, 9.98386],
							"rotation": [-90, 0, 60],
							"uv": {
								"north": {"uv": [27, 10], "uv_size": [0.5, 0.5]},
								"east": {"uv": [11, 27], "uv_size": [0.5, 0.5]},
								"south": {"uv": [27, 11], "uv_size": [0.5, 0.5]},
								"west": {"uv": [12, 27], "uv_size": [0.5, 0.5]},
								"up": {"uv": [27, 12], "uv_size": [0.5, 0.5]},
								"down": {"uv": [13, 27.5], "uv_size": [0.5, -0.5]}
							}
						},
						{
							"origin": [0.59429, -14.20689, 9.60602],
							"size": [0.34705, 2.23437, 0.125],
							"pivot": [0.59265, 0.02748, 8.23386],
							"rotation": [-90, 0, 60],
							"uv": {
								"north": {"uv": [9, 20], "uv_size": [0.5, 2]},
								"east": {"uv": [20, 9], "uv_size": [0.5, 2]},
								"south": {"uv": [20, 11], "uv_size": [0.5, 2]},
								"west": {"uv": [12, 20], "uv_size": [0.5, 2]},
								"up": {"uv": [27, 13], "uv_size": [0.5, 0.5]},
								"down": {"uv": [14, 27.5], "uv_size": [0.5, -0.5]}
							}
						},
						{
							"origin": [-0.9392, -0.58544, -4.05983],
							"size": [0.4375, 0.125, 0.1154],
							"pivot": [-0.7517, -0.52294, -4.00213],
							"rotation": [-90, 22.5, 60],
							"uv": {
								"north": {"uv": [27, 14], "uv_size": [0.5, 0.5]},
								"east": {"uv": [15, 27], "uv_size": [0.5, 0.5]},
								"south": {"uv": [27, 15], "uv_size": [0.5, 0.5]},
								"west": {"uv": [16, 27], "uv_size": [0.5, 0.5]},
								"up": {"uv": [27, 16], "uv_size": [0.5, 0.5]},
								"down": {"uv": [17, 27.5], "uv_size": [0.5, -0.5]}
							}
						},
						{
							"origin": [0.1924, -13.97252, 10.11561],
							"size": [0.58939, 0.25, 0.36541],
							"pivot": [0.59265, 0.02748, 8.98386],
							"rotation": [-90, 0, 60],
							"uv": {
								"north": {"uv": [27, 17], "uv_size": [0.5, 0.5]},
								"east": {"uv": [18, 27], "uv_size": [0.5, 0.5]},
								"south": {"uv": [27, 18], "uv_size": [0.5, 0.5]},
								"west": {"uv": [19, 27], "uv_size": [0.5, 0.5]},
								"up": {"uv": [27, 19], "uv_size": [0.5, 0.5]},
								"down": {"uv": [20, 27.5], "uv_size": [0.5, -0.5]}
							}
						},
						{
							"origin": [-0.9392, -0.58544, -5.05983],
							"size": [0.4375, 0.125, 0.1154],
							"pivot": [-0.7517, -0.52294, -5.00213],
							"rotation": [-90, 22.5, 60],
							"uv": {
								"north": {"uv": [27, 20], "uv_size": [0.5, 0.5]},
								"east": {"uv": [21, 27], "uv_size": [0.5, 0.5]},
								"south": {"uv": [27, 21], "uv_size": [0.5, 0.5]},
								"west": {"uv": [22, 27], "uv_size": [0.5, 0.5]},
								"up": {"uv": [27, 22], "uv_size": [0.5, 0.5]},
								"down": {"uv": [23, 27.5], "uv_size": [0.5, -0.5]}
							}
						},
						{
							"origin": [-0.8142, -0.71044, -4.83785],
							"size": [0.125, 0.4375, 0.1154],
							"pivot": [-0.7517, -0.52294, -4.78015],
							"rotation": [-90, 67.5, 60],
							"uv": {
								"north": {"uv": [27, 23], "uv_size": [0.5, 0.5]},
								"east": {"uv": [24, 27], "uv_size": [0.5, 0.5]},
								"south": {"uv": [27, 24], "uv_size": [0.5, 0.5]},
								"west": {"uv": [25, 27], "uv_size": [0.5, 0.5]},
								"up": {"uv": [27, 25], "uv_size": [0.5, 0.5]},
								"down": {"uv": [26, 27.5], "uv_size": [0.5, -0.5]}
							}
						},
						{
							"origin": [0.1924, -13.95689, 9.11561],
							"size": [0.58939, 0.23437, 0.36541],
							"pivot": [0.59265, 0.02748, 7.98386],
							"rotation": [-90, 0, 60],
							"uv": {
								"north": {"uv": [27, 26], "uv_size": [0.5, 0.5]},
								"east": {"uv": [27, 27], "uv_size": [0.5, 0.5]},
								"south": {"uv": [0, 28], "uv_size": [0.5, 0.5]},
								"west": {"uv": [28, 0], "uv_size": [0.5, 0.5]},
								"up": {"uv": [1, 28], "uv_size": [0.5, 0.5]},
								"down": {"uv": [28, 1.5], "uv_size": [0.5, -0.5]}
							}
						},
						{
							"origin": [-0.8142, -0.71044, -5.83785],
							"size": [0.125, 0.4375, 0.1154],
							"pivot": [-0.7517, -0.52294, -5.78015],
							"rotation": [-90, 67.5, 60],
							"uv": {
								"north": {"uv": [2, 28], "uv_size": [0.5, 0.5]},
								"east": {"uv": [28, 2], "uv_size": [0.5, 0.5]},
								"south": {"uv": [3, 28], "uv_size": [0.5, 0.5]},
								"west": {"uv": [28, 3], "uv_size": [0.5, 0.5]},
								"up": {"uv": [4, 28], "uv_size": [0.5, 0.5]},
								"down": {"uv": [28, 4.5], "uv_size": [0.5, -0.5]}
							}
						}
					]
				},
				{
					"name": "bone",
					"parent": "bone6",
					"pivot": [0.90405, -0.37447, -4.01614],
					"rotation": [0, 0, 15],
					"cubes": [
						{
							"origin": [-0.78179, -13.97252, 11.11561],
							"size": [0.58939, 0.25, 0.36541],
							"pivot": [-0.59265, 0.02748, 9.98386],
							"rotation": [-90, 0, -60],
							"uv": {
								"north": {"uv": [25, 18], "uv_size": [0.5, 0.5]},
								"east": {"uv": [19, 25], "uv_size": [0.5, 0.5]},
								"south": {"uv": [25, 19], "uv_size": [0.5, 0.5]},
								"west": {"uv": [20, 25], "uv_size": [0.5, 0.5]},
								"up": {"uv": [25, 20], "uv_size": [0.5, 0.5]},
								"down": {"uv": [21, 25.5], "uv_size": [0.5, -0.5]}
							}
						},
						{
							"origin": [-0.94134, -14.20689, 9.60602],
							"size": [0.34705, 2.23437, 0.125],
							"pivot": [-0.59265, 0.02748, 8.23386],
							"rotation": [-90, 0, -60],
							"uv": {
								"north": {"uv": [20, 1], "uv_size": [0.5, 2]},
								"east": {"uv": [2, 20], "uv_size": [0.5, 2]},
								"south": {"uv": [20, 3], "uv_size": [0.5, 2]},
								"west": {"uv": [4, 20], "uv_size": [0.5, 2]},
								"up": {"uv": [25, 21], "uv_size": [0.5, 0.5]},
								"down": {"uv": [22, 25.5], "uv_size": [0.5, -0.5]}
							}
						},
						{
							"origin": [0.5017, -0.58544, -4.05983],
							"size": [0.4375, 0.125, 0.1154],
							"pivot": [0.7517, -0.52294, -4.00213],
							"rotation": [-90, -22.5, -60],
							"uv": {
								"north": {"uv": [25, 22], "uv_size": [0.5, 0.5]},
								"east": {"uv": [23, 25], "uv_size": [0.5, 0.5]},
								"south": {"uv": [25, 23], "uv_size": [0.5, 0.5]},
								"west": {"uv": [24, 25], "uv_size": [0.5, 0.5]},
								"up": {"uv": [25, 24], "uv_size": [0.5, 0.5]},
								"down": {"uv": [25, 25.5], "uv_size": [0.5, -0.5]}
							}
						},
						{
							"origin": [-0.78179, -13.97252, 10.11561],
							"size": [0.58939, 0.25, 0.36541],
							"pivot": [-0.59265, 0.02748, 8.98386],
							"rotation": [-90, 0, -60],
							"uv": {
								"north": {"uv": [0, 26], "uv_size": [0.5, 0.5]},
								"east": {"uv": [26, 0], "uv_size": [0.5, 0.5]},
								"south": {"uv": [1, 26], "uv_size": [0.5, 0.5]},
								"west": {"uv": [26, 1], "uv_size": [0.5, 0.5]},
								"up": {"uv": [2, 26], "uv_size": [0.5, 0.5]},
								"down": {"uv": [26, 2.5], "uv_size": [0.5, -0.5]}
							}
						},
						{
							"origin": [0.5017, -0.58544, -5.05983],
							"size": [0.4375, 0.125, 0.1154],
							"pivot": [0.7517, -0.52294, -5.00213],
							"rotation": [-90, -22.5, -60],
							"uv": {
								"north": {"uv": [3, 26], "uv_size": [0.5, 0.5]},
								"east": {"uv": [26, 3], "uv_size": [0.5, 0.5]},
								"south": {"uv": [4, 26], "uv_size": [0.5, 0.5]},
								"west": {"uv": [26, 4], "uv_size": [0.5, 0.5]},
								"up": {"uv": [5, 26], "uv_size": [0.5, 0.5]},
								"down": {"uv": [26, 5.5], "uv_size": [0.5, -0.5]}
							}
						},
						{
							"origin": [0.6892, -0.71044, -4.83785],
							"size": [0.125, 0.4375, 0.1154],
							"pivot": [0.7517, -0.52294, -4.78015],
							"rotation": [-90, -67.5, -60],
							"uv": {
								"north": {"uv": [6, 26], "uv_size": [0.5, 0.5]},
								"east": {"uv": [26, 6], "uv_size": [0.5, 0.5]},
								"south": {"uv": [7, 26], "uv_size": [0.5, 0.5]},
								"west": {"uv": [26, 7], "uv_size": [0.5, 0.5]},
								"up": {"uv": [8, 26], "uv_size": [0.5, 0.5]},
								"down": {"uv": [26, 8.5], "uv_size": [0.5, -0.5]}
							}
						},
						{
							"origin": [-0.78179, -13.95689, 9.11561],
							"size": [0.58939, 0.23437, 0.36541],
							"pivot": [-0.59265, 0.02748, 7.98386],
							"rotation": [-90, 0, -60],
							"uv": {
								"north": {"uv": [9, 26], "uv_size": [0.5, 0.5]},
								"east": {"uv": [26, 9], "uv_size": [0.5, 0.5]},
								"south": {"uv": [10, 26], "uv_size": [0.5, 0.5]},
								"west": {"uv": [26, 10], "uv_size": [0.5, 0.5]},
								"up": {"uv": [11, 26], "uv_size": [0.5, 0.5]},
								"down": {"uv": [26, 11.5], "uv_size": [0.5, -0.5]}
							}
						},
						{
							"origin": [0.6892, -0.71044, -5.83785],
							"size": [0.125, 0.4375, 0.1154],
							"pivot": [0.7517, -0.52294, -5.78015],
							"rotation": [-90, -67.5, -60],
							"uv": {
								"north": {"uv": [12, 26], "uv_size": [0.5, 0.5]},
								"east": {"uv": [26, 12], "uv_size": [0.5, 0.5]},
								"south": {"uv": [13, 26], "uv_size": [0.5, 0.5]},
								"west": {"uv": [26, 13], "uv_size": [0.5, 0.5]},
								"up": {"uv": [14, 26], "uv_size": [0.5, 0.5]},
								"down": {"uv": [26, 14.5], "uv_size": [0.5, -0.5]}
							}
						}
					]
				},
				{
					"name": "bone5",
					"parent": "bone6",
					"pivot": [0, 0, 1.375],
					"cubes": [
						{
							"origin": [-0.1482, -0.36, -4.38062],
							"size": [0.29639, 0.115, 0.45313],
							"pivot": [0, 0, -5.79687],
							"rotation": [0, 0, 45],
							"uv": {
								"north": {"uv": [5, 28], "uv_size": [0.5, 0.5]},
								"east": {"uv": [28, 5], "uv_size": [0.5, 0.5]},
								"south": {"uv": [6, 28], "uv_size": [0.5, 0.5]},
								"west": {"uv": [28, 6], "uv_size": [0.5, 0.5]},
								"up": {"uv": [7, 28], "uv_size": [0.5, 0.5]},
								"down": {"uv": [28, 7.5], "uv_size": [0.5, -0.5]}
							}
						},
						{
							"origin": [-0.1482, 0.245, -4.38062],
							"size": [0.29639, 0.115, 0.45313],
							"pivot": [0, 0, -5.79687],
							"rotation": [0, 0, 45],
							"uv": {
								"north": {"uv": [8, 28], "uv_size": [0.5, 0.5]},
								"east": {"uv": [28, 8], "uv_size": [0.5, 0.5]},
								"south": {"uv": [9, 28], "uv_size": [0.5, 0.5]},
								"west": {"uv": [28, 9], "uv_size": [0.5, 0.5]},
								"up": {"uv": [10, 28], "uv_size": [0.5, 0.5]},
								"down": {"uv": [28, 10.5], "uv_size": [0.5, -0.5]}
							}
						},
						{
							"origin": [-0.14977, 0.245, -5.88062],
							"size": [0.29954, 0.11435, 1.95313],
							"uv": {
								"north": {"uv": [11, 28], "uv_size": [0.5, 0.5]},
								"east": {"uv": [20, 5], "uv_size": [2, 0.5]},
								"south": {"uv": [28, 11], "uv_size": [0.5, 0.5]},
								"west": {"uv": [20, 13], "uv_size": [2, 0.5]},
								"up": {"uv": [15, 20], "uv_size": [0.5, 2]},
								"down": {"uv": [17, 22], "uv_size": [0.5, -2]}
							}
						},
						{
							"origin": [-0.36, -0.1482, -4.38062],
							"size": [0.115, 0.29639, 0.45313],
							"pivot": [0, 0, -5.79687],
							"rotation": [0, 0, 45],
							"uv": {
								"north": {"uv": [12, 28], "uv_size": [0.5, 0.5]},
								"east": {"uv": [28, 12], "uv_size": [0.5, 0.5]},
								"south": {"uv": [13, 28], "uv_size": [0.5, 0.5]},
								"west": {"uv": [28, 13], "uv_size": [0.5, 0.5]},
								"up": {"uv": [14, 28], "uv_size": [0.5, 0.5]},
								"down": {"uv": [28, 14.5], "uv_size": [0.5, -0.5]}
							}
						},
						{
							"origin": [-0.35935, -0.14977, -4.38062],
							"size": [0.11023, 0.29953, 0.45313],
							"uv": {
								"north": {"uv": [15, 28], "uv_size": [0.5, 0.5]},
								"east": {"uv": [28, 15], "uv_size": [0.5, 0.5]},
								"south": {"uv": [16, 28], "uv_size": [0.5, 0.5]},
								"west": {"uv": [28, 16], "uv_size": [0.5, 0.5]},
								"up": {"uv": [17, 28], "uv_size": [0.5, 0.5]},
								"down": {"uv": [28, 17.5], "uv_size": [0.5, -0.5]}
							}
						},
						{
							"origin": [-0.14977, -0.35935, -5.88062],
							"size": [0.29954, 0.11023, 1.95313],
							"uv": {
								"north": {"uv": [18, 28], "uv_size": [0.5, 0.5]},
								"east": {"uv": [20, 14], "uv_size": [2, 0.5]},
								"south": {"uv": [28, 18], "uv_size": [0.5, 0.5]},
								"west": {"uv": [18, 20], "uv_size": [2, 0.5]},
								"up": {"uv": [20, 18], "uv_size": [0.5, 2]},
								"down": {"uv": [20, 22], "uv_size": [0.5, -2]}
							}
						},
						{
							"origin": [0.245, -0.1482, -4.38062],
							"size": [0.115, 0.29639, 0.45313],
							"pivot": [0, 0, -5.79687],
							"rotation": [0, 0, 45],
							"uv": {
								"north": {"uv": [19, 28], "uv_size": [0.5, 0.5]},
								"east": {"uv": [28, 19], "uv_size": [0.5, 0.5]},
								"south": {"uv": [20, 28], "uv_size": [0.5, 0.5]},
								"west": {"uv": [28, 20], "uv_size": [0.5, 0.5]},
								"up": {"uv": [21, 28], "uv_size": [0.5, 0.5]},
								"down": {"uv": [28, 21.5], "uv_size": [0.5, -0.5]}
							}
						},
						{
							"origin": [0.245, -0.14977, -4.38062],
							"size": [0.11434, 0.29954, 0.45313],
							"uv": {
								"north": {"uv": [22, 28], "uv_size": [0.5, 0.5]},
								"east": {"uv": [28, 22], "uv_size": [0.5, 0.5]},
								"south": {"uv": [23, 28], "uv_size": [0.5, 0.5]},
								"west": {"uv": [28, 23], "uv_size": [0.5, 0.5]},
								"up": {"uv": [24, 28], "uv_size": [0.5, 0.5]},
								"down": {"uv": [28, 24.5], "uv_size": [0.5, -0.5]}
							}
						},
						{
							"origin": [-0.1482, 0.245, -5.88062],
							"size": [0.29639, 0.115, 0.45313],
							"pivot": [0, 0, -7.29687],
							"rotation": [0, 0, 45],
							"uv": {
								"north": {"uv": [25, 28], "uv_size": [0.5, 0.5]},
								"east": {"uv": [28, 25], "uv_size": [0.5, 0.5]},
								"south": {"uv": [26, 28], "uv_size": [0.5, 0.5]},
								"west": {"uv": [28, 26], "uv_size": [0.5, 0.5]},
								"up": {"uv": [27, 28], "uv_size": [0.5, 0.5]},
								"down": {"uv": [28, 27.5], "uv_size": [0.5, -0.5]}
							}
						},
						{
							"origin": [0.245, -0.14977, -5.88062],
							"size": [0.11434, 0.29954, 0.45313],
							"uv": {
								"north": {"uv": [28, 28], "uv_size": [0.5, 0.5]},
								"east": {"uv": [0, 29], "uv_size": [0.5, 0.5]},
								"south": {"uv": [29, 0], "uv_size": [0.5, 0.5]},
								"west": {"uv": [1, 29], "uv_size": [0.5, 0.5]},
								"up": {"uv": [29, 1], "uv_size": [0.5, 0.5]},
								"down": {"uv": [2, 29.5], "uv_size": [0.5, -0.5]}
							}
						},
						{
							"origin": [0.245, -0.1482, -5.88062],
							"size": [0.115, 0.29639, 0.45313],
							"pivot": [0, 0, -7.29687],
							"rotation": [0, 0, 45],
							"uv": {
								"north": {"uv": [29, 2], "uv_size": [0.5, 0.5]},
								"east": {"uv": [3, 29], "uv_size": [0.5, 0.5]},
								"south": {"uv": [29, 3], "uv_size": [0.5, 0.5]},
								"west": {"uv": [4, 29], "uv_size": [0.5, 0.5]},
								"up": {"uv": [29, 4], "uv_size": [0.5, 0.5]},
								"down": {"uv": [5, 29.5], "uv_size": [0.5, -0.5]}
							}
						},
						{
							"origin": [-0.36, -0.1482, -5.88062],
							"size": [0.115, 0.29639, 0.45313],
							"pivot": [0, 0, -7.29687],
							"rotation": [0, 0, 45],
							"uv": {
								"north": {"uv": [29, 5], "uv_size": [0.5, 0.5]},
								"east": {"uv": [6, 29], "uv_size": [0.5, 0.5]},
								"south": {"uv": [29, 6], "uv_size": [0.5, 0.5]},
								"west": {"uv": [7, 29], "uv_size": [0.5, 0.5]},
								"up": {"uv": [29, 7], "uv_size": [0.5, 0.5]},
								"down": {"uv": [8, 29.5], "uv_size": [0.5, -0.5]}
							}
						},
						{
							"origin": [-0.1482, -0.36, -5.88062],
							"size": [0.29639, 0.115, 0.45313],
							"pivot": [0, 0, -7.29687],
							"rotation": [0, 0, 45],
							"uv": {
								"north": {"uv": [29, 8], "uv_size": [0.5, 0.5]},
								"east": {"uv": [9, 29], "uv_size": [0.5, 0.5]},
								"south": {"uv": [29, 9], "uv_size": [0.5, 0.5]},
								"west": {"uv": [10, 29], "uv_size": [0.5, 0.5]},
								"up": {"uv": [29, 10], "uv_size": [0.5, 0.5]},
								"down": {"uv": [11, 29.5], "uv_size": [0.5, -0.5]}
							}
						},
						{
							"origin": [-0.35935, -0.14977, -5.88062],
							"size": [0.11023, 0.29953, 0.45313],
							"uv": {
								"north": {"uv": [29, 11], "uv_size": [0.5, 0.5]},
								"east": {"uv": [12, 29], "uv_size": [0.5, 0.5]},
								"south": {"uv": [29, 12], "uv_size": [0.5, 0.5]},
								"west": {"uv": [13, 29], "uv_size": [0.5, 0.5]},
								"up": {"uv": [29, 13], "uv_size": [0.5, 0.5]},
								"down": {"uv": [14, 29.5], "uv_size": [0.5, -0.5]}
							}
						},
						{
							"origin": [-0.1482, 0.245, -4.77125],
							"size": [0.29639, 0.115, 0.20313],
							"pivot": [0, 0, -6.31249],
							"rotation": [0, 0, 45],
							"uv": {
								"north": {"uv": [29, 14], "uv_size": [0.5, 0.5]},
								"east": {"uv": [15, 29], "uv_size": [0.5, 0.5]},
								"south": {"uv": [29, 15], "uv_size": [0.5, 0.5]},
								"west": {"uv": [16, 29], "uv_size": [0.5, 0.5]},
								"up": {"uv": [29, 16], "uv_size": [0.5, 0.5]},
								"down": {"uv": [17, 29.5], "uv_size": [0.5, -0.5]}
							}
						},
						{
							"origin": [0.245, -0.14977, -4.77125],
							"size": [0.11434, 0.29954, 0.20313],
							"uv": {
								"north": {"uv": [29, 17], "uv_size": [0.5, 0.5]},
								"east": {"uv": [18, 29], "uv_size": [0.5, 0.5]},
								"south": {"uv": [29, 18], "uv_size": [0.5, 0.5]},
								"west": {"uv": [19, 29], "uv_size": [0.5, 0.5]},
								"up": {"uv": [29, 19], "uv_size": [0.5, 0.5]},
								"down": {"uv": [20, 29.5], "uv_size": [0.5, -0.5]}
							}
						},
						{
							"origin": [0.245, -0.1482, -4.77125],
							"size": [0.115, 0.29639, 0.20313],
							"pivot": [0, 0, -6.31249],
							"rotation": [0, 0, 45],
							"uv": {
								"north": {"uv": [29, 20], "uv_size": [0.5, 0.5]},
								"east": {"uv": [21, 29], "uv_size": [0.5, 0.5]},
								"south": {"uv": [29, 21], "uv_size": [0.5, 0.5]},
								"west": {"uv": [22, 29], "uv_size": [0.5, 0.5]},
								"up": {"uv": [29, 22], "uv_size": [0.5, 0.5]},
								"down": {"uv": [23, 29.5], "uv_size": [0.5, -0.5]}
							}
						},
						{
							"origin": [-0.36, -0.1482, -4.77125],
							"size": [0.115, 0.29639, 0.20313],
							"pivot": [0, 0, -6.31249],
							"rotation": [0, 0, 45],
							"uv": {
								"north": {"uv": [29, 23], "uv_size": [0.5, 0.5]},
								"east": {"uv": [24, 29], "uv_size": [0.5, 0.5]},
								"south": {"uv": [29, 24], "uv_size": [0.5, 0.5]},
								"west": {"uv": [25, 29], "uv_size": [0.5, 0.5]},
								"up": {"uv": [29, 25], "uv_size": [0.5, 0.5]},
								"down": {"uv": [26, 29.5], "uv_size": [0.5, -0.5]}
							}
						},
						{
							"origin": [-0.1482, -0.36, -4.77125],
							"size": [0.29639, 0.115, 0.20313],
							"pivot": [0, 0, -6.31249],
							"rotation": [0, 0, 45],
							"uv": {
								"north": {"uv": [29, 26], "uv_size": [0.5, 0.5]},
								"east": {"uv": [27, 29], "uv_size": [0.5, 0.5]},
								"south": {"uv": [29, 27], "uv_size": [0.5, 0.5]},
								"west": {"uv": [28, 29], "uv_size": [0.5, 0.5]},
								"up": {"uv": [29, 28], "uv_size": [0.5, 0.5]},
								"down": {"uv": [29, 29.5], "uv_size": [0.5, -0.5]}
							}
						},
						{
							"origin": [-0.35935, -0.14977, -4.77125],
							"size": [0.11023, 0.29953, 0.20313],
							"uv": {
								"north": {"uv": [0, 30], "uv_size": [0.5, 0.5]},
								"east": {"uv": [30, 0], "uv_size": [0.5, 0.5]},
								"south": {"uv": [1, 30], "uv_size": [0.5, 0.5]},
								"west": {"uv": [30, 1], "uv_size": [0.5, 0.5]},
								"up": {"uv": [2, 30], "uv_size": [0.5, 0.5]},
								"down": {"uv": [30, 2.5], "uv_size": [0.5, -0.5]}
							}
						},
						{
							"origin": [-0.1482, -0.36, -5.24],
							"size": [0.29639, 0.115, 0.20313],
							"pivot": [0, 0, -6.78124],
							"rotation": [0, 0, 45],
							"uv": {
								"north": {"uv": [29, 26], "uv_size": [0.5, 0.5]},
								"east": {"uv": [27, 29], "uv_size": [0.5, 0.5]},
								"south": {"uv": [29, 27], "uv_size": [0.5, 0.5]},
								"west": {"uv": [28, 29], "uv_size": [0.5, 0.5]},
								"up": {"uv": [29, 28], "uv_size": [0.5, 0.5]},
								"down": {"uv": [29, 29.5], "uv_size": [0.5, -0.5]}
							}
						},
						{
							"origin": [-0.35935, -0.14977, -5.24],
							"size": [0.11023, 0.29953, 0.20313],
							"uv": {
								"north": {"uv": [0, 30], "uv_size": [0.5, 0.5]},
								"east": {"uv": [30, 0], "uv_size": [0.5, 0.5]},
								"south": {"uv": [1, 30], "uv_size": [0.5, 0.5]},
								"west": {"uv": [30, 1], "uv_size": [0.5, 0.5]},
								"up": {"uv": [2, 30], "uv_size": [0.5, 0.5]},
								"down": {"uv": [30, 2.5], "uv_size": [0.5, -0.5]}
							}
						},
						{
							"origin": [-0.36, -0.1482, -5.24],
							"size": [0.115, 0.29639, 0.20313],
							"pivot": [0, 0, -6.78124],
							"rotation": [0, 0, 45],
							"uv": {
								"north": {"uv": [29, 23], "uv_size": [0.5, 0.5]},
								"east": {"uv": [24, 29], "uv_size": [0.5, 0.5]},
								"south": {"uv": [29, 24], "uv_size": [0.5, 0.5]},
								"west": {"uv": [25, 29], "uv_size": [0.5, 0.5]},
								"up": {"uv": [29, 25], "uv_size": [0.5, 0.5]},
								"down": {"uv": [26, 29.5], "uv_size": [0.5, -0.5]}
							}
						},
						{
							"origin": [0.245, -0.1482, -5.24],
							"size": [0.115, 0.29639, 0.20313],
							"pivot": [0, 0, -6.78124],
							"rotation": [0, 0, 45],
							"uv": {
								"north": {"uv": [29, 20], "uv_size": [0.5, 0.5]},
								"east": {"uv": [21, 29], "uv_size": [0.5, 0.5]},
								"south": {"uv": [29, 21], "uv_size": [0.5, 0.5]},
								"west": {"uv": [22, 29], "uv_size": [0.5, 0.5]},
								"up": {"uv": [29, 22], "uv_size": [0.5, 0.5]},
								"down": {"uv": [23, 29.5], "uv_size": [0.5, -0.5]}
							}
						},
						{
							"origin": [0.245, -0.14977, -5.24],
							"size": [0.11434, 0.29954, 0.20313],
							"uv": {
								"north": {"uv": [29, 17], "uv_size": [0.5, 0.5]},
								"east": {"uv": [18, 29], "uv_size": [0.5, 0.5]},
								"south": {"uv": [29, 18], "uv_size": [0.5, 0.5]},
								"west": {"uv": [19, 29], "uv_size": [0.5, 0.5]},
								"up": {"uv": [29, 19], "uv_size": [0.5, 0.5]},
								"down": {"uv": [20, 29.5], "uv_size": [0.5, -0.5]}
							}
						},
						{
							"origin": [-0.1482, 0.245, -5.24],
							"size": [0.29639, 0.115, 0.20313],
							"pivot": [0, 0, -6.78124],
							"rotation": [0, 0, 45],
							"uv": {
								"north": {"uv": [29, 14], "uv_size": [0.5, 0.5]},
								"east": {"uv": [15, 29], "uv_size": [0.5, 0.5]},
								"south": {"uv": [29, 15], "uv_size": [0.5, 0.5]},
								"west": {"uv": [16, 29], "uv_size": [0.5, 0.5]},
								"up": {"uv": [29, 16], "uv_size": [0.5, 0.5]},
								"down": {"uv": [17, 29.5], "uv_size": [0.5, -0.5]}
							}
						}
					]
				}
			]
		}
	]
}