{
	"format_version": "1.12.0",
	"minecraft:geometry": [
		{
			"description": {
				"identifier": "geometry.OFA_JSEC_MODEL",
				"texture_width": 64,
				"texture_height": 64,
				"visible_bounds_width": 6,
				"visible_bounds_height": 3,
				"visible_bounds_offset": [0, 0.5, 0]
			},
			"bones": [
				{
					"name": "root",
					"pivot": [0, 10, 3.5]
				},
				{
					"name": "mag_and_lefthand",
					"parent": "root",
					"pivot": [0, 5.8, 0]
				},
				{
					"name": "lefthand",
					"parent": "mag_and_lefthand",
					"pivot": [-6, 19, 8]
				},
				{
					"name": "lefthand_pos",
					"parent": "lefthand",
					"pivot": [0, 8, 8],
					"cubes": [
						{
							"origin": [-7, 8, 6],
							"size": [3, 12, 4],
							"uv": {
								"north": {"uv": [12, 0], "uv_size": [4, 12]},
								"east": {"uv": [4, 12], "uv_size": [4, 12]},
								"south": {"uv": [8, 12], "uv_size": [4, 12]},
								"west": {"uv": [12, 12], "uv_size": [4, 12]},
								"up": {"uv": [16, 8], "uv_size": [4, 4]},
								"down": {"uv": [16, 16], "uv_size": [4, -4]}
							}
						}
					]
				},
				{
					"name": "magazine",
					"parent": "mag_and_lefthand",
					"pivot": [-11, 0, -9]
				},
				{
					"name": "mag_standard",
					"parent": "magazine",
					"pivot": [0, 8.10864, -6.20019],
					"cubes": [
						{
							"origin": [-1.5, 10.21136, -9.07519],
							"size": [0.4375, 0.25, 3.125],
							"pivot": [-0.5625, 11.32739, -7.51269],
							"rotation": [0, 0, -30],
							"uv": {
								"north": {"uv": [49, 16], "uv_size": [0.5, 0.5]},
								"east": {"uv": [4, 42], "uv_size": [3, 0.5]},
								"south": {"uv": [17, 49], "uv_size": [0.5, 0.5]},
								"west": {"uv": [7, 42], "uv_size": [3, 0.5]},
								"up": {"uv": [35, 41], "uv_size": [0.5, 3]},
								"down": {"uv": [36, 44], "uv_size": [0.5, -3]}
							}
						},
						{
							"origin": [-0.5, 8.83636, -9.07519],
							"size": [0.4375, 0.25, 3.125],
							"pivot": [-0.5625, 9.70239, -7.51269],
							"rotation": [0, 0, 30],
							"uv": {
								"north": {"uv": [49, 17], "uv_size": [0.5, 0.5]},
								"east": {"uv": [10, 42], "uv_size": [3, 0.5]},
								"south": {"uv": [18, 49], "uv_size": [0.5, 0.5]},
								"west": {"uv": [42, 10], "uv_size": [3, 0.5]},
								"up": {"uv": [13, 42], "uv_size": [0.5, 3]},
								"down": {"uv": [14, 45], "uv_size": [0.5, -3]}
							}
						},
						{
							"origin": [-0.5625, 8.70239, -9.07519],
							"size": [3.8125, 1.625, 3.125],
							"uv": {
								"north": {"uv": [14, 33], "uv_size": [4, 1.5]},
								"east": {"uv": [4, 34], "uv_size": [3, 1.5]},
								"south": {"uv": [33, 14], "uv_size": [4, 1.5]},
								"west": {"uv": [4, 36], "uv_size": [3, 1.5]},
								"up": {"uv": [8, 25], "uv_size": [4, 3]},
								"down": {"uv": [12, 28], "uv_size": [4, -3]}
							}
						},
						{
							"origin": [0.6875, 8.63989, -9.26269],
							"size": [1.0625, 1.75, 3.5],
							"uv": {
								"north": {"uv": [1, 36], "uv_size": [1, 2]},
								"east": {"uv": [32, 31], "uv_size": [3.5, 2]},
								"south": {"uv": [16, 40], "uv_size": [1, 2]},
								"west": {"uv": [33, 0], "uv_size": [3.5, 2]},
								"up": {"uv": [34, 37], "uv_size": [1, 3.5]},
								"down": {"uv": [3, 41.5], "uv_size": [1, -3.5]}
							}
						},
						{
							"origin": [3.25, 8.70239, -9.07519],
							"size": [3.8125, 1.625, 3.125],
							"pivot": [3.25, 10.51489, -5.95019],
							"rotation": [0, 10, 0],
							"uv": {
								"north": {"uv": [33, 16], "uv_size": [4, 1.5]},
								"east": {"uv": [35, 36], "uv_size": [3, 1.5]},
								"south": {"uv": [33, 18], "uv_size": [4, 1.5]},
								"west": {"uv": [37, 0], "uv_size": [3, 1.5]},
								"up": {"uv": [16, 25], "uv_size": [4, 3]},
								"down": {"uv": [20, 28], "uv_size": [4, -3]}
							}
						},
						{
							"origin": [7.00458, 8.70239, -9.73723],
							"size": [3.8125, 1.625, 3.125],
							"pivot": [7.00458, 10.51489, -6.61223],
							"rotation": [0, 22.5, 0],
							"uv": {
								"north": {"uv": [33, 20], "uv_size": [4, 1.5]},
								"east": {"uv": [14, 37], "uv_size": [3, 1.5]},
								"south": {"uv": [24, 33], "uv_size": [4, 1.5]},
								"west": {"uv": [37, 14], "uv_size": [3, 1.5]},
								"up": {"uv": [24, 25], "uv_size": [4, 3]},
								"down": {"uv": [8, 31], "uv_size": [4, -3]}
							}
						},
						{
							"origin": [10.52687, 8.70239, -11.19621],
							"size": [3.8125, 1.625, 3.125],
							"pivot": [10.52687, 10.51489, -8.07121],
							"rotation": [0, 35, 0],
							"uv": {
								"north": {"uv": [28, 33], "uv_size": [4, 1.5]},
								"east": {"uv": [37, 16], "uv_size": [3, 1.5]},
								"south": {"uv": [32, 33], "uv_size": [4, 1.5]},
								"west": {"uv": [17, 37], "uv_size": [3, 1.5]},
								"up": {"uv": [12, 28], "uv_size": [4, 3]},
								"down": {"uv": [16, 31], "uv_size": [4, -3]}
							}
						}
					]
				},
				{
					"name": "mag_extended_1",
					"parent": "magazine",
					"pivot": [0, 6.42941, -7.57247],
					"cubes": [
						{
							"origin": [-1.5, 10.21136, -9.07519],
							"size": [0.4375, 0.25, 3.125],
							"pivot": [-0.5625, 11.32739, -7.51269],
							"rotation": [0, 0, -30],
							"uv": {
								"north": {"uv": [51, 51], "uv_size": [0.5, 0.5]},
								"east": {"uv": [43, 51], "uv_size": [3, 0.5]},
								"south": {"uv": [0, 52], "uv_size": [0.5, 0.5]},
								"west": {"uv": [51, 43], "uv_size": [3, 0.5]},
								"up": {"uv": [51, 44], "uv_size": [0.5, 3]},
								"down": {"uv": [46, 54], "uv_size": [0.5, -3]}
							}
						},
						{
							"origin": [-0.5, 8.83636, -9.07519],
							"size": [0.4375, 0.25, 3.125],
							"pivot": [-0.5625, 9.70239, -7.51269],
							"rotation": [0, 0, 30],
							"uv": {
								"north": {"uv": [52, 0], "uv_size": [0.5, 0.5]},
								"east": {"uv": [47, 51], "uv_size": [3, 0.5]},
								"south": {"uv": [1, 52], "uv_size": [0.5, 0.5]},
								"west": {"uv": [51, 47], "uv_size": [3, 0.5]},
								"up": {"uv": [51, 48], "uv_size": [0.5, 3]},
								"down": {"uv": [50, 54], "uv_size": [0.5, -3]}
							}
						},
						{
							"origin": [-0.5625, 8.70239, -9.07519],
							"size": [4.3125, 1.625, 3.125],
							"uv": {
								"north": {"uv": [51, 19], "uv_size": [4.5, 1.5]},
								"east": {"uv": [31, 51], "uv_size": [3, 1.5]},
								"south": {"uv": [21, 51], "uv_size": [4.5, 1.5]},
								"west": {"uv": [51, 31], "uv_size": [3, 1.5]},
								"up": {"uv": [2, 51], "uv_size": [4.5, 3]},
								"down": {"uv": [51, 5], "uv_size": [4.5, -3]}
							}
						},
						{
							"origin": [0.6875, 8.63989, -9.26269],
							"size": [1.0625, 1.75, 3.5],
							"uv": {
								"north": {"uv": [51, 41], "uv_size": [1, 2]},
								"east": {"uv": [17, 51], "uv_size": [3.5, 2]},
								"south": {"uv": [42, 51], "uv_size": [1, 2]},
								"west": {"uv": [51, 17], "uv_size": [3.5, 2]},
								"up": {"uv": [40, 51], "uv_size": [1, 3.5]},
								"down": {"uv": [41, 54.5], "uv_size": [1, -3.5]}
							}
						},
						{
							"origin": [3.75, 8.70239, -9.07519],
							"size": [4.3125, 1.625, 3.125],
							"pivot": [3.75, 10.51489, -5.95019],
							"rotation": [0, 10, 0],
							"uv": {
								"north": {"uv": [51, 21], "uv_size": [4.5, 1.5]},
								"east": {"uv": [51, 33], "uv_size": [3, 1.5]},
								"south": {"uv": [51, 23], "uv_size": [4.5, 1.5]},
								"west": {"uv": [34, 51], "uv_size": [3, 1.5]},
								"up": {"uv": [51, 5], "uv_size": [4.5, 3]},
								"down": {"uv": [7, 54], "uv_size": [4.5, -3]}
							}
						},
						{
							"origin": [7.99698, 8.70239, -9.82405],
							"size": [4.3125, 1.625, 3.125],
							"pivot": [7.99698, 10.51489, -6.69905],
							"rotation": [0, 22.5, 0],
							"uv": {
								"north": {"uv": [51, 25], "uv_size": [4.5, 1.5]},
								"east": {"uv": [51, 35], "uv_size": [3, 1.5]},
								"south": {"uv": [26, 51], "uv_size": [4.5, 1.5]},
								"west": {"uv": [37, 51], "uv_size": [3, 1.5]},
								"up": {"uv": [51, 8], "uv_size": [4.5, 3]},
								"down": {"uv": [51, 14], "uv_size": [4.5, -3]}
							}
						},
						{
							"origin": [11.98121, 8.70239, -11.47437],
							"size": [4.3125, 1.625, 3.125],
							"pivot": [11.98121, 10.51489, -8.34937],
							"rotation": [0, 35, 0],
							"uv": {
								"north": {"uv": [51, 27], "uv_size": [4.5, 1.5]},
								"east": {"uv": [51, 37], "uv_size": [3, 1.5]},
								"south": {"uv": [51, 29], "uv_size": [4.5, 1.5]},
								"west": {"uv": [51, 39], "uv_size": [3, 1.5]},
								"up": {"uv": [12, 51], "uv_size": [4.5, 3]},
								"down": {"uv": [51, 17], "uv_size": [4.5, -3]}
							}
						}
					]
				},
				{
					"name": "mag_extended_2",
					"parent": "magazine",
					"pivot": [0, 6.42941, -7.57247],
					"cubes": [
						{
							"origin": [-1.5, 10.21136, -9.07519],
							"size": [0.4375, 0.25, 3.125],
							"pivot": [-0.5625, 11.32739, -7.51269],
							"rotation": [0, 0, -30],
							"uv": {
								"north": {"uv": [52, 1], "uv_size": [0.5, 0.5]},
								"east": {"uv": [52, 51], "uv_size": [3, 0.5]},
								"south": {"uv": [0, 53], "uv_size": [0.5, 0.5]},
								"west": {"uv": [54, 43], "uv_size": [3, 0.5]},
								"up": {"uv": [56, 2], "uv_size": [0.5, 3]},
								"down": {"uv": [5, 59], "uv_size": [0.5, -3]}
							}
						},
						{
							"origin": [-0.5, 8.83636, -9.07519],
							"size": [0.4375, 0.25, 3.125],
							"pivot": [-0.5625, 9.70239, -7.51269],
							"rotation": [0, 0, 30],
							"uv": {
								"north": {"uv": [1, 53], "uv_size": [0.5, 0.5]},
								"east": {"uv": [54, 47], "uv_size": [3, 0.5]},
								"south": {"uv": [42, 53], "uv_size": [0.5, 0.5]},
								"west": {"uv": [55, 51], "uv_size": [3, 0.5]},
								"up": {"uv": [56, 5], "uv_size": [0.5, 3]},
								"down": {"uv": [6, 59], "uv_size": [0.5, -3]}
							}
						},
						{
							"origin": [-0.5625, 8.70239, -9.07519],
							"size": [4.3125, 1.625, 3.125],
							"uv": {
								"north": {"uv": [5, 54], "uv_size": [4.5, 1.5]},
								"east": {"uv": [43, 52], "uv_size": [3, 1.5]},
								"south": {"uv": [10, 54], "uv_size": [4.5, 1.5]},
								"west": {"uv": [47, 52], "uv_size": [3, 1.5]},
								"up": {"uv": [52, 44], "uv_size": [4.5, 3]},
								"down": {"uv": [52, 51], "uv_size": [4.5, -3]}
							}
						},
						{
							"origin": [0.6875, 8.63989, -9.26269],
							"size": [1.0625, 1.75, 3.5],
							"uv": {
								"north": {"uv": [40, 55], "uv_size": [1, 2]},
								"east": {"uv": [52, 41], "uv_size": [3.5, 2]},
								"south": {"uv": [41, 55], "uv_size": [1, 2]},
								"west": {"uv": [53, 0], "uv_size": [3.5, 2]},
								"up": {"uv": [15, 54], "uv_size": [1, 3.5]},
								"down": {"uv": [16, 57.5], "uv_size": [1, -3.5]}
							}
						},
						{
							"origin": [3.75, 8.70239, -9.07519],
							"size": [4.3125, 1.625, 3.125],
							"pivot": [3.75, 10.51489, -5.95019],
							"rotation": [0, 10, 0],
							"uv": {
								"north": {"uv": [54, 31], "uv_size": [4.5, 1.5]},
								"east": {"uv": [37, 53], "uv_size": [3, 1.5]},
								"south": {"uv": [54, 33], "uv_size": [4.5, 1.5]},
								"west": {"uv": [47, 54], "uv_size": [3, 1.5]},
								"up": {"uv": [51, 52], "uv_size": [4.5, 3]},
								"down": {"uv": [17, 56], "uv_size": [4.5, -3]}
							}
						},
						{
							"origin": [7.99698, 8.70239, -9.82405],
							"size": [4.3125, 1.625, 3.125],
							"pivot": [7.99698, 10.51489, -6.69905],
							"rotation": [0, 22.5, 0],
							"uv": {
								"north": {"uv": [54, 35], "uv_size": [4.5, 1.5]},
								"east": {"uv": [55, 17], "uv_size": [3, 1.5]},
								"south": {"uv": [54, 37], "uv_size": [4.5, 1.5]},
								"west": {"uv": [37, 55], "uv_size": [3, 1.5]},
								"up": {"uv": [22, 53], "uv_size": [4.5, 3]},
								"down": {"uv": [27, 56], "uv_size": [4.5, -3]}
							}
						},
						{
							"origin": [11.98121, 8.70239, -11.47437],
							"size": [4.3125, 1.625, 3.125],
							"pivot": [11.98121, 10.51489, -8.34937],
							"rotation": [0, 35, 0],
							"uv": {
								"north": {"uv": [54, 39], "uv_size": [4.5, 1.5]},
								"east": {"uv": [50, 55], "uv_size": [3, 1.5]},
								"south": {"uv": [42, 54], "uv_size": [4.5, 1.5]},
								"west": {"uv": [53, 55], "uv_size": [3, 1.5]},
								"up": {"uv": [32, 53], "uv_size": [4.5, 3]},
								"down": {"uv": [0, 57], "uv_size": [4.5, -3]}
							}
						}
					]
				},
				{
					"name": "mag_extended_3",
					"parent": "magazine",
					"pivot": [0, 6.42941, -7.57247],
					"cubes": [
						{
							"origin": [-1.5, 10.21136, -9.07519],
							"size": [0.4375, 0.25, 3.125],
							"pivot": [-0.5625, 11.32739, -7.51269],
							"rotation": [0, 0, -30],
							"uv": {
								"north": {"uv": [50, 54], "uv_size": [0.5, 0.5]},
								"east": {"uv": [56, 30], "uv_size": [3, 0.5]},
								"south": {"uv": [36, 56], "uv_size": [0.5, 0.5]},
								"west": {"uv": [58, 17], "uv_size": [3, 0.5]},
								"up": {"uv": [16, 58], "uv_size": [0.5, 3]},
								"down": {"uv": [32, 61], "uv_size": [0.5, -3]}
							}
						},
						{
							"origin": [-0.5, 8.83636, -9.07519],
							"size": [0.4375, 0.25, 3.125],
							"pivot": [-0.5625, 9.70239, -7.51269],
							"rotation": [0, 0, 30],
							"uv": {
								"north": {"uv": [44, 58], "uv_size": [0.5, 0.5]},
								"east": {"uv": [58, 18], "uv_size": [3, 0.5]},
								"south": {"uv": [45, 58], "uv_size": [0.5, 0.5]},
								"west": {"uv": [33, 58], "uv_size": [3, 0.5]},
								"up": {"uv": [42, 58], "uv_size": [0.5, 3]},
								"down": {"uv": [43, 61], "uv_size": [0.5, -3]}
							}
						},
						{
							"origin": [-0.5625, 8.70239, -9.07519],
							"size": [4.3125, 1.625, 3.125],
							"uv": {
								"north": {"uv": [56, 41], "uv_size": [4.5, 1.5]},
								"east": {"uv": [12, 56], "uv_size": [3, 1.5]},
								"south": {"uv": [42, 56], "uv_size": [4.5, 1.5]},
								"west": {"uv": [47, 56], "uv_size": [3, 1.5]},
								"up": {"uv": [7, 56], "uv_size": [4.5, 3]},
								"down": {"uv": [56, 11], "uv_size": [4.5, -3]}
							}
						},
						{
							"origin": [0.6875, 8.63989, -9.26269],
							"size": [1.0625, 1.75, 3.5],
							"uv": {
								"north": {"uv": [14, 58], "uv_size": [1, 2]},
								"east": {"uv": [56, 28], "uv_size": [3.5, 2]},
								"south": {"uv": [15, 58], "uv_size": [1, 2]},
								"west": {"uv": [32, 56], "uv_size": [3.5, 2]},
								"up": {"uv": [12, 58], "uv_size": [1, 3.5]},
								"down": {"uv": [13, 61.5], "uv_size": [1, -3.5]}
							}
						},
						{
							"origin": [3.75, 8.70239, -9.07519],
							"size": [4.3125, 1.625, 3.125],
							"pivot": [3.75, 10.51489, -5.95019],
							"rotation": [0, 10, 0],
							"uv": {
								"north": {"uv": [56, 52], "uv_size": [4.5, 1.5]},
								"east": {"uv": [36, 57], "uv_size": [3, 1.5]},
								"south": {"uv": [56, 54], "uv_size": [4.5, 1.5]},
								"west": {"uv": [39, 57], "uv_size": [3, 1.5]},
								"up": {"uv": [56, 11], "uv_size": [4.5, 3]},
								"down": {"uv": [56, 17], "uv_size": [4.5, -3]}
							}
						},
						{
							"origin": [7.99698, 8.70239, -9.82405],
							"size": [4.3125, 1.625, 3.125],
							"pivot": [7.99698, 10.51489, -6.69905],
							"rotation": [0, 22.5, 0],
							"uv": {
								"north": {"uv": [56, 56], "uv_size": [4.5, 1.5]},
								"east": {"uv": [57, 43], "uv_size": [3, 1.5]},
								"south": {"uv": [0, 57], "uv_size": [4.5, 1.5]},
								"west": {"uv": [57, 45], "uv_size": [3, 1.5]},
								"up": {"uv": [17, 56], "uv_size": [4.5, 3]},
								"down": {"uv": [56, 22], "uv_size": [4.5, -3]}
							}
						},
						{
							"origin": [11.98121, 8.70239, -11.47437],
							"size": [4.3125, 1.625, 3.125],
							"pivot": [11.98121, 10.51489, -8.34937],
							"rotation": [0, 35, 0],
							"uv": {
								"north": {"uv": [57, 0], "uv_size": [4.5, 1.5]},
								"east": {"uv": [57, 47], "uv_size": [3, 1.5]},
								"south": {"uv": [57, 2], "uv_size": [4.5, 1.5]},
								"west": {"uv": [57, 49], "uv_size": [3, 1.5]},
								"up": {"uv": [22, 56], "uv_size": [4.5, 3]},
								"down": {"uv": [56, 25], "uv_size": [4.5, -3]}
							}
						},
						{
							"origin": [13.31441, 8.70239, -15.04793],
							"size": [4.3125, 1.625, 3.125],
							"pivot": [15.47066, 10.51489, -13.48543],
							"rotation": [0, 55, 0],
							"uv": {
								"north": {"uv": [57, 4], "uv_size": [4.5, 1.5]},
								"east": {"uv": [50, 57], "uv_size": [3, 1.5]},
								"south": {"uv": [57, 6], "uv_size": [4.5, 1.5]},
								"west": {"uv": [53, 57], "uv_size": [3, 1.5]},
								"up": {"uv": [56, 25], "uv_size": [4.5, 3]},
								"down": {"uv": [27, 59], "uv_size": [4.5, -3]}
							}
						}
					]
				},
				{
					"name": "bullet_in_mag",
					"parent": "magazine",
					"pivot": [0.42399, 10.51016, -7.64016],
					"rotation": [90, 0, 180],
					"cubes": [
						{
							"origin": [0.9943, 9.37736, -7.06986],
							"size": [0.85939, 1.60154, 0.85939],
							"uv": {
								"north": {"uv": [15, 42], "uv_size": [1, 1.5]},
								"east": {"uv": [16, 42], "uv_size": [1, 1.5]},
								"south": {"uv": [17, 42], "uv_size": [1, 1.5]},
								"west": {"uv": [42, 17], "uv_size": [1, 1.5]},
								"up": {"uv": [17, 35], "uv_size": [1, 1]},
								"down": {"uv": [6, 39], "uv_size": [1, -1]}
							}
						},
						{
							"origin": [0.9943, 9.1039, -7.06986],
							"size": [0.85939, 0.1172, 0.85939],
							"uv": {
								"north": {"uv": [48, 9], "uv_size": [1, 0.5]},
								"east": {"uv": [10, 48], "uv_size": [1, 0.5]},
								"south": {"uv": [11, 48], "uv_size": [1, 0.5]},
								"west": {"uv": [12, 48], "uv_size": [1, 0.5]},
								"up": {"uv": [33, 40], "uv_size": [1, 1]},
								"down": {"uv": [2, 42], "uv_size": [1, -1]}
							}
						},
						{
							"origin": [1.1115, 9.2211, -6.95267],
							"size": [0.625, 0.15626, 0.625],
							"uv": {
								"north": {"uv": [49, 18], "uv_size": [0.5, 0.5]},
								"east": {"uv": [19, 49], "uv_size": [0.5, 0.5]},
								"south": {"uv": [49, 19], "uv_size": [0.5, 0.5]},
								"west": {"uv": [20, 49], "uv_size": [0.5, 0.5]}
							}
						},
						{
							"origin": [1.09976, 11.36952, -6.96435],
							"size": [0.64842, 0.3125, 0.64842],
							"uv": {
								"north": {"uv": [49, 20], "uv_size": [0.5, 0.5]},
								"east": {"uv": [21, 49], "uv_size": [0.5, 0.5]},
								"south": {"uv": [49, 21], "uv_size": [0.5, 0.5]},
								"west": {"uv": [22, 49], "uv_size": [0.5, 0.5]},
								"up": {"uv": [49, 22], "uv_size": [0.5, 0.5]}
							}
						},
						{
							"origin": [1.05291, 10.93986, -7.01125],
							"size": [0.74218, 0.42966, 0.74217],
							"uv": {
								"north": {"uv": [23, 49], "uv_size": [0.5, 0.5]},
								"east": {"uv": [49, 23], "uv_size": [0.5, 0.5]},
								"south": {"uv": [24, 49], "uv_size": [0.5, 0.5]},
								"west": {"uv": [49, 24], "uv_size": [0.5, 0.5]},
								"up": {"uv": [25, 49], "uv_size": [0.5, 0.5]}
							}
						},
						{
							"origin": [1.20915, 11.6039, -6.855],
							"size": [0.42968, 0.27346, 0.42968],
							"uv": {
								"north": {"uv": [49, 25], "uv_size": [0.5, 0.5]},
								"east": {"uv": [26, 49], "uv_size": [0.5, 0.5]},
								"south": {"uv": [49, 26], "uv_size": [0.5, 0.5]},
								"west": {"uv": [27, 49], "uv_size": [0.5, 0.5]},
								"up": {"uv": [49, 27], "uv_size": [0.5, 0.5]}
							}
						}
					]
				},
				{
					"name": "gun_and_righthand",
					"parent": "root",
					"pivot": [0, 0, 0]
				},
				{
					"name": "righthand",
					"parent": "gun_and_righthand",
					"pivot": [6, 19, 8]
				},
				{
					"name": "righthand_pos",
					"parent": "righthand",
					"pivot": [0, 8, 8],
					"cubes": [
						{
							"origin": [4, 8, 6],
							"size": [3, 12, 4],
							"uv": {
								"north": {"uv": [0, 0], "uv_size": [4, 12]},
								"east": {"uv": [4, 0], "uv_size": [4, 12]},
								"south": {"uv": [8, 0], "uv_size": [4, 12]},
								"west": {"uv": [0, 12], "uv_size": [4, 12]},
								"up": {"uv": [16, 0], "uv_size": [4, 4]},
								"down": {"uv": [16, 8], "uv_size": [4, -4]}
							}
						}
					]
				},
				{
					"name": "sten",
					"parent": "gun_and_righthand",
					"pivot": [0, 6.66864, 7.43081]
				},
				{
					"name": "body",
					"parent": "sten",
					"pivot": [0.06271, 10.05051, -7.40512],
					"cubes": [
						{
							"origin": [-1.68729, 7.32446, -4.62338],
							"size": [1.5, 1, 6.3125],
							"pivot": [-0.93729, 9.23801, -1.40512],
							"rotation": [-24, 0, 0],
							"uv": {
								"north": {"uv": [27, 42], "uv_size": [1.5, 1]},
								"east": {"uv": [33, 2], "uv_size": [6.5, 1]},
								"south": {"uv": [29, 42], "uv_size": [1.5, 1]},
								"west": {"uv": [33, 3], "uv_size": [6.5, 1]},
								"up": {"uv": [0, 29], "uv_size": [1.5, 6.5]},
								"down": {"uv": [29, 6.5], "uv_size": [1.5, -6.5]}
							}
						},
						{
							"origin": [-1.68729, 6.2498, 0.85242],
							"size": [1.5, 1, 1.3125],
							"pivot": [-0.93729, 7.23249, 0.65192],
							"rotation": [-12, 0, 0],
							"uv": {
								"north": {"uv": [31, 42], "uv_size": [1.5, 1]},
								"east": {"uv": [33, 42], "uv_size": [1.5, 1]},
								"south": {"uv": [42, 38], "uv_size": [1.5, 1]},
								"west": {"uv": [39, 42], "uv_size": [1.5, 1]},
								"up": {"uv": [39, 25], "uv_size": [1.5, 1.5]},
								"down": {"uv": [35, 40.5], "uv_size": [1.5, -1.5]}
							}
						},
						{
							"origin": [-1.68729, 6.38177, 2.17057],
							"size": [1.5, 1, 2.3125],
							"pivot": [-0.93729, 7.34262, 3.76802],
							"rotation": [17, 0, 0],
							"uv": {
								"north": {"uv": [41, 42], "uv_size": [1.5, 1]},
								"east": {"uv": [17, 39], "uv_size": [2.5, 1]},
								"south": {"uv": [0, 43], "uv_size": [1.5, 1]},
								"west": {"uv": [39, 18], "uv_size": [2.5, 1]},
								"up": {"uv": [24, 37], "uv_size": [1.5, 2.5]},
								"down": {"uv": [26, 39.5], "uv_size": [1.5, -2.5]}
							}
						},
						{
							"origin": [-1.68729, 5.95671, 1.92754],
							"size": [1.5, 1, 0.59375],
							"pivot": [-0.93729, 6.96125, 1.93496],
							"rotation": [0, 0, 0],
							"uv": {
								"north": {"uv": [2, 43], "uv_size": [1.5, 1]},
								"east": {"uv": [36, 48], "uv_size": [0.5, 1]},
								"south": {"uv": [4, 43], "uv_size": [1.5, 1]},
								"west": {"uv": [37, 48], "uv_size": [0.5, 1]},
								"up": {"uv": [46, 9], "uv_size": [1.5, 0.5]},
								"down": {"uv": [15, 46.5], "uv_size": [1.5, -0.5]}
							}
						},
						{
							"origin": [-1.68729, 6.62858, 0.30254],
							"size": [1.5, 2.07812, 7.60938],
							"pivot": [-0.93729, 8.71125, 7.30996],
							"rotation": [0, 0, 0],
							"uv": {
								"north": {"uv": [4, 38], "uv_size": [1.5, 2]},
								"east": {"uv": [4, 12], "uv_size": [7.5, 2]},
								"south": {"uv": [8, 38], "uv_size": [1.5, 2]},
								"west": {"uv": [12, 12], "uv_size": [7.5, 2]},
								"up": {"uv": [20, 28], "uv_size": [1.5, 7.5]},
								"down": {"uv": [22, 35.5], "uv_size": [1.5, -7.5]}
							}
						},
						{
							"origin": [-1.43729, 6.12858, 7.91192],
							"size": [0.875, 4.51563, 0.375],
							"pivot": [-0.93729, 8.71125, 7.68496],
							"rotation": [0, 0, 0],
							"uv": {
								"north": {"uv": [7, 34], "uv_size": [1, 4.5]},
								"east": {"uv": [37, 39], "uv_size": [0.5, 4.5]},
								"south": {"uv": [0, 36], "uv_size": [1, 4.5]},
								"west": {"uv": [38, 39], "uv_size": [0.5, 4.5]},
								"up": {"uv": [38, 48], "uv_size": [1, 0.5]},
								"down": {"uv": [39, 48.5], "uv_size": [1, -0.5]}
							}
						},
						{
							"origin": [-2.18729, 6.87858, 7.91192],
							"size": [0.75, 3.01562, 0.375],
							"pivot": [-2.18729, 8.71125, 7.68496],
							"rotation": [0, 0, 0],
							"uv": {
								"north": {"uv": [6, 43], "uv_size": [0.5, 3]},
								"east": {"uv": [7, 43], "uv_size": [0.5, 3]},
								"south": {"uv": [8, 43], "uv_size": [0.5, 3]},
								"west": {"uv": [9, 43], "uv_size": [0.5, 3]},
								"up": {"uv": [50, 15], "uv_size": [0.5, 0.5]},
								"down": {"uv": [16, 50.5], "uv_size": [0.5, -0.5]}
							}
						},
						{
							"origin": [-0.43545, 9.4437, 7.91192],
							"size": [0.75, 1.06066, 0.375],
							"pivot": [-0.76756, 11.78361, 8.09942],
							"rotation": [0, 0, 45],
							"uv": {
								"north": {"uv": [45, 20], "uv_size": [1, 1]},
								"east": {"uv": [40, 48], "uv_size": [0.5, 1]},
								"south": {"uv": [23, 45], "uv_size": [1, 1]},
								"west": {"uv": [41, 48], "uv_size": [0.5, 1]},
								"up": {"uv": [42, 48], "uv_size": [1, 0.5]},
								"down": {"uv": [48, 42.5], "uv_size": [1, -0.5]}
							}
						},
						{
							"origin": [-2.31414, 9.4437, 7.91192],
							"size": [0.75, 1.06066, 0.375],
							"pivot": [-1.23203, 11.78361, 8.09942],
							"rotation": [0, 0, -45],
							"uv": {
								"north": {"uv": [24, 45], "uv_size": [1, 1]},
								"east": {"uv": [43, 48], "uv_size": [0.5, 1]},
								"south": {"uv": [25, 45], "uv_size": [1, 1]},
								"west": {"uv": [48, 43], "uv_size": [0.5, 1]},
								"up": {"uv": [44, 48], "uv_size": [1, 0.5]},
								"down": {"uv": [45, 48.5], "uv_size": [1, -0.5]}
							}
						},
						{
							"origin": [-0.89993, 6.85422, 7.91192],
							"size": [0.75, 1.06066, 0.375],
							"pivot": [-1.23203, 6.98917, 8.09942],
							"rotation": [0, 0, 45],
							"uv": {
								"north": {"uv": [45, 25], "uv_size": [1, 1]},
								"east": {"uv": [46, 48], "uv_size": [0.5, 1]},
								"south": {"uv": [26, 45], "uv_size": [1, 1]},
								"west": {"uv": [47, 48], "uv_size": [0.5, 1]},
								"up": {"uv": [48, 48], "uv_size": [1, 0.5]},
								"down": {"uv": [0, 49.5], "uv_size": [1, -0.5]}
							}
						},
						{
							"origin": [-1.84966, 6.85422, 7.91192],
							"size": [0.75, 1.06066, 0.375],
							"pivot": [-0.76756, 6.98917, 8.09942],
							"rotation": [0, 0, -45],
							"uv": {
								"north": {"uv": [45, 26], "uv_size": [1, 1]},
								"east": {"uv": [1, 49], "uv_size": [0.5, 1]},
								"south": {"uv": [27, 45], "uv_size": [1, 1]},
								"west": {"uv": [2, 49], "uv_size": [0.5, 1]},
								"up": {"uv": [49, 2], "uv_size": [1, 0.5]},
								"down": {"uv": [3, 49.5], "uv_size": [1, -0.5]}
							}
						},
						{
							"origin": [-0.56229, 6.87858, 7.91192],
							"size": [0.75, 3.01562, 0.375],
							"pivot": [0.18771, 8.71125, 7.68496],
							"rotation": [0, 0, 0],
							"uv": {
								"north": {"uv": [10, 43], "uv_size": [0.5, 3]},
								"east": {"uv": [11, 43], "uv_size": [0.5, 3]},
								"south": {"uv": [12, 43], "uv_size": [0.5, 3]},
								"west": {"uv": [43, 17], "uv_size": [0.5, 3]},
								"up": {"uv": [50, 16], "uv_size": [0.5, 0.5]},
								"down": {"uv": [17, 50.5], "uv_size": [0.5, -0.5]}
							}
						},
						{
							"origin": [-1.68729, 5.11147, 4.11327],
							"size": [1.5, 1.51712, 0.29865],
							"pivot": [-0.93729, 6.63313, 7.30996],
							"rotation": [0, 0, 0],
							"uv": {
								"north": {"uv": [39, 39], "uv_size": [1.5, 1.5]},
								"east": {"uv": [17, 46], "uv_size": [0.5, 1.5]},
								"south": {"uv": [40, 0], "uv_size": [1.5, 1.5]},
								"west": {"uv": [18, 46], "uv_size": [0.5, 1.5]},
								"up": {"uv": [46, 16], "uv_size": [1.5, 0.5]},
								"down": {"uv": [46, 20.5], "uv_size": [1.5, -0.5]}
							}
						},
						{
							"origin": [-1.68729, 4.98545, 3.60093],
							"size": [1.5, 0.51719, 0.28357],
							"pivot": [-0.93729, 6.01087, 4.39447],
							"rotation": [40, 0, 0],
							"uv": {
								"north": {"uv": [46, 22], "uv_size": [1.5, 0.5]},
								"east": {"uv": [50, 17], "uv_size": [0.5, 0.5]},
								"south": {"uv": [23, 46], "uv_size": [1.5, 0.5]},
								"west": {"uv": [18, 50], "uv_size": [0.5, 0.5]},
								"up": {"uv": [46, 23], "uv_size": [1.5, 0.5]},
								"down": {"uv": [46, 24.5], "uv_size": [1.5, -0.5]}
							}
						},
						{
							"origin": [-1.68729, 5.08428, 3.48427],
							"size": [1.5, 0.37121, 0.23717],
							"pivot": [-0.93729, 5.72332, 4.45614],
							"rotation": [74, 0, 0],
							"uv": {
								"north": {"uv": [25, 46], "uv_size": [1.5, 0.5]},
								"east": {"uv": [50, 18], "uv_size": [0.5, 0.5]},
								"south": {"uv": [46, 25], "uv_size": [1.5, 0.5]},
								"west": {"uv": [19, 50], "uv_size": [0.5, 0.5]},
								"up": {"uv": [46, 26], "uv_size": [1.5, 0.5]},
								"down": {"uv": [46, 28.5], "uv_size": [1.5, -0.5]}
							}
						},
						{
							"origin": [-1.68729, 4.98545, 8.09559],
							"size": [1.5, 0.51719, 0.28357],
							"pivot": [-0.93729, 6.01087, 7.58561],
							"rotation": [-40, 0, 0],
							"uv": {
								"north": {"uv": [46, 29], "uv_size": [1.5, 0.5]},
								"east": {"uv": [50, 19], "uv_size": [0.5, 0.5]},
								"south": {"uv": [30, 46], "uv_size": [1.5, 0.5]},
								"west": {"uv": [20, 50], "uv_size": [0.5, 0.5]},
								"up": {"uv": [46, 30], "uv_size": [1.5, 0.5]},
								"down": {"uv": [46, 31.5], "uv_size": [1.5, -0.5]}
							}
						},
						{
							"origin": [-1.68729, 5.08428, 8.25864],
							"size": [1.5, 0.37121, 0.23717],
							"pivot": [-0.93729, 5.72332, 7.52394],
							"rotation": [-74, 0, 0],
							"uv": {
								"north": {"uv": [32, 46], "uv_size": [1.5, 0.5]},
								"east": {"uv": [50, 20], "uv_size": [0.5, 0.5]},
								"south": {"uv": [46, 32], "uv_size": [1.5, 0.5]},
								"west": {"uv": [21, 50], "uv_size": [0.5, 0.5]},
								"up": {"uv": [46, 33], "uv_size": [1.5, 0.5]},
								"down": {"uv": [34, 46.5], "uv_size": [1.5, -0.5]}
							}
						},
						{
							"origin": [-1.68729, 5.11147, 7.55254],
							"size": [1.5, 1.51712, 0.31428],
							"pivot": [-0.93729, 6.63313, 4.67013],
							"rotation": [0, 0, 0],
							"uv": {
								"north": {"uv": [40, 2], "uv_size": [1.5, 1.5]},
								"east": {"uv": [27, 46], "uv_size": [0.5, 1.5]},
								"south": {"uv": [4, 40], "uv_size": [1.5, 1.5]},
								"west": {"uv": [46, 34], "uv_size": [0.5, 1.5]},
								"up": {"uv": [36, 46], "uv_size": [1.5, 0.5]},
								"down": {"uv": [38, 46.5], "uv_size": [1.5, -0.5]}
							}
						},
						{
							"origin": [-1.68729, 5.11855, 7.8794],
							"size": [1.5, 1.51712, 0.06428],
							"pivot": [-0.93729, 6.87616, 7.74292],
							"rotation": [-2.5, 0, 0],
							"uv": {
								"north": {"uv": [8, 40], "uv_size": [1.5, 1.5]},
								"east": {"uv": [40, 46], "uv_size": [0.5, 1.5]},
								"south": {"uv": [10, 40], "uv_size": [1.5, 1.5]},
								"west": {"uv": [46, 40], "uv_size": [0.5, 1.5]},
								"up": {"uv": [46, 42], "uv_size": [1.5, 0.5]},
								"down": {"uv": [46, 43.5], "uv_size": [1.5, -0.5]}
							}
						},
						{
							"origin": [-1.68729, 6.26772, 7.34942],
							"size": [1.5, 0.36087, 0.20312],
							"pivot": [-0.93729, 6.63313, 4.467],
							"rotation": [0, 0, 0],
							"uv": {
								"north": {"uv": [45, 46], "uv_size": [1.5, 0.5]},
								"east": {"uv": [50, 21], "uv_size": [0.5, 0.5]},
								"south": {"uv": [47, 2], "uv_size": [1.5, 0.5]},
								"west": {"uv": [22, 50], "uv_size": [0.5, 0.5]},
								"up": {"uv": [47, 3], "uv_size": [1.5, 0.5]},
								"down": {"uv": [47, 4.5], "uv_size": [1.5, -0.5]}
							}
						},
						{
							"origin": [-1.68729, 6.38691, 6.74015],
							"size": [1.5, 0.29837, 0.20312],
							"pivot": [-0.93729, 7.21195, 7.54882],
							"rotation": [45, 0, 0],
							"uv": {
								"north": {"uv": [47, 5], "uv_size": [1.5, 0.5]},
								"east": {"uv": [50, 22], "uv_size": [0.5, 0.5]},
								"south": {"uv": [47, 6], "uv_size": [1.5, 0.5]},
								"west": {"uv": [23, 50], "uv_size": [0.5, 0.5]},
								"up": {"uv": [47, 7], "uv_size": [1.5, 0.5]},
								"down": {"uv": [47, 8.5], "uv_size": [1.5, -0.5]}
							}
						},
						{
							"origin": [-1.68729, 4.61296, 4.80254],
							"size": [1.5, 0.23437, 2.375],
							"pivot": [-0.93729, 6.07063, 10.04433],
							"rotation": [0, 0, 0],
							"uv": {
								"north": {"uv": [47, 10], "uv_size": [1.5, 0.5]},
								"east": {"uv": [24, 44], "uv_size": [2.5, 0.5]},
								"south": {"uv": [47, 11], "uv_size": [1.5, 0.5]},
								"west": {"uv": [27, 44], "uv_size": [2.5, 0.5]},
								"up": {"uv": [28, 37], "uv_size": [1.5, 2.5]},
								"down": {"uv": [30, 39.5], "uv_size": [1.5, -2.5]}
							}
						},
						{
							"origin": [-1.68729, 8.12858, -2.55683],
							"size": [1.5, 0.57812, 2.85938],
							"pivot": [-0.93729, 8.71125, -0.29942],
							"rotation": [0, 0, 0],
							"uv": {
								"north": {"uv": [47, 14], "uv_size": [1.5, 0.5]},
								"east": {"uv": [43, 9], "uv_size": [3, 0.5]},
								"south": {"uv": [15, 47], "uv_size": [1.5, 0.5]},
								"west": {"uv": [18, 43], "uv_size": [3, 0.5]},
								"up": {"uv": [18, 33], "uv_size": [1.5, 3]},
								"down": {"uv": [37, 21], "uv_size": [1.5, -3]}
							}
						},
						{
							"origin": [-1.68729, 7.42546, -1.24433],
							"size": [1.5, 0.70312, 1.54688],
							"pivot": [-0.93729, 8.13313, -0.29942],
							"rotation": [0, 0, 0],
							"uv": {
								"north": {"uv": [47, 15], "uv_size": [1.5, 0.5]},
								"east": {"uv": [47, 17], "uv_size": [1.5, 0.5]},
								"south": {"uv": [47, 18], "uv_size": [1.5, 0.5]},
								"west": {"uv": [19, 47], "uv_size": [1.5, 0.5]},
								"up": {"uv": [12, 40], "uv_size": [1.5, 1.5]},
								"down": {"uv": [14, 41.5], "uv_size": [1.5, -1.5]}
							}
						},
						{
							"origin": [-1.56229, 6.61301, 8.28238],
							"size": [1.25, 2, 0.5],
							"uv": {
								"north": {"uv": [10, 38], "uv_size": [1.5, 2]},
								"east": {"uv": [28, 45], "uv_size": [0.5, 2]},
								"south": {"uv": [12, 38], "uv_size": [1.5, 2]},
								"west": {"uv": [29, 45], "uv_size": [0.5, 2]},
								"up": {"uv": [47, 19], "uv_size": [1.5, 0.5]},
								"down": {"uv": [21, 47.5], "uv_size": [1.5, -0.5]}
							}
						},
						{
							"origin": [-1.56229, 8.22329, 8.72435],
							"size": [1.25, 0.56492, 0.53282],
							"pivot": [-0.93729, 9.46903, 9.09529],
							"rotation": [6, 0, 0],
							"uv": {
								"north": {"uv": [47, 21], "uv_size": [1.5, 0.5]},
								"east": {"uv": [50, 23], "uv_size": [0.5, 0.5]},
								"south": {"uv": [23, 47], "uv_size": [1.5, 0.5]},
								"west": {"uv": [24, 50], "uv_size": [0.5, 0.5]},
								"up": {"uv": [25, 47], "uv_size": [1.5, 0.5]},
								"down": {"uv": [47, 27.5], "uv_size": [1.5, -0.5]}
							}
						},
						{
							"origin": [-1.56229, 6.29466, 8.54424],
							"size": [1.25, 0.5625, 16.75],
							"pivot": [-0.93729, 7.50145, 8.41559],
							"rotation": [-22.25, 0, 0],
							"uv": {
								"north": {"uv": [28, 47], "uv_size": [1.5, 0.5]},
								"east": {"uv": [29, 7], "uv_size": [16.5, 0.5]},
								"south": {"uv": [30, 47], "uv_size": [1.5, 0.5]},
								"west": {"uv": [29, 8], "uv_size": [16.5, 0.5]},
								"up": {"uv": [0, 12], "uv_size": [1.5, 16.5]},
								"down": {"uv": [2, 28.5], "uv_size": [1.5, -16.5]}
							}
						},
						{
							"origin": [-1.56229, 5.71117, 15.97626],
							"size": [1.25, 0.5625, 9.6875],
							"pivot": [-0.93729, 7.26568, 25.53756],
							"rotation": [-7.25, 0, 0],
							"uv": {
								"north": {"uv": [32, 47], "uv_size": [1.5, 0.5]},
								"east": {"uv": [36, 33], "uv_size": [9.5, 0.5]},
								"south": {"uv": [34, 47], "uv_size": [1.5, 0.5]},
								"west": {"uv": [36, 34], "uv_size": [9.5, 0.5]},
								"up": {"uv": [4, 22], "uv_size": [1.5, 9.5]},
								"down": {"uv": [6, 31.5], "uv_size": [1.5, -9.5]}
							}
						},
						{
							"origin": [-1.56229, 6.9565, 13.30636],
							"size": [1.25, 0.5625, 2.375],
							"pivot": [-0.93729, 8.48823, 15.92752],
							"rotation": [14.25, 0, 0],
							"uv": {
								"north": {"uv": [47, 34], "uv_size": [1.5, 0.5]},
								"east": {"uv": [44, 27], "uv_size": [2.5, 0.5]},
								"south": {"uv": [47, 35], "uv_size": [1.5, 0.5]},
								"west": {"uv": [30, 44], "uv_size": [2.5, 0.5]},
								"up": {"uv": [32, 37], "uv_size": [1.5, 2.5]},
								"down": {"uv": [1, 40.5], "uv_size": [1.5, -2.5]}
							}
						},
						{
							"origin": [-1.56229, 6.4448, 9.04126],
							"size": [1.25, 0.56451, 4.25135],
							"pivot": [-0.93729, 7.32979, 12.82699],
							"rotation": [-27.75, 0, 0],
							"uv": {
								"north": {"uv": [36, 47], "uv_size": [1.5, 0.5]},
								"east": {"uv": [39, 27], "uv_size": [4.5, 0.5]},
								"south": {"uv": [47, 36], "uv_size": [1.5, 0.5]},
								"west": {"uv": [40, 14], "uv_size": [4.5, 0.5]},
								"up": {"uv": [2, 33], "uv_size": [1.5, 4.5]},
								"down": {"uv": [8, 37.5], "uv_size": [1.5, -4.5]}
							}
						},
						{
							"origin": [-1.56229, 6.35889, 12.79602],
							"size": [1.25, 0.5625, 0.9375],
							"pivot": [-0.93729, 7.35842, 13.76405],
							"rotation": [1.75, 0, 0],
							"uv": {
								"north": {"uv": [47, 37], "uv_size": [1.5, 0.5]},
								"east": {"uv": [49, 3], "uv_size": [1, 0.5]},
								"south": {"uv": [38, 47], "uv_size": [1.5, 0.5]},
								"west": {"uv": [4, 49], "uv_size": [1, 0.5]},
								"up": {"uv": [43, 20], "uv_size": [1.5, 1]},
								"down": {"uv": [21, 44], "uv_size": [1.5, -1]}
							}
						},
						{
							"origin": [-1.56229, -0.0054, 24.53254],
							"size": [1.25, 0.5625, -1],
							"pivot": [-0.93729, 0.99344, 23.58052],
							"rotation": [2.75, 0, 0],
							"uv": {
								"north": {"uv": [47, 38], "uv_size": [1.5, 0.5]},
								"east": {"uv": [49, 4], "uv_size": [1, 0.5]},
								"south": {"uv": [47, 39], "uv_size": [1.5, 0.5]},
								"west": {"uv": [5, 49], "uv_size": [1, 0.5]},
								"up": {"uv": [23, 43], "uv_size": [1.5, 1]},
								"down": {"uv": [25, 44], "uv_size": [1.5, -1]}
							}
						},
						{
							"origin": [-1.56229, 0.52483, 24.34563],
							"size": [1.25, 0.75, -0.7798],
							"pivot": [-0.93729, 1.51416, 24.65974],
							"rotation": [44.75, 0, 0],
							"uv": {
								"north": {"uv": [47, 40], "uv_size": [1.5, 0.5]},
								"east": {"uv": [49, 5], "uv_size": [1, 0.5]},
								"south": {"uv": [41, 47], "uv_size": [1.5, 0.5]},
								"west": {"uv": [6, 49], "uv_size": [1, 0.5]},
								"up": {"uv": [27, 43], "uv_size": [1.5, 1]},
								"down": {"uv": [29, 44], "uv_size": [1.5, -1]}
							}
						},
						{
							"origin": [-1.56229, 6.00146, 27.55525],
							"size": [1.25, 0.75, -0.7798],
							"pivot": [-0.93729, 6.47012, 25.89467],
							"rotation": [-79.75, 0, 0],
							"uv": {
								"north": {"uv": [47, 41], "uv_size": [1.5, 0.5]},
								"east": {"uv": [49, 6], "uv_size": [1, 0.5]},
								"south": {"uv": [43, 47], "uv_size": [1.5, 0.5]},
								"west": {"uv": [7, 49], "uv_size": [1, 0.5]},
								"up": {"uv": [31, 43], "uv_size": [1.5, 1]},
								"down": {"uv": [33, 44], "uv_size": [1.5, -1]}
							}
						},
						{
							"origin": [-1.56229, 5.52734, 26.73747],
							"size": [1.25, 0.5625, -1],
							"pivot": [-0.93729, 6.47012, 25.89467],
							"rotation": [-37.75, 0, 0],
							"uv": {
								"north": {"uv": [47, 44], "uv_size": [1.5, 0.5]},
								"east": {"uv": [49, 7], "uv_size": [1, 0.5]},
								"south": {"uv": [45, 47], "uv_size": [1.5, 0.5]},
								"west": {"uv": [8, 49], "uv_size": [1, 0.5]},
								"up": {"uv": [39, 43], "uv_size": [1.5, 1]},
								"down": {"uv": [41, 44], "uv_size": [1.5, -1]}
							}
						},
						{
							"origin": [-1.56229, 3.9209, 22.24858],
							"size": [1.25, 0.74628, 4.49802],
							"pivot": [-0.93729, 4.21372, 25.95162],
							"rotation": [72.75, 0, 0],
							"uv": {
								"north": {"uv": [47, 45], "uv_size": [1.5, 0.5]},
								"east": {"uv": [40, 15], "uv_size": [4.5, 0.5]},
								"south": {"uv": [47, 46], "uv_size": [1.5, 0.5]},
								"west": {"uv": [40, 16], "uv_size": [4.5, 0.5]},
								"up": {"uv": [10, 33], "uv_size": [1.5, 4.5]},
								"down": {"uv": [12, 37.5], "uv_size": [1.5, -4.5]}
							}
						},
						{
							"origin": [-1.56229, 8.45063, 7.40738],
							"size": [1.25, 0.3125, 0.20313],
							"pivot": [-0.93729, 7.72024, 7.82527],
							"rotation": [-45, 0, 0],
							"uv": {
								"north": {"uv": [47, 47], "uv_size": [1.5, 0.5]},
								"east": {"uv": [50, 24], "uv_size": [0.5, 0.5]},
								"south": {"uv": [0, 48], "uv_size": [1.5, 0.5]},
								"west": {"uv": [25, 50], "uv_size": [0.5, 0.5]},
								"up": {"uv": [48, 0], "uv_size": [1.5, 0.5]},
								"down": {"uv": [48, 1.5], "uv_size": [1.5, -0.5]}
							}
						},
						{
							"origin": [-1.56229, 8.26313, 9.12613],
							"size": [1.25, 0.5, 0.53125],
							"pivot": [-0.93729, 7.72024, 9.23949],
							"rotation": [45, 0, 0],
							"uv": {
								"north": {"uv": [2, 48], "uv_size": [1.5, 0.5]},
								"east": {"uv": [50, 25], "uv_size": [0.5, 0.5]},
								"south": {"uv": [4, 48], "uv_size": [1.5, 0.5]},
								"west": {"uv": [26, 50], "uv_size": [0.5, 0.5]},
								"up": {"uv": [6, 48], "uv_size": [1.5, 0.5]},
								"down": {"uv": [8, 48.5], "uv_size": [1.5, -0.5]}
							}
						},
						{
							"origin": [-0.49979, 8.58176, -9.40512],
							"size": [1.75, 1.875, 3.75],
							"uv": {
								"north": {"uv": [20, 37], "uv_size": [2, 2]},
								"east": {"uv": [24, 29], "uv_size": [4, 2]},
								"south": {"uv": [22, 37], "uv_size": [2, 2]},
								"west": {"uv": [28, 29], "uv_size": [4, 2]},
								"up": {"uv": [2, 29], "uv_size": [2, 4]},
								"down": {"uv": [31, 4], "uv_size": [2, -4]}
							}
						}
					]
				},
				{
					"name": "octagon2",
					"parent": "body",
					"pivot": [0, 10.5, -5.4375],
					"rotation": [0, -90, 0],
					"cubes": [
						{
							"origin": [-15.03, 10.06093, -5.08329],
							"size": [28.3725, 0.87813, 0.212],
							"pivot": [0, 10.5, -5.4375],
							"rotation": [-45, 0, 0],
							"uv": {
								"north": {"uv": [0, 0], "uv_size": [28.5, 1]},
								"east": {"uv": [13, 48], "uv_size": [0.5, 1]},
								"south": {"uv": [0, 1], "uv_size": [28.5, 1]},
								"west": {"uv": [14, 48], "uv_size": [0.5, 1]},
								"up": {"uv": [4, 14], "uv_size": [28.5, 0.5]},
								"down": {"uv": [4, 15.5], "uv_size": [28.5, -0.5]}
							}
						},
						{
							"origin": [-15.03, 9.06093, -5.4975],
							"size": [28.3725, 0.87813, 0.212],
							"uv": {
								"north": {"uv": [0, 2], "uv_size": [28.5, 1]},
								"east": {"uv": [15, 48], "uv_size": [0.5, 1]},
								"south": {"uv": [0, 3], "uv_size": [28.5, 1]},
								"west": {"uv": [16, 48], "uv_size": [0.5, 1]},
								"up": {"uv": [4, 16], "uv_size": [28.5, 0.5]},
								"down": {"uv": [4, 17.5], "uv_size": [28.5, -0.5]}
							}
						},
						{
							"origin": [-0.53, 10.06093, -3.17529],
							"size": [13.8725, 0.87813, 0.212],
							"pivot": [0, 10.5, -5.4375],
							"rotation": [-45, 0, 0],
							"uv": {
								"north": {"uv": [8, 22], "uv_size": [14, 1]},
								"east": {"uv": [48, 16], "uv_size": [0.5, 1]},
								"south": {"uv": [22, 22], "uv_size": [14, 1]},
								"west": {"uv": [17, 48], "uv_size": [0.5, 1]},
								"up": {"uv": [29, 9], "uv_size": [14, 0.5]},
								"down": {"uv": [31, 6.5], "uv_size": [14, -0.5]}
							}
						},
						{
							"origin": [-15.03, 10.06093, -3.17529],
							"size": [11.2475, 0.87813, 0.212],
							"pivot": [0, 10.5, -5.4375],
							"rotation": [-45, 0, 0],
							"uv": {
								"north": {"uv": [28, 10], "uv_size": [11, 1]},
								"east": {"uv": [18, 48], "uv_size": [0.5, 1]},
								"south": {"uv": [28, 11], "uv_size": [11, 1]},
								"west": {"uv": [19, 48], "uv_size": [0.5, 1]},
								"up": {"uv": [35, 4], "uv_size": [11, 0.5]},
								"down": {"uv": [35, 5.5], "uv_size": [11, -0.5]}
							}
						},
						{
							"origin": [-3.7825, 10.06093, -3.17529],
							"size": [3.25, 0.44063, 0.212],
							"pivot": [0, 10.5, -5.4375],
							"rotation": [-45, 0, 0],
							"uv": {
								"north": {"uv": [42, 0], "uv_size": [3.5, 0.5]},
								"east": {"uv": [28, 49], "uv_size": [0.5, 0.5]},
								"south": {"uv": [42, 1], "uv_size": [3.5, 0.5]},
								"west": {"uv": [49, 28], "uv_size": [0.5, 0.5]},
								"up": {"uv": [42, 2], "uv_size": [3.5, 0.5]},
								"down": {"uv": [42, 3.5], "uv_size": [3.5, -0.5]}
							}
						},
						{
							"origin": [-0.53, 9.06093, -3.5895],
							"size": [2.185, 0.87813, 0.212],
							"uv": {
								"north": {"uv": [17, 40], "uv_size": [2, 1]},
								"east": {"uv": [20, 48], "uv_size": [0.5, 1]},
								"south": {"uv": [40, 17], "uv_size": [2, 1]},
								"west": {"uv": [48, 20], "uv_size": [0.5, 1]},
								"up": {"uv": [45, 6], "uv_size": [2, 0.5]},
								"down": {"uv": [45, 10.5], "uv_size": [2, -0.5]}
							}
						},
						{
							"origin": [1.26076, 9.13983, -3.5895],
							"size": [0.185, 0.31563, 0.212],
							"pivot": [1.19295, 9.85609, -4.4835],
							"rotation": [0, 0, -45],
							"uv": {
								"north": {"uv": [29, 49], "uv_size": [0.5, 0.5]},
								"east": {"uv": [49, 29], "uv_size": [0.5, 0.5]},
								"south": {"uv": [30, 49], "uv_size": [0.5, 0.5]},
								"west": {"uv": [49, 30], "uv_size": [0.5, 0.5]},
								"up": {"uv": [31, 49], "uv_size": [0.5, 0.5]},
								"down": {"uv": [49, 31.5], "uv_size": [0.5, -0.5]}
							}
						},
						{
							"origin": [7.52565, 18.11125, -3.5895],
							"size": [0.185, 0.31563, 0.212],
							"pivot": [-1.19295, 9.85609, -4.4835],
							"rotation": [0, 0, 45],
							"uv": {
								"north": {"uv": [32, 49], "uv_size": [0.5, 0.5]},
								"east": {"uv": [49, 32], "uv_size": [0.5, 0.5]},
								"south": {"uv": [33, 49], "uv_size": [0.5, 0.5]},
								"west": {"uv": [49, 33], "uv_size": [0.5, 0.5]},
								"up": {"uv": [34, 49], "uv_size": [0.5, 0.5]},
								"down": {"uv": [49, 34.5], "uv_size": [0.5, -0.5]}
							}
						},
						{
							"origin": [-15.03, 9.06093, -3.5895],
							"size": [11.2475, 0.87813, 0.212],
							"uv": {
								"north": {"uv": [24, 28], "uv_size": [11, 1]},
								"east": {"uv": [21, 48], "uv_size": [0.5, 1]},
								"south": {"uv": [28, 25], "uv_size": [11, 1]},
								"west": {"uv": [22, 48], "uv_size": [0.5, 1]},
								"up": {"uv": [24, 35], "uv_size": [11, 0.5]},
								"down": {"uv": [35, 28.5], "uv_size": [11, -0.5]}
							}
						},
						{
							"origin": [1.655, 9.06093, -3.5895],
							"size": [9.375, 0.50313, 0.212],
							"uv": {
								"north": {"uv": [36, 22], "uv_size": [9.5, 0.5]},
								"east": {"uv": [35, 49], "uv_size": [0.5, 0.5]},
								"south": {"uv": [36, 23], "uv_size": [9.5, 0.5]},
								"west": {"uv": [49, 35], "uv_size": [0.5, 0.5]},
								"up": {"uv": [36, 24], "uv_size": [9.5, 0.5]},
								"down": {"uv": [25, 36.5], "uv_size": [9.5, -0.5]}
							}
						},
						{
							"origin": [-15.03, 9.44, -4.46235],
							"size": [28.3725, 0.212, 0.87813],
							"pivot": [0, 10.5, -5.4375],
							"rotation": [-45, 0, 0],
							"uv": {
								"north": {"uv": [4, 18], "uv_size": [28.5, 0.5]},
								"east": {"uv": [48, 22], "uv_size": [1, 0.5]},
								"south": {"uv": [4, 19], "uv_size": [28.5, 0.5]},
								"west": {"uv": [23, 48], "uv_size": [1, 0.5]},
								"up": {"uv": [0, 4], "uv_size": [28.5, 1]},
								"down": {"uv": [0, 6], "uv_size": [28.5, -1]}
							}
						},
						{
							"origin": [-15.03, 8.44, -4.87657],
							"size": [28.3725, 0.212, 0.87813],
							"uv": {
								"north": {"uv": [4, 20], "uv_size": [28.5, 0.5]},
								"east": {"uv": [48, 23], "uv_size": [1, 0.5]},
								"south": {"uv": [20, 12], "uv_size": [28.5, 0.5]},
								"west": {"uv": [24, 48], "uv_size": [1, 0.5]},
								"up": {"uv": [0, 6], "uv_size": [28.5, 1]},
								"down": {"uv": [0, 8], "uv_size": [28.5, -1]}
							}
						},
						{
							"origin": [-0.53, 11.348, -4.46235],
							"size": [2.185, 0.212, 0.87813],
							"pivot": [0, 10.5, -5.4375],
							"rotation": [-45, 0, 0],
							"uv": {
								"north": {"uv": [45, 11], "uv_size": [2, 0.5]},
								"east": {"uv": [48, 24], "uv_size": [1, 0.5]},
								"south": {"uv": [15, 45], "uv_size": [2, 0.5]},
								"west": {"uv": [25, 48], "uv_size": [1, 0.5]},
								"up": {"uv": [24, 40], "uv_size": [2, 1]},
								"down": {"uv": [26, 41], "uv_size": [2, -1]}
							}
						},
						{
							"origin": [2.41211, 11.30233, -4.52949],
							"size": [0.435, 0.212, 0.52875],
							"pivot": [0.87961, 11.40833, -4.99667],
							"rotation": [-54.73561, -30, 35.26439],
							"uv": {
								"north": {"uv": [36, 49], "uv_size": [0.5, 0.5]},
								"east": {"uv": [49, 36], "uv_size": [0.5, 0.5]},
								"south": {"uv": [37, 49], "uv_size": [0.5, 0.5]},
								"west": {"uv": [49, 37], "uv_size": [0.5, 0.5]},
								"up": {"uv": [38, 49], "uv_size": [0.5, 0.5]},
								"down": {"uv": [49, 38.5], "uv_size": [0.5, -0.5]}
							}
						},
						{
							"origin": [6.12431, 11.30233, 4.44193],
							"size": [0.435, 0.212, 0.52875],
							"pivot": [-0.87961, 11.40833, -4.99667],
							"rotation": [-54.73561, 30, -35.26439],
							"uv": {
								"north": {"uv": [39, 49], "uv_size": [0.5, 0.5]},
								"east": {"uv": [49, 39], "uv_size": [0.5, 0.5]},
								"south": {"uv": [40, 49], "uv_size": [0.5, 0.5]},
								"west": {"uv": [49, 40], "uv_size": [0.5, 0.5]},
								"up": {"uv": [41, 49], "uv_size": [0.5, 0.5]},
								"down": {"uv": [49, 41.5], "uv_size": [0.5, -0.5]}
							}
						},
						{
							"origin": [11.03, 11.348, -4.46235],
							"size": [2.3125, 0.212, 0.87813],
							"pivot": [11.56, 10.5, -5.4375],
							"rotation": [-45, 0, 0],
							"uv": {
								"north": {"uv": [44, 18], "uv_size": [2.5, 0.5]},
								"east": {"uv": [48, 25], "uv_size": [1, 0.5]},
								"south": {"uv": [44, 19], "uv_size": [2.5, 0.5]},
								"west": {"uv": [26, 48], "uv_size": [1, 0.5]},
								"up": {"uv": [14, 35], "uv_size": [2.5, 1]},
								"down": {"uv": [39, 11], "uv_size": [2.5, -1]}
							}
						},
						{
							"origin": [11.03, 9.06093, -3.5895],
							"size": [2.3125, 0.87813, 0.212],
							"uv": {
								"north": {"uv": [39, 11], "uv_size": [2.5, 1]},
								"east": {"uv": [48, 26], "uv_size": [0.5, 1]},
								"south": {"uv": [14, 39], "uv_size": [2.5, 1]},
								"west": {"uv": [27, 48], "uv_size": [0.5, 1]},
								"up": {"uv": [21, 44], "uv_size": [2.5, 0.5]},
								"down": {"uv": [44, 21.5], "uv_size": [2.5, -0.5]}
							}
						},
						{
							"origin": [-15.03, 11.348, -4.46235],
							"size": [11.2475, 0.212, 0.87813],
							"pivot": [0, 10.5, -5.4375],
							"rotation": [-45, 0, 0],
							"uv": {
								"north": {"uv": [35, 35], "uv_size": [11, 0.5]},
								"east": {"uv": [28, 48], "uv_size": [1, 0.5]},
								"south": {"uv": [14, 36], "uv_size": [11, 0.5]},
								"west": {"uv": [48, 28], "uv_size": [1, 0.5]},
								"up": {"uv": [28, 26], "uv_size": [11, 1]},
								"down": {"uv": [28, 28], "uv_size": [11, -1]}
							}
						},
						{
							"origin": [1.655, 11.348, -4.46235],
							"size": [9.375, 0.212, 0.50313],
							"pivot": [0, 10.5, -5.4375],
							"rotation": [-45, 0, 0],
							"uv": {
								"north": {"uv": [36, 29], "uv_size": [9.5, 0.5]},
								"east": {"uv": [42, 49], "uv_size": [0.5, 0.5]},
								"south": {"uv": [36, 30], "uv_size": [9.5, 0.5]},
								"west": {"uv": [49, 42], "uv_size": [0.5, 0.5]},
								"up": {"uv": [36, 31], "uv_size": [9.5, 0.5]},
								"down": {"uv": [36, 32.5], "uv_size": [9.5, -0.5]}
							}
						},
						{
							"origin": [-3.7825, 11.348, -4.46235],
							"size": [3.25, 0.212, 0.56563],
							"pivot": [0, 10.5, -5.4375],
							"rotation": [-45, 0, 0],
							"uv": {
								"north": {"uv": [42, 11], "uv_size": [3, 0.5]},
								"east": {"uv": [43, 49], "uv_size": [0.5, 0.5]},
								"south": {"uv": [18, 42], "uv_size": [3, 0.5]},
								"west": {"uv": [49, 43], "uv_size": [0.5, 0.5]},
								"up": {"uv": [21, 42], "uv_size": [3, 0.5]},
								"down": {"uv": [24, 42.5], "uv_size": [3, -0.5]}
							}
						},
						{
							"origin": [-15.03, 10.473, -4.95469],
							"size": [27.31, 0.2745, 1.03438],
							"uv": {
								"north": {"uv": [8, 23], "uv_size": [27.5, 0.5]},
								"east": {"uv": [29, 48], "uv_size": [1, 0.5]},
								"south": {"uv": [8, 24], "uv_size": [27.5, 0.5]},
								"west": {"uv": [48, 29], "uv_size": [1, 0.5]},
								"up": {"uv": [0, 10], "uv_size": [27.5, 1]},
								"down": {"uv": [0, 12], "uv_size": [27.5, -1]}
							}
						},
						{
							"origin": [10.0325, 10.723, -4.26719],
							"size": [0.185, 0.462, 0.34688],
							"uv": {
								"north": {"uv": [44, 49], "uv_size": [0.5, 0.5]},
								"east": {"uv": [49, 44], "uv_size": [0.5, 0.5]},
								"south": {"uv": [45, 49], "uv_size": [0.5, 0.5]},
								"west": {"uv": [49, 45], "uv_size": [0.5, 0.5]},
								"up": {"uv": [46, 49], "uv_size": [0.5, 0.5]},
								"down": {"uv": [49, 46.5], "uv_size": [0.5, -0.5]}
							}
						},
						{
							"origin": [9.46164, 11.48014, -4.26719],
							"size": [0.13081, 0.13081, 0.34688],
							"pivot": [10.26125, 12.08707, -5.09375],
							"rotation": [0, 0, -45],
							"uv": {
								"north": {"uv": [47, 49], "uv_size": [0.5, 0.5]},
								"east": {"uv": [49, 47], "uv_size": [0.5, 0.5]},
								"south": {"uv": [48, 49], "uv_size": [0.5, 0.5]},
								"west": {"uv": [49, 48], "uv_size": [0.5, 0.5]},
								"up": {"uv": [49, 49], "uv_size": [0.5, 0.5]},
								"down": {"uv": [0, 50.5], "uv_size": [0.5, -0.5]}
							}
						},
						{
							"origin": [-14.9675, 10.723, -5.92344],
							"size": [0.185, 0.2745, 0.65938],
							"pivot": [-13.875, 11.882, -5.4375],
							"rotation": [0, 90, 0],
							"uv": {
								"north": {"uv": [50, 0], "uv_size": [0.5, 0.5]},
								"east": {"uv": [1, 50], "uv_size": [0.5, 0.5]},
								"south": {"uv": [50, 1], "uv_size": [0.5, 0.5]},
								"west": {"uv": [2, 50], "uv_size": [0.5, 0.5]},
								"up": {"uv": [50, 2], "uv_size": [0.5, 0.5]},
								"down": {"uv": [3, 50.5], "uv_size": [0.5, -0.5]}
							}
						},
						{
							"origin": [-15.27295, 11.89826, -5.92344],
							"size": [0.13081, 0.13081, 0.65938],
							"pivot": [-13.875, 11.882, -5.4375],
							"rotation": [-90, 45, -90],
							"uv": {
								"north": {"uv": [50, 3], "uv_size": [0.5, 0.5]},
								"east": {"uv": [4, 50], "uv_size": [0.5, 0.5]},
								"south": {"uv": [50, 4], "uv_size": [0.5, 0.5]},
								"west": {"uv": [5, 50], "uv_size": [0.5, 0.5]},
								"up": {"uv": [50, 5], "uv_size": [0.5, 0.5]},
								"down": {"uv": [6, 50.5], "uv_size": [0.5, -0.5]}
							}
						},
						{
							"origin": [9.46164, 11.48014, -4.95469],
							"size": [0.13081, 0.13081, 0.34688],
							"pivot": [10.26125, 12.08707, -5.09375],
							"rotation": [0, 0, -45],
							"uv": {
								"north": {"uv": [50, 6], "uv_size": [0.5, 0.5]},
								"east": {"uv": [7, 50], "uv_size": [0.5, 0.5]},
								"south": {"uv": [50, 7], "uv_size": [0.5, 0.5]},
								"west": {"uv": [8, 50], "uv_size": [0.5, 0.5]},
								"up": {"uv": [50, 8], "uv_size": [0.5, 0.5]},
								"down": {"uv": [9, 50.5], "uv_size": [0.5, -0.5]}
							}
						},
						{
							"origin": [10.0325, 10.723, -4.60781],
							"size": [0.185, 0.1495, 0.34062],
							"uv": {
								"north": {"uv": [50, 9], "uv_size": [0.5, 0.5]},
								"east": {"uv": [10, 50], "uv_size": [0.5, 0.5]},
								"south": {"uv": [50, 10], "uv_size": [0.5, 0.5]},
								"west": {"uv": [11, 50], "uv_size": [0.5, 0.5]},
								"up": {"uv": [50, 11], "uv_size": [0.5, 0.5]},
								"down": {"uv": [12, 50.5], "uv_size": [0.5, -0.5]}
							}
						},
						{
							"origin": [10.0325, 10.723, -4.95469],
							"size": [0.185, 0.462, 0.34688],
							"uv": {
								"north": {"uv": [50, 12], "uv_size": [0.5, 0.5]},
								"east": {"uv": [13, 50], "uv_size": [0.5, 0.5]},
								"south": {"uv": [50, 13], "uv_size": [0.5, 0.5]},
								"west": {"uv": [14, 50], "uv_size": [0.5, 0.5]},
								"up": {"uv": [50, 14], "uv_size": [0.5, 0.5]},
								"down": {"uv": [15, 50.5], "uv_size": [0.5, -0.5]}
							}
						},
						{
							"origin": [12.77143, 10.51971, -4.95469],
							"size": [0.81, 0.2745, 1.03438],
							"pivot": [12.46933, 11.36407, -5.4375],
							"rotation": [0, 0, 45],
							"uv": {
								"north": {"uv": [30, 48], "uv_size": [1, 0.5]},
								"east": {"uv": [48, 30], "uv_size": [1, 0.5]},
								"south": {"uv": [31, 48], "uv_size": [1, 0.5]},
								"west": {"uv": [48, 31], "uv_size": [1, 0.5]},
								"up": {"uv": [17, 45], "uv_size": [1, 1]},
								"down": {"uv": [18, 46], "uv_size": [1, -1]}
							}
						},
						{
							"origin": [-15.03, 10.348, -4.87657],
							"size": [28.3725, 0.212, 0.87813],
							"uv": {
								"north": {"uv": [20, 13], "uv_size": [28.5, 0.5]},
								"east": {"uv": [32, 48], "uv_size": [1, 0.5]},
								"south": {"uv": [4, 21], "uv_size": [28.5, 0.5]},
								"west": {"uv": [48, 32], "uv_size": [1, 0.5]},
								"up": {"uv": [0, 8], "uv_size": [28.5, 1]},
								"down": {"uv": [0, 10], "uv_size": [28.5, -1]}
							}
						},
						{
							"origin": [-14.8425, 8.598, -5.00157],
							"size": [0.185, 1.7745, 1.12813],
							"uv": {
								"north": {"uv": [19, 45], "uv_size": [0.5, 2]},
								"east": {"uv": [19, 40], "uv_size": [1, 2]},
								"south": {"uv": [20, 45], "uv_size": [0.5, 2]},
								"west": {"uv": [28, 40], "uv_size": [1, 2]},
								"up": {"uv": [33, 48], "uv_size": [0.5, 1]},
								"down": {"uv": [48, 34], "uv_size": [0.5, -1]}
							}
						},
						{
							"origin": [-14.8425, 8.83238, -5.29844],
							"size": [0.185, 1.30575, 1.72188],
							"uv": {
								"north": {"uv": [7, 46], "uv_size": [0.5, 1.5]},
								"east": {"uv": [6, 39], "uv_size": [1.5, 1.5]},
								"south": {"uv": [46, 7], "uv_size": [0.5, 1.5]},
								"west": {"uv": [39, 19], "uv_size": [1.5, 1.5]},
								"up": {"uv": [8, 46], "uv_size": [0.5, 1.5]},
								"down": {"uv": [9, 47.5], "uv_size": [0.5, -1.5]}
							}
						},
						{
							"origin": [-4.0925, 8.598, -5.00157],
							"size": [0.185, 1.7745, 1.12813],
							"uv": {
								"north": {"uv": [21, 45], "uv_size": [0.5, 2]},
								"east": {"uv": [29, 40], "uv_size": [1, 2]},
								"south": {"uv": [22, 45], "uv_size": [0.5, 2]},
								"west": {"uv": [30, 40], "uv_size": [1, 2]},
								"up": {"uv": [34, 48], "uv_size": [0.5, 1]},
								"down": {"uv": [35, 49], "uv_size": [0.5, -1]}
							}
						},
						{
							"origin": [-4.0925, 8.86363, -5.29844],
							"size": [0.185, 1.2745, 1.72188],
							"uv": {
								"north": {"uv": [10, 46], "uv_size": [0.5, 1.5]},
								"east": {"uv": [20, 39], "uv_size": [1.5, 1.5]},
								"south": {"uv": [11, 46], "uv_size": [0.5, 1.5]},
								"west": {"uv": [22, 39], "uv_size": [1.5, 1.5]},
								"up": {"uv": [12, 46], "uv_size": [0.5, 1.5]},
								"down": {"uv": [46, 15.5], "uv_size": [0.5, -1.5]}
							}
						}
					]
				},
				{
					"name": "octagon",
					"parent": "body",
					"pivot": [0, 10.375, -21.25],
					"rotation": [0, -90, 0],
					"cubes": [
						{
							"origin": [-0.7625, 10.20931, -20.23579],
							"size": [1.9625, 0.33137, 0.8],
							"pivot": [0, 10.375, -21.25],
							"rotation": [-45, 0, 0],
							"uv": {
								"north": {"uv": [30, 45], "uv_size": [2, 0.5]},
								"east": {"uv": [49, 8], "uv_size": [1, 0.5]},
								"south": {"uv": [32, 45], "uv_size": [2, 0.5]},
								"west": {"uv": [9, 49], "uv_size": [1, 0.5]},
								"up": {"uv": [31, 40], "uv_size": [2, 1]},
								"down": {"uv": [0, 42], "uv_size": [2, -1]}
							}
						},
						{
							"origin": [-0.7625, 9.20931, -20.65],
							"size": [1.9625, 0.33137, 0.8],
							"uv": {
								"north": {"uv": [34, 45], "uv_size": [2, 0.5]},
								"east": {"uv": [49, 9], "uv_size": [1, 0.5]},
								"south": {"uv": [36, 45], "uv_size": [2, 0.5]},
								"west": {"uv": [10, 49], "uv_size": [1, 0.5]},
								"up": {"uv": [6, 41], "uv_size": [2, 1]},
								"down": {"uv": [17, 42], "uv_size": [2, -1]}
							}
						},
						{
							"origin": [-0.7625, 9.975, -20.00147],
							"size": [1.9625, 0.8, 0.33137],
							"pivot": [0, 10.375, -21.25],
							"rotation": [-45, 0, 0],
							"uv": {
								"north": {"uv": [41, 19], "uv_size": [2, 1]},
								"east": {"uv": [49, 10], "uv_size": [0.5, 1]},
								"south": {"uv": [20, 41], "uv_size": [2, 1]},
								"west": {"uv": [11, 49], "uv_size": [0.5, 1]},
								"up": {"uv": [45, 36], "uv_size": [2, 0.5]},
								"down": {"uv": [45, 37.5], "uv_size": [2, -0.5]}
							}
						},
						{
							"origin": [-0.7625, 8.975, -20.41569],
							"size": [1.9625, 0.8, 0.33137],
							"uv": {
								"north": {"uv": [41, 20], "uv_size": [2, 1]},
								"east": {"uv": [49, 11], "uv_size": [0.5, 1]},
								"south": {"uv": [22, 41], "uv_size": [2, 1]},
								"west": {"uv": [12, 49], "uv_size": [0.5, 1]},
								"up": {"uv": [38, 45], "uv_size": [2, 0.5]},
								"down": {"uv": [45, 39.5], "uv_size": [2, -0.5]}
							}
						}
					]
				},
				{
					"name": "bone",
					"parent": "body",
					"pivot": [0.37521, 10.51926, -5.65512],
					"cubes": [
						{
							"origin": [-0.18729, 8.92551, -5.90512],
							"size": [1.125, 1.1875, 0.5],
							"pivot": [0.37521, 10.51926, -5.65512],
							"rotation": [0, 10, 0],
							"uv": {
								"north": {"uv": [40, 45], "uv_size": [1, 1]},
								"east": {"uv": [49, 12], "uv_size": [0.5, 1]},
								"south": {"uv": [45, 40], "uv_size": [1, 1]},
								"west": {"uv": [13, 49], "uv_size": [0.5, 1]},
								"up": {"uv": [49, 13], "uv_size": [1, 0.5]},
								"down": {"uv": [14, 49.5], "uv_size": [1, -0.5]}
							}
						}
					]
				},
				{
					"name": "bolt",
					"parent": "sten",
					"pivot": [-3.94937, 11.00429, -7.65026]
				},
				{
					"name": "actualbolt",
					"parent": "bolt",
					"pivot": [0, 10.5, -2.625],
					"rotation": [0, -90, 0],
					"cubes": [
						{
							"origin": [-3.45, 10.12721, -2.11079],
							"size": [3.9, 0.74558, 1.8],
							"pivot": [0, 10.5, -2.625],
							"rotation": [-45, 0, 0],
							"uv": {
								"north": {"uv": [24, 41], "uv_size": [4, 0.5]},
								"east": {"uv": [45, 44], "uv_size": [2, 0.5]},
								"south": {"uv": [41, 25], "uv_size": [4, 0.5]},
								"west": {"uv": [45, 45], "uv_size": [2, 0.5]},
								"up": {"uv": [31, 4], "uv_size": [4, 2]},
								"down": {"uv": [8, 33], "uv_size": [4, -2]}
							}
						},
						{
							"origin": [-3.45, 9.12721, -2.525],
							"size": [3.9, 0.74558, 1.8],
							"uv": {
								"north": {"uv": [41, 26], "uv_size": [4, 0.5]},
								"east": {"uv": [46, 0], "uv_size": [2, 0.5]},
								"south": {"uv": [31, 41], "uv_size": [4, 0.5]},
								"west": {"uv": [46, 1], "uv_size": [2, 0.5]},
								"up": {"uv": [12, 31], "uv_size": [4, 2]},
								"down": {"uv": [16, 33], "uv_size": [4, -2]}
							}
						},
						{
							"origin": [-3.45, 9.6, -1.58358],
							"size": [3.9, 1.8, 0.74558],
							"pivot": [0, 10.5, -2.625],
							"rotation": [-45, 0, 0],
							"uv": {
								"north": {"uv": [24, 31], "uv_size": [4, 2]},
								"east": {"uv": [41, 45], "uv_size": [0.5, 2]},
								"south": {"uv": [28, 31], "uv_size": [4, 2]},
								"west": {"uv": [46, 2], "uv_size": [0.5, 2]},
								"up": {"uv": [39, 41], "uv_size": [4, 0.5]},
								"down": {"uv": [41, 39.5], "uv_size": [4, -0.5]}
							}
						},
						{
							"origin": [0.425, 10.7411, -0.9158],
							"size": [6.74375, 0.4875, 0.43308],
							"pivot": [3.79688, 10.67678, -2.13886],
							"rotation": [-55, 0, 0],
							"uv": {
								"north": {"uv": [37, 21], "uv_size": [6.5, 0.5]},
								"east": {"uv": [50, 26], "uv_size": [0.5, 0.5]},
								"south": {"uv": [35, 38], "uv_size": [6.5, 0.5]},
								"west": {"uv": [27, 50], "uv_size": [0.5, 0.5]},
								"up": {"uv": [38, 36], "uv_size": [6.5, 0.5]},
								"down": {"uv": [38, 37.5], "uv_size": [6.5, -0.5]}
							}
						},
						{
							"origin": [-3.45, 8.6, -1.99779],
							"size": [3.9, 1.8, 0.74558],
							"uv": {
								"north": {"uv": [4, 32], "uv_size": [4, 2]},
								"east": {"uv": [46, 4], "uv_size": [0.5, 2]},
								"south": {"uv": [32, 29], "uv_size": [4, 2]},
								"west": {"uv": [6, 46], "uv_size": [0.5, 2]},
								"up": {"uv": [41, 40], "uv_size": [4, 0.5]},
								"down": {"uv": [0, 42.5], "uv_size": [4, -0.5]}
							}
						}
					]
				},
				{
					"name": "charge",
					"parent": "bolt",
					"pivot": [-1.04312, 11.00429, 3.53724],
					"cubes": [
						{
							"origin": [-3.62051, 9.78548, 4.03724],
							"size": [3, 0.46875, 0.5],
							"pivot": [-2.04312, 10.69179, 3.53724],
							"rotation": [0, 0, 25],
							"uv": {
								"north": {"uv": [43, 41], "uv_size": [3, 0.5]},
								"east": {"uv": [50, 27], "uv_size": [0.5, 0.5]},
								"south": {"uv": [43, 42], "uv_size": [3, 0.5]},
								"west": {"uv": [28, 50], "uv_size": [0.5, 0.5]},
								"up": {"uv": [43, 43], "uv_size": [3, 0.5]},
								"down": {"uv": [0, 44.5], "uv_size": [3, -0.5]}
							}
						},
						{
							"origin": [-3.34049, 10.60876, 4.11062],
							"size": [3, 0.46875, 0.5],
							"pivot": [-3.75669, 11.74944, 4.03724],
							"rotation": [0, 10, 25],
							"uv": {
								"north": {"uv": [3, 44], "uv_size": [3, 0.5]},
								"east": {"uv": [50, 28], "uv_size": [0.5, 0.5]},
								"south": {"uv": [15, 44], "uv_size": [3, 0.5]},
								"west": {"uv": [29, 50], "uv_size": [0.5, 0.5]},
								"up": {"uv": [44, 17], "uv_size": [3, 0.5]},
								"down": {"uv": [18, 44.5], "uv_size": [3, -0.5]}
							}
						},
						{
							"origin": [-3.33224, 10.52593, 3.83937],
							"size": [0.375, 0.46875, 0.125],
							"pivot": [-3.57905, 11.66661, 3.9352],
							"rotation": [0, -17.5, 25],
							"uv": {
								"north": {"uv": [50, 29], "uv_size": [0.5, 0.5]},
								"east": {"uv": [30, 50], "uv_size": [0.5, 0.5]},
								"south": {"uv": [50, 30], "uv_size": [0.5, 0.5]},
								"west": {"uv": [31, 50], "uv_size": [0.5, 0.5]},
								"up": {"uv": [50, 31], "uv_size": [0.5, 0.5]},
								"down": {"uv": [32, 50.5], "uv_size": [0.5, -0.5]}
							}
						},
						{
							"origin": [-2.86624, 10.60876, 4.32397],
							"size": [1, 0.46875, 0.5],
							"pivot": [-3.75669, 11.74944, 4.03724],
							"rotation": [0, 22.5, 25],
							"uv": {
								"north": {"uv": [49, 14], "uv_size": [1, 0.5]},
								"east": {"uv": [50, 32], "uv_size": [0.5, 0.5]},
								"south": {"uv": [15, 49], "uv_size": [1, 0.5]},
								"west": {"uv": [33, 50], "uv_size": [0.5, 0.5]},
								"up": {"uv": [49, 15], "uv_size": [1, 0.5]},
								"down": {"uv": [16, 49.5], "uv_size": [1, -0.5]}
							}
						},
						{
							"origin": [-2.63853, 10.18003, 4.14412],
							"size": [2.3125, 0.46875, 0.53125],
							"pivot": [-2.83727, 11.32071, 3.79434],
							"rotation": [0, 40, 25],
							"uv": {
								"north": {"uv": [33, 44], "uv_size": [2.5, 0.5]},
								"east": {"uv": [50, 33], "uv_size": [0.5, 0.5]},
								"south": {"uv": [36, 44], "uv_size": [2.5, 0.5]},
								"west": {"uv": [34, 50], "uv_size": [0.5, 0.5]},
								"up": {"uv": [44, 38], "uv_size": [2.5, 0.5]},
								"down": {"uv": [39, 44.5], "uv_size": [2.5, -0.5]}
							}
						}
					]
				},
				{
					"name": "sight_illuminated",
					"parent": "sten",
					"pivot": [-0.20669, 10.92148, -3.28205]
				},
				{
					"name": "constraint",
					"parent": "sten",
					"pivot": [0, 12.84, -27.44]
				},
				{
					"name": "refit_pos",
					"parent": "sten",
					"pivot": [0, 7, -10.425]
				},
				{
					"name": "muzzle_flash",
					"parent": "refit_pos",
					"pivot": [-1, 9.39375, -22.7]
				},
				{
					"name": "muzzle_pos",
					"parent": "refit_pos",
					"pivot": [-1, 9.34062, -22.00625]
				},
				{
					"name": "scope_pos",
					"parent": "refit_pos",
					"pivot": [0, 12.43969, -3.5875]
				},
				{
					"name": "stock_pos",
					"parent": "refit_pos",
					"pivot": [0, 10.0875, 1.5625]
				},
				{
					"name": "grip_pos",
					"parent": "refit_pos",
					"pivot": [0, 7.0125, -22.3375]
				},
				{
					"name": "shell",
					"parent": "refit_pos",
					"pivot": [-1.2, 9.5, -7.525]
				},
				{
					"name": "trigger",
					"parent": "sten",
					"pivot": [0, 7.66532, 6.11583],
					"cubes": [
						{
							"origin": [-1.25, 5.41864, 6.08706],
							"size": [0.5, 2.25, 0.25],
							"uv": {
								"north": {"uv": [42, 44], "uv_size": [0.5, 2.5]},
								"east": {"uv": [43, 44], "uv_size": [0.5, 2.5]},
								"south": {"uv": [44, 44], "uv_size": [0.5, 2.5]},
								"west": {"uv": [0, 45], "uv_size": [0.5, 2.5]},
								"up": {"uv": [50, 34], "uv_size": [0.5, 0.5]},
								"down": {"uv": [35, 50.5], "uv_size": [0.5, -0.5]}
							}
						},
						{
							"origin": [-1.25, 5.23114, 6.07143],
							"size": [0.5, 0.28125, 0.125],
							"uv": {
								"north": {"uv": [50, 35], "uv_size": [0.5, 0.5]},
								"east": {"uv": [36, 50], "uv_size": [0.5, 0.5]},
								"south": {"uv": [50, 36], "uv_size": [0.5, 0.5]},
								"west": {"uv": [37, 50], "uv_size": [0.5, 0.5]},
								"up": {"uv": [50, 37], "uv_size": [0.5, 0.5]},
								"down": {"uv": [38, 50.5], "uv_size": [0.5, -0.5]}
							}
						},
						{
							"origin": [-1.25, 5.3285, 6.50193],
							"size": [0.5, 0.14063, 0.04688],
							"pivot": [-1, 6.29364, 6.10268],
							"rotation": [-27.5, 0, 0],
							"uv": {
								"north": {"uv": [50, 38], "uv_size": [0.5, 0.5]},
								"east": {"uv": [39, 50], "uv_size": [0.5, 0.5]},
								"south": {"uv": [50, 39], "uv_size": [0.5, 0.5]},
								"west": {"uv": [40, 50], "uv_size": [0.5, 0.5]},
								"up": {"uv": [50, 40], "uv_size": [0.5, 0.5]},
								"down": {"uv": [41, 50.5], "uv_size": [0.5, -0.5]}
							}
						},
						{
							"origin": [-1.25, 5.35323, 6.68452],
							"size": [0.5, 0.29688, 0.125],
							"pivot": [-1, 6.23114, 6.07143],
							"rotation": [-42.5, 0, 0],
							"uv": {
								"north": {"uv": [50, 41], "uv_size": [0.5, 0.5]},
								"east": {"uv": [42, 50], "uv_size": [0.5, 0.5]},
								"south": {"uv": [50, 42], "uv_size": [0.5, 0.5]},
								"west": {"uv": [43, 50], "uv_size": [0.5, 0.5]},
								"up": {"uv": [50, 43], "uv_size": [0.5, 0.5]},
								"down": {"uv": [44, 50.5], "uv_size": [0.5, -0.5]}
							}
						},
						{
							"origin": [-1.25, 5.08846, 5.88418],
							"size": [0.5, 0.08839, 0.08839],
							"pivot": [-1, 6.23114, 6.07143],
							"rotation": [2.5, 0, 0],
							"uv": {
								"north": {"uv": [50, 44], "uv_size": [0.5, 0.5]},
								"east": {"uv": [45, 50], "uv_size": [0.5, 0.5]},
								"south": {"uv": [50, 45], "uv_size": [0.5, 0.5]},
								"west": {"uv": [46, 50], "uv_size": [0.5, 0.5]},
								"up": {"uv": [50, 46], "uv_size": [0.5, 0.5]},
								"down": {"uv": [47, 50.5], "uv_size": [0.5, -0.5]}
							}
						},
						{
							"origin": [-1.25, 5.37439, 7.03041],
							"size": [0.5, 0.35938, 0.125],
							"pivot": [-1, 6.28934, 6.32394],
							"rotation": [-56.25, 0, 0],
							"uv": {
								"north": {"uv": [50, 47], "uv_size": [0.5, 0.5]},
								"east": {"uv": [48, 50], "uv_size": [0.5, 0.5]},
								"south": {"uv": [50, 48], "uv_size": [0.5, 0.5]},
								"west": {"uv": [49, 50], "uv_size": [0.5, 0.5]},
								"up": {"uv": [50, 49], "uv_size": [0.5, 0.5]},
								"down": {"uv": [50, 50.5], "uv_size": [0.5, -0.5]}
							}
						},
						{
							"origin": [-1.25, 5.37133, 5.69466],
							"size": [0.5, 2.3125, 0.21875],
							"pivot": [-1, 7.66864, 5.97768],
							"rotation": [10, 0, 0],
							"uv": {
								"north": {"uv": [1, 45], "uv_size": [0.5, 2.5]},
								"east": {"uv": [2, 45], "uv_size": [0.5, 2.5]},
								"south": {"uv": [3, 45], "uv_size": [0.5, 2.5]},
								"west": {"uv": [4, 45], "uv_size": [0.5, 2.5]},
								"up": {"uv": [0, 51], "uv_size": [0.5, 0.5]},
								"down": {"uv": [51, 0.5], "uv_size": [0.5, -0.5]}
							}
						},
						{
							"origin": [-1.25, 5.29744, 6.3126],
							"size": [0.5, 2.375, 0.21875],
							"pivot": [-1, 7.66864, 6.33482],
							"rotation": [-5, 0, 0],
							"uv": {
								"north": {"uv": [5, 45], "uv_size": [0.5, 2.5]},
								"east": {"uv": [13, 45], "uv_size": [0.5, 2.5]},
								"south": {"uv": [14, 45], "uv_size": [0.5, 2.5]},
								"west": {"uv": [45, 14], "uv_size": [0.5, 2.5]},
								"up": {"uv": [1, 51], "uv_size": [0.5, 0.5]},
								"down": {"uv": [51, 1.5], "uv_size": [0.5, -0.5]}
							}
						}
					]
				},
				{
					"name": "camera",
					"pivot": [2.75, 14.2875, 14]
				},
				{
					"name": "positioning",
					"pivot": [0, 0, -8]
				},
				{
					"name": "thirdperson_hand",
					"parent": "positioning",
					"pivot": [0, 7.925, 7.65]
				},
				{
					"name": "ground",
					"parent": "positioning",
					"pivot": [0, -0.9, 2.65]
				},
				{
					"name": "fixed",
					"parent": "positioning",
					"pivot": [1.05, 10.675, 3.45],
					"rotation": [0, 90, 0]
				},
				{
					"name": "view",
					"pivot": [0, 0, 0]
				},
				{
					"name": "idle_view",
					"parent": "view",
					"pivot": [2.75, 14.2875, 14]
				},
				{
					"name": "iron_view",
					"parent": "view",
					"pivot": [-0.99527, 11.00595, 8.2336]
				},
				{
					"name": "refit_view",
					"parent": "view",
					"pivot": [23, 10.2, 1.15],
					"rotation": [0, 90, 0]
				},
				{
					"name": "refit_muzzle_view",
					"parent": "view",
					"pivot": [8, 9, -26],
					"rotation": [0, 120, 0]
				},
				{
					"name": "refit_stock_view",
					"parent": "view",
					"pivot": [10, 9, 14],
					"rotation": [0, 90, 0]
				},
				{
					"name": "refit_scope_view",
					"parent": "view",
					"pivot": [7, 14.125, 8.3],
					"rotation": [0, 50, 0]
				},
				{
					"name": "refit_extended_mag_view",
					"parent": "view",
					"pivot": [9, -2, -1],
					"rotation": [0, 90, 35]
				},
				{
					"name": "refit_laser_view",
					"parent": "view",
					"pivot": [7, 10, -12],
					"rotation": [0, 70, 0]
				},
				{
					"name": "refit_grip_view",
					"parent": "view",
					"pivot": [6.8, 5.4, -13],
					"rotation": [0, 90, 0]
				}
			]
		}
	]
}