{
	"format_version": "1.8.0",
	"animations": {
		"static_idle": {
			"loop": true,
			"bones": {
				"lefthand": {
					"rotation": [97.5062, -33.53405, -140.06529],
					"position": [7.18, -12.28, -25.06],
					"scale": [1, 1.5, 1]
				},
				"righthand": {
					"rotation": [104.63921, 12.31529, -176.94329],
					"position": [-6.44, -13.2, -0.23],
					"scale": [1, 1.5, 1]
				},
				"constraint": {
					"rotation": [0.2, 0.2, 0.2],
					"position": [0.2, 0.2, 0.2]
				}
			}
		},
		"inspect": {
			"animation_length": 6.0987,
			"bones": {
				"lefthand": {
					"rotation": {
						"0.0": [97.5062, -33.53405, -140.06529],
						"0.8712": {
							"pre": [93.29256, -79.2698, -171.21653],
							"post": [93.29256, -79.2698, -171.21653],
							"lerp_mode": "catmullrom"
						},
						"1.3069": {
							"post": [93.29256, -79.2698, -171.21653],
							"lerp_mode": "catmullrom"
						},
						"3.4366": {
							"post": [93.29, -79.27, -171.22],
							"lerp_mode": "catmullrom"
						},
						"3.969": {
							"post": [93.29256, -79.2698, -171.21653],
							"lerp_mode": "catmullrom"
						},
						"4.4046": {
							"post": [93.29256, -79.2698, -171.21653],
							"lerp_mode": "catmullrom"
						},
						"5.2759": [97.5062, -33.53405, -140.06529]
					},
					"position": {
						"0.0": [7.18, -12.28, -25.06],
						"0.8712": {
							"pre": [7.18, -11.28, -25.06],
							"post": [7.18, -11.28, -25.06],
							"lerp_mode": "catmullrom"
						},
						"1.3069": {
							"post": [7.18, -11.28, -25.06],
							"lerp_mode": "catmullrom"
						},
						"3.4366": {
							"post": [7.18, -11.28, -25.06],
							"lerp_mode": "catmullrom"
						},
						"3.969": {
							"post": [7.18, -11.28, -25.06],
							"lerp_mode": "catmullrom"
						},
						"4.4046": {
							"post": [7.18, -11.28, -25.06],
							"lerp_mode": "catmullrom"
						},
						"5.2759": [7.18, -12.28, -25.06]
					},
					"scale": {
						"0.0": [1, 1.5, 1],
						"5.2759": [1, 1.5, 1]
					}
				},
				"righthand": {
					"rotation": {
						"0.0": [104.63921, 12.31529, -176.94329],
						"0.8712": {
							"pre": [139.17885, -70.95668, -227.71007],
							"post": [139.17885, -70.95668, -227.71007],
							"lerp_mode": "catmullrom"
						},
						"1.3069": {
							"post": [139.18, -70.96, -227.71],
							"lerp_mode": "catmullrom"
						},
						"3.4366": {
							"post": [139.18, -70.96, -227.71],
							"lerp_mode": "catmullrom"
						},
						"3.969": {
							"post": [139.18, -70.96, -227.71],
							"lerp_mode": "catmullrom"
						},
						"4.4046": {
							"post": [139.17885, -70.95668, -227.71007],
							"lerp_mode": "catmullrom"
						},
						"5.2759": {
							"post": [104.63921, 12.31529, -176.94329],
							"lerp_mode": "catmullrom"
						},
						"5.6147": {
							"post": [104.63921, 12.31529, -176.94329],
							"lerp_mode": "catmullrom"
						}
					},
					"position": {
						"0.0": [-6.44, -13.2, -0.23],
						"0.8712": {
							"pre": [-6.44, -13.2, 0.77],
							"post": [-6.44, -13.2, 0.77],
							"lerp_mode": "catmullrom"
						},
						"1.3069": {
							"post": [-6.44, -13.2, 0.77],
							"lerp_mode": "catmullrom"
						},
						"3.4366": {
							"post": [-6.44, -13.2, 0.77],
							"lerp_mode": "catmullrom"
						},
						"3.969": {
							"post": [-6.44, -13.2, 0.77],
							"lerp_mode": "catmullrom"
						},
						"4.4046": {
							"post": [-6.44, -13.2, 0.77],
							"lerp_mode": "catmullrom"
						},
						"5.2759": {
							"post": [-6.44, -13.2, -0.23],
							"lerp_mode": "catmullrom"
						},
						"5.6147": {
							"post": [-6.44, -13.2, -0.23],
							"lerp_mode": "catmullrom"
						}
					},
					"scale": {
						"0.0": [1, 1.5, 1],
						"5.2759": [1, 1.5, 1]
					}
				},
				"constraint": {
					"rotation": [0.2, 0.2, 0.2],
					"position": [0.2, 0.2, 0.2]
				},
				"root": {
					"rotation": {
						"0.0": {
							"post": [0, 0, 0],
							"lerp_mode": "catmullrom"
						},
						"0.7744": {
							"post": [0, -85, 0],
							"lerp_mode": "catmullrom"
						},
						"1.4521": {
							"post": [0, -90, 0],
							"lerp_mode": "catmullrom"
						},
						"4.5015": {
							"post": [0, -85, 0],
							"lerp_mode": "catmullrom"
						},
						"5.2759": {
							"post": [0, -9.0625, 0],
							"lerp_mode": "catmullrom"
						},
						"6.0987": {
							"post": [0, 0, 0],
							"lerp_mode": "catmullrom"
						}
					},
					"position": {
						"0.0": {
							"post": [0, 0, 0],
							"lerp_mode": "catmullrom"
						},
						"0.726": {
							"post": [0, 0, -11],
							"lerp_mode": "catmullrom"
						},
						"1.4521": {
							"post": [0, 0, -11],
							"lerp_mode": "catmullrom"
						},
						"3.4366": {
							"post": [0, 0, -11],
							"lerp_mode": "catmullrom"
						},
						"3.8238": {
							"post": [0, 0, -11],
							"lerp_mode": "catmullrom"
						},
						"4.5499": {
							"post": [0, 0, -11],
							"lerp_mode": "catmullrom"
						},
						"5.2759": {
							"post": [0, 0, -1.375],
							"lerp_mode": "catmullrom"
						},
						"6.0987": {
							"post": [0, 0, 0],
							"lerp_mode": "catmullrom"
						}
					}
				},
				"camera": {
					"rotation": {
						"0.0": [0, 0, 0],
						"0.2904": [0, 0, 0],
						"0.9197": [0, 0, 0],
						"2.4685": {
							"pre": [-5, -23.75, 1.5625],
							"post": [-5, -23.75, 1.5625],
							"lerp_mode": "catmullrom"
						},
						"4.0658": {
							"post": [6, 20.8125, -3.125],
							"lerp_mode": "catmullrom"
						},
						"5.5663": {
							"post": [0, 0, 0],
							"lerp_mode": "catmullrom"
						}
					}
				}
			}
		},
		"inspect_empty": {
			"animation_length": 6.0987,
			"bones": {
				"lefthand": {
					"rotation": {
						"0.0": [97.5062, -33.53405, -140.06529],
						"0.8712": {
							"pre": [93.29256, -79.2698, -171.21653],
							"post": [93.29256, -79.2698, -171.21653],
							"lerp_mode": "catmullrom"
						},
						"1.3069": {
							"post": [93.29256, -79.2698, -171.21653],
							"lerp_mode": "catmullrom"
						},
						"3.4366": {
							"post": [93.29, -79.27, -171.22],
							"lerp_mode": "catmullrom"
						},
						"3.969": {
							"post": [93.29256, -79.2698, -171.21653],
							"lerp_mode": "catmullrom"
						},
						"4.4046": {
							"post": [93.29256, -79.2698, -171.21653],
							"lerp_mode": "catmullrom"
						},
						"5.2759": [97.5062, -33.53405, -140.06529]
					},
					"position": {
						"0.0": [7.18, -12.28, -25.06],
						"0.8712": {
							"pre": [7.18, -11.28, -25.06],
							"post": [7.18, -11.28, -25.06],
							"lerp_mode": "catmullrom"
						},
						"1.3069": {
							"post": [7.18, -11.28, -25.06],
							"lerp_mode": "catmullrom"
						},
						"3.4366": {
							"post": [7.18, -11.28, -25.06],
							"lerp_mode": "catmullrom"
						},
						"3.969": {
							"post": [7.18, -11.28, -25.06],
							"lerp_mode": "catmullrom"
						},
						"4.4046": {
							"post": [7.18, -11.28, -25.06],
							"lerp_mode": "catmullrom"
						},
						"5.2759": [7.18, -12.28, -25.06]
					},
					"scale": {
						"0.0": [1, 1.5, 1],
						"5.2759": [1, 1.5, 1]
					}
				},
				"righthand": {
					"rotation": {
						"0.0": [104.63921, 12.31529, -176.94329],
						"0.8712": {
							"pre": [139.17885, -70.95668, -227.71007],
							"post": [139.17885, -70.95668, -227.71007],
							"lerp_mode": "catmullrom"
						},
						"1.3069": {
							"post": [139.18, -70.96, -227.71],
							"lerp_mode": "catmullrom"
						},
						"3.4366": {
							"post": [139.18, -70.96, -227.71],
							"lerp_mode": "catmullrom"
						},
						"3.969": {
							"post": [139.18, -70.96, -227.71],
							"lerp_mode": "catmullrom"
						},
						"4.4046": {
							"post": [139.17885, -70.95668, -227.71007],
							"lerp_mode": "catmullrom"
						},
						"5.2759": {
							"post": [104.63921, 12.31529, -176.94329],
							"lerp_mode": "catmullrom"
						},
						"5.6147": {
							"post": [104.63921, 12.31529, -176.94329],
							"lerp_mode": "catmullrom"
						}
					},
					"position": {
						"0.0": [-6.44, -13.2, -0.23],
						"0.8712": {
							"pre": [-6.44, -13.2, 0.77],
							"post": [-6.44, -13.2, 0.77],
							"lerp_mode": "catmullrom"
						},
						"1.3069": {
							"post": [-6.44, -13.2, 0.77],
							"lerp_mode": "catmullrom"
						},
						"3.4366": {
							"post": [-6.44, -13.2, 0.77],
							"lerp_mode": "catmullrom"
						},
						"3.969": {
							"post": [-6.44, -13.2, 0.77],
							"lerp_mode": "catmullrom"
						},
						"4.4046": {
							"post": [-6.44, -13.2, 0.77],
							"lerp_mode": "catmullrom"
						},
						"5.2759": {
							"post": [-6.44, -13.2, -0.23],
							"lerp_mode": "catmullrom"
						},
						"5.6147": {
							"post": [-6.44, -13.2, -0.23],
							"lerp_mode": "catmullrom"
						}
					},
					"scale": {
						"0.0": [1, 1.5, 1],
						"5.2759": [1, 1.5, 1]
					}
				},
				"constraint": {
					"rotation": [0.2, 0.2, 0.2],
					"position": [0.2, 0.2, 0.2]
				},
				"root": {
					"rotation": {
						"0.0": {
							"post": [0, 0, 0],
							"lerp_mode": "catmullrom"
						},
						"0.7744": {
							"post": [0, -85, 0],
							"lerp_mode": "catmullrom"
						},
						"1.4521": {
							"post": [0, -90, 0],
							"lerp_mode": "catmullrom"
						},
						"4.5015": {
							"post": [0, -85, 0],
							"lerp_mode": "catmullrom"
						},
						"5.2759": {
							"post": [0, -9.0625, 0],
							"lerp_mode": "catmullrom"
						},
						"6.0987": {
							"post": [0, 0, 0],
							"lerp_mode": "catmullrom"
						}
					},
					"position": {
						"0.0": {
							"post": [0, 0, 0],
							"lerp_mode": "catmullrom"
						},
						"0.726": {
							"post": [0, 0, -11],
							"lerp_mode": "catmullrom"
						},
						"1.4521": {
							"post": [0, 0, -11],
							"lerp_mode": "catmullrom"
						},
						"3.4366": {
							"post": [0, 0, -11],
							"lerp_mode": "catmullrom"
						},
						"3.8238": {
							"post": [0, 0, -11],
							"lerp_mode": "catmullrom"
						},
						"4.5499": {
							"post": [0, 0, -11],
							"lerp_mode": "catmullrom"
						},
						"5.2759": {
							"post": [0, 0, -1.375],
							"lerp_mode": "catmullrom"
						},
						"6.0987": {
							"post": [0, 0, 0],
							"lerp_mode": "catmullrom"
						}
					}
				},
				"camera": {
					"rotation": {
						"0.0": [0, 0, 0],
						"0.2904": [0, 0, 0],
						"0.9197": [0, 0, 0],
						"2.4685": {
							"pre": [-5, -23.75, 1.5625],
							"post": [-5, -23.75, 1.5625],
							"lerp_mode": "catmullrom"
						},
						"4.0658": {
							"post": [6, 20.8125, -3.125],
							"lerp_mode": "catmullrom"
						},
						"5.5663": {
							"post": [0, 0, 0],
							"lerp_mode": "catmullrom"
						}
					}
				}
			}
		},
		"reload_tactical": {
			"animation_length": 2.5417,
			"bones": {
				"lefthand": {
					"rotation": {
						"0.0": [97.5062, -33.53405, -140.06529],
						"1.9583": [97.51, -33.53, -140.07],
						"2.2917": [97.5062, -33.53405, -140.06529]
					},
					"position": {
						"0.0": [7.18, -12.28, -25.06],
						"0.0833": {
							"pre": [9.18, -13.94, -19.73],
							"post": [9.18, -13.94, -19.73],
							"lerp_mode": "catmullrom"
						},
						"0.2083": {
							"post": [9.18, -15.61, -12.39],
							"lerp_mode": "catmullrom"
						},
						"0.2917": {
							"post": [7.18, -17.28, -8.31],
							"lerp_mode": "catmullrom"
						},
						"0.375": {
							"post": [7.13, -15.32, -6.09],
							"lerp_mode": "catmullrom"
						},
						"0.5833": [7.13, -17.32, -9.09],
						"1.9583": [7.13, -17.32, -9.09],
						"2.125": {
							"pre": [10.16, -14.8, -17.08],
							"post": [10.16, -14.8, -17.08],
							"lerp_mode": "catmullrom"
						},
						"2.2917": [7.18, -12.28, -25.06]
					},
					"scale": [1, 1.5, 1]
				},
				"righthand": {
					"rotation": [104.63921, 12.31529, -176.94329],
					"position": [-6.44, -13.2, -0.23],
					"scale": [1, 1.5, 1]
				},
				"constraint": {
					"rotation": [0.2, 0.2, 0.2],
					"position": [0.2, 0.2, 0.2]
				},
				"root": {
					"rotation": {
						"0.0": {
							"post": [0, 0, 0],
							"lerp_mode": "catmullrom"
						},
						"0.125": {
							"post": [-8, -5, -12.5],
							"lerp_mode": "catmullrom"
						},
						"0.375": {
							"post": [-7, -3, -11.5],
							"lerp_mode": "catmullrom"
						},
						"0.5417": {
							"post": [-7, -4, -14],
							"lerp_mode": "catmullrom"
						},
						"0.7083": {
							"post": [-5, -6, -11.5],
							"lerp_mode": "catmullrom"
						},
						"0.9583": {
							"post": [-3.24, -5, -11.78],
							"lerp_mode": "catmullrom"
						},
						"1.2083": {
							"post": [-3.47, -5.5, -12.41],
							"lerp_mode": "catmullrom"
						},
						"1.5417": {
							"post": [-3.16, -4.5, -13.12],
							"lerp_mode": "catmullrom"
						},
						"1.7917": {
							"post": [-4, -7.75, -11.5],
							"lerp_mode": "catmullrom"
						},
						"2.0": {
							"post": [-3, 0, 1],
							"lerp_mode": "catmullrom"
						},
						"2.2083": {
							"post": [-2, -1.25, -1.5],
							"lerp_mode": "catmullrom"
						},
						"2.3333": {
							"post": [0, 0, 0],
							"lerp_mode": "catmullrom"
						}
					},
					"position": {
						"0.0": {
							"post": [0, 0, 0],
							"lerp_mode": "catmullrom"
						},
						"0.25": {
							"post": [-0.125, -1, 1],
							"lerp_mode": "catmullrom"
						},
						"0.4583": {
							"post": [0.125, -0.5, 0.75],
							"lerp_mode": "catmullrom"
						},
						"0.7083": {
							"post": [0, -0.5625, -0.8125],
							"lerp_mode": "catmullrom"
						},
						"0.9167": {
							"post": [0, -0.5, -0.31],
							"lerp_mode": "catmullrom"
						},
						"1.0833": {
							"post": [0, -0.6875, 0.0025],
							"lerp_mode": "catmullrom"
						},
						"1.25": {
							"post": [0, -0.5, 0],
							"lerp_mode": "catmullrom"
						},
						"1.4583": {
							"post": [0, -0.625, -0.3775],
							"lerp_mode": "catmullrom"
						},
						"1.625": {
							"post": [0, -0.19, 0.06],
							"lerp_mode": "catmullrom"
						},
						"1.8333": {
							"post": [-0.3125, -0.535, 0.09],
							"lerp_mode": "catmullrom"
						},
						"2.125": {
							"post": [0, -0.19, 0.3725],
							"lerp_mode": "catmullrom"
						},
						"2.3333": {
							"post": [0, 0.185, -0.065],
							"lerp_mode": "catmullrom"
						},
						"2.4583": {
							"post": [0, 0, 0],
							"lerp_mode": "catmullrom"
						}
					}
				},
				"mag_and_lefthand": {
					"rotation": {
						"0.4167": {
							"pre": [0, 0, 0],
							"post": [0, 0, 0],
							"lerp_mode": "catmullrom"
						},
						"0.75": {
							"post": [-65, 0, 0],
							"lerp_mode": "catmullrom"
						},
						"0.9583": {
							"post": [-62.5, 0, 0],
							"lerp_mode": "catmullrom"
						},
						"1.0833": [-62.5, 0, 0],
						"1.375": {
							"pre": [-28.5, 0, 0],
							"post": [-28.5, 0, 0],
							"lerp_mode": "catmullrom"
						},
						"1.4583": {
							"post": [-21, 0, 0],
							"lerp_mode": "catmullrom"
						},
						"1.5833": [-17.41, 0, 0],
						"1.6667": [-17.41, 0, 0],
						"1.7917": {
							"pre": [0, 0, 0],
							"post": [0, 0, 0],
							"lerp_mode": "catmullrom"
						}
					},
					"position": {
						"0.4167": {
							"pre": [0, 0, 0],
							"post": [0, 0, 0],
							"lerp_mode": "catmullrom"
						},
						"0.5833": {
							"post": [0, -5.25, -1.67],
							"lerp_mode": "catmullrom"
						},
						"0.75": {
							"post": [0, -13, -8],
							"lerp_mode": "catmullrom"
						},
						"0.9583": [0, -12, -7],
						"1.0833": [0, -12, -7],
						"1.3333": {
							"pre": [0, -12, 9],
							"post": [0, -12, 9],
							"lerp_mode": "catmullrom"
						},
						"1.5833": {
							"post": [0, -12, 0],
							"lerp_mode": "catmullrom"
						},
						"1.7917": {
							"post": [0, 0, 0],
							"lerp_mode": "catmullrom"
						}
					}
				},
				"magazine": {
					"scale": {
						"0.6667": [1, 1, 1],
						"0.9167": [0, 0, 0],
						"1.2917": [0, 0, 0],
						"1.3333": [1, 1, 1]
					}
				},
				"camera": {
					"rotation": {
						"0.0": {
							"post": [0, 0, 0],
							"lerp_mode": "catmullrom"
						},
						"0.2083": {
							"post": [-1, -1.1875, 1.0625],
							"lerp_mode": "catmullrom"
						},
						"0.375": {
							"post": [0, -0.8125, 0.1875],
							"lerp_mode": "catmullrom"
						},
						"0.5417": {
							"post": [0.5625, -0.4325, 0.0625],
							"lerp_mode": "catmullrom"
						},
						"0.7917": {
							"post": [0, -0.74, -0.875],
							"lerp_mode": "catmullrom"
						},
						"1.0417": {
							"post": [0.25, 0.2, -0.375],
							"lerp_mode": "catmullrom"
						},
						"1.3333": {
							"post": [-0.25, 0.385, -0.4375],
							"lerp_mode": "catmullrom"
						},
						"1.625": {
							"post": [0.125, -0.2425, 0.4375],
							"lerp_mode": "catmullrom"
						},
						"1.9583": {
							"post": [-0.0625, 0.195, -0.3125],
							"lerp_mode": "catmullrom"
						},
						"2.25": {
							"post": [0, 0.01, 0],
							"lerp_mode": "catmullrom"
						}
					}
				}
			}
		},
		"reload_empty": {
			"animation_length": 3.25,
			"bones": {
				"lefthand": {
					"rotation": {
						"0.0": [97.5062, -33.53405, -140.06529],
						"1.9583": [97.51, -33.53, -140.07],
						"2.2917": [97.5062, -33.53405, -140.06529],
						"2.5417": [97.5062, -33.53405, -140.06529],
						"2.625": [97.99668, -38.48847, -140.89873],
						"2.6667": [97.73644, -36.01198, -140.46891],
						"2.7083": [97.83673, -37.00276, -140.63746],
						"2.7917": [97.84, -37, -140.64],
						"2.9167": [97.46659, -33.03558, -139.98966],
						"2.9583": [97.73969, -36.00923, -140.47138],
						"3.0": [97.5062, -33.53405, -140.06529]
					},
					"position": {
						"0.0": [7.18, -12.28, -25.06],
						"0.0833": {
							"pre": [9.18, -13.94, -19.73],
							"post": [9.18, -13.94, -19.73],
							"lerp_mode": "catmullrom"
						},
						"0.2083": {
							"post": [9.18, -15.61, -12.39],
							"lerp_mode": "catmullrom"
						},
						"0.2917": {
							"post": [7.18, -17.28, -8.31],
							"lerp_mode": "catmullrom"
						},
						"0.375": {
							"post": [7.13, -15.32, -6.09],
							"lerp_mode": "catmullrom"
						},
						"0.5833": [7.13, -17.32, -9.09],
						"1.9583": [7.13, -17.32, -9.09],
						"2.125": {
							"pre": [10.16, -14.8, -17.08],
							"post": [10.16, -14.8, -17.08],
							"lerp_mode": "catmullrom"
						},
						"2.2917": [7.18, -12.28, -25.06],
						"2.5417": [7.18, -12.28, -25.06],
						"2.625": [7.18, -12.28, -20.06],
						"2.6667": [7.18, -12.28, -20.31],
						"2.7083": [7.18, -12.28, -20.185],
						"2.75": [7.18, -12.28, -20.2425],
						"2.7917": [7.18, -12.28, -20.2425],
						"2.9167": [7.18, -12.28, -25.06],
						"2.9583": [7.18, -12.28, -24.81],
						"3.0": [7.18, -12.28, -24.935],
						"3.0417": [7.18, -12.28, -25.06]
					},
					"scale": {
						"0.0": [1, 1.5, 1],
						"2.5417": [1, 1.5, 1]
					}
				},
				"righthand": {
					"rotation": [104.63921, 12.31529, -176.94329],
					"position": [-6.44, -13.2, -0.23],
					"scale": [1, 1.5, 1]
				},
				"constraint": {
					"rotation": [0.2, 0.2, 0.2],
					"position": [0.2, 0.2, 0.2]
				},
				"root": {
					"rotation": {
						"0.0": {
							"post": [0, 0, 0],
							"lerp_mode": "catmullrom"
						},
						"0.125": {
							"post": [-8, -5, -12.5],
							"lerp_mode": "catmullrom"
						},
						"0.375": {
							"post": [-7, -3, -11.5],
							"lerp_mode": "catmullrom"
						},
						"0.5417": {
							"post": [-7, -4, -14],
							"lerp_mode": "catmullrom"
						},
						"0.7083": {
							"post": [-5, -6, -11.5],
							"lerp_mode": "catmullrom"
						},
						"0.9583": {
							"post": [-3.24, -5, -11.78],
							"lerp_mode": "catmullrom"
						},
						"1.2083": {
							"post": [-3.47, -5.5, -12.41],
							"lerp_mode": "catmullrom"
						},
						"1.5417": {
							"post": [-3.16, -4.5, -13.12],
							"lerp_mode": "catmullrom"
						},
						"1.7917": {
							"post": [-4, -7.75, -11.5],
							"lerp_mode": "catmullrom"
						},
						"2.0": {
							"post": [-3, 0, 1],
							"lerp_mode": "catmullrom"
						},
						"2.2083": {
							"post": [-2, -1.25, -1.5],
							"lerp_mode": "catmullrom"
						},
						"2.3333": {
							"post": [0, 0, 0],
							"lerp_mode": "catmullrom"
						},
						"2.5417": {
							"post": [0, 0, 0],
							"lerp_mode": "catmullrom"
						},
						"2.6667": {
							"post": [-1.3125, -1.5, -1.5625],
							"lerp_mode": "catmullrom"
						},
						"2.8333": {
							"post": [0.5625, -0.25, 0.5],
							"lerp_mode": "catmullrom"
						},
						"2.9583": {
							"post": [-0.3125, -0.62, -0.5625],
							"lerp_mode": "catmullrom"
						},
						"3.0833": {
							"post": [0.25, 0.4425, 0.1875],
							"lerp_mode": "catmullrom"
						},
						"3.2917": {
							"post": [0, 0.005, 0],
							"lerp_mode": "catmullrom"
						}
					},
					"position": {
						"0.0": {
							"post": [0, 0, 0],
							"lerp_mode": "catmullrom"
						},
						"0.25": {
							"post": [-0.125, -1, 1],
							"lerp_mode": "catmullrom"
						},
						"0.4583": {
							"post": [0.125, -0.5, 0.75],
							"lerp_mode": "catmullrom"
						},
						"0.7083": {
							"post": [0, -0.5625, -0.8125],
							"lerp_mode": "catmullrom"
						},
						"0.9167": {
							"post": [0, -0.5, -0.31],
							"lerp_mode": "catmullrom"
						},
						"1.0833": {
							"post": [0, -0.6875, 0.0025],
							"lerp_mode": "catmullrom"
						},
						"1.25": {
							"post": [0, -0.5, 0],
							"lerp_mode": "catmullrom"
						},
						"1.4583": {
							"post": [0, -0.625, -0.3775],
							"lerp_mode": "catmullrom"
						},
						"1.625": {
							"post": [0, -0.19, 0.06],
							"lerp_mode": "catmullrom"
						},
						"1.8333": {
							"post": [-0.3125, -0.535, 0.09],
							"lerp_mode": "catmullrom"
						},
						"2.125": {
							"post": [0, -0.19, 0.3725],
							"lerp_mode": "catmullrom"
						},
						"2.3333": {
							"post": [0, 0.185, -0.065],
							"lerp_mode": "catmullrom"
						},
						"2.4583": {
							"post": [0, 0, 0],
							"lerp_mode": "catmullrom"
						},
						"2.5417": {
							"post": [0, 0, 0],
							"lerp_mode": "catmullrom"
						},
						"2.6667": {
							"post": [0, 0, 1.1875],
							"lerp_mode": "catmullrom"
						},
						"2.75": {
							"post": [0, 0, 0.8125],
							"lerp_mode": "catmullrom"
						},
						"2.8333": {
							"post": [0, 0, 0.94],
							"lerp_mode": "catmullrom"
						},
						"2.9167": {
							"post": [0, 0, 0.82],
							"lerp_mode": "catmullrom"
						},
						"3.0": {
							"post": [0, 0, -0.3125],
							"lerp_mode": "catmullrom"
						},
						"3.0833": {
							"post": [0, 0, 0],
							"lerp_mode": "catmullrom"
						},
						"3.1667": {
							"post": [0, 0, -0.1275],
							"lerp_mode": "catmullrom"
						},
						"3.25": {
							"post": [0, 0, 0],
							"lerp_mode": "catmullrom"
						}
					}
				},
				"mag_and_lefthand": {
					"rotation": {
						"0.4167": {
							"pre": [0, 0, 0],
							"post": [0, 0, 0],
							"lerp_mode": "catmullrom"
						},
						"0.75": {
							"post": [-65, 0, 0],
							"lerp_mode": "catmullrom"
						},
						"0.9583": {
							"post": [-62.5, 0, 0],
							"lerp_mode": "catmullrom"
						},
						"1.0833": [-62.5, 0, 0],
						"1.375": {
							"pre": [-28.5, 0, 0],
							"post": [-28.5, 0, 0],
							"lerp_mode": "catmullrom"
						},
						"1.4583": {
							"post": [-21, 0, 0],
							"lerp_mode": "catmullrom"
						},
						"1.5833": [-17.41, 0, 0],
						"1.6667": [-17.41, 0, 0],
						"1.7917": {
							"pre": [0, 0, 0],
							"post": [0, 0, 0],
							"lerp_mode": "catmullrom"
						}
					},
					"position": {
						"0.4167": {
							"pre": [0, 0, 0],
							"post": [0, 0, 0],
							"lerp_mode": "catmullrom"
						},
						"0.5833": {
							"post": [0, -5.25, -1.67],
							"lerp_mode": "catmullrom"
						},
						"0.75": {
							"post": [0, -13, -8],
							"lerp_mode": "catmullrom"
						},
						"0.9583": [0, -12, -7],
						"1.0833": [0, -12, -7],
						"1.3333": {
							"pre": [0, -12, 9],
							"post": [0, -12, 9],
							"lerp_mode": "catmullrom"
						},
						"1.5833": {
							"post": [0, -12, 0],
							"lerp_mode": "catmullrom"
						},
						"1.7917": {
							"post": [0, 0, 0],
							"lerp_mode": "catmullrom"
						}
					}
				},
				"magazine": {
					"scale": {
						"0.6667": [1, 1, 1],
						"0.9167": [0, 0, 0],
						"1.2917": [0, 0, 0],
						"1.3333": [1, 1, 1]
					}
				},
				"bolt": {
					"position": {
						"2.5417": [0, 0, 0],
						"2.625": [0, 0, 5],
						"2.6667": [0, 0, 4.75],
						"2.7083": [0, 0, 4.875],
						"2.75": [0, 0, 4.8175],
						"2.7917": [0, 0, 4.82],
						"2.9167": [0, 0, 0],
						"2.9583": [0, 0, 0.1875],
						"3.0": [0, 0, -0.06],
						"3.0417": [0, 0, 0]
					}
				},
				"camera": {
					"rotation": {
						"0.0": {
							"post": [0, 0, 0],
							"lerp_mode": "catmullrom"
						},
						"0.2083": {
							"post": [-1, -1.1875, 1.0625],
							"lerp_mode": "catmullrom"
						},
						"0.375": {
							"post": [0, -0.8125, 0.1875],
							"lerp_mode": "catmullrom"
						},
						"0.5417": {
							"post": [0.5625, -0.4325, 0.0625],
							"lerp_mode": "catmullrom"
						},
						"0.7917": {
							"post": [0, -0.74, -0.875],
							"lerp_mode": "catmullrom"
						},
						"1.0417": {
							"post": [0.25, 0.2, -0.375],
							"lerp_mode": "catmullrom"
						},
						"1.3333": {
							"post": [-0.25, 0.385, -0.4375],
							"lerp_mode": "catmullrom"
						},
						"1.625": {
							"post": [0.125, -0.2425, 0.4375],
							"lerp_mode": "catmullrom"
						},
						"1.9583": {
							"post": [-0.0625, 0.195, -0.3125],
							"lerp_mode": "catmullrom"
						},
						"2.25": {
							"post": [0, 0.01, 0],
							"lerp_mode": "catmullrom"
						},
						"2.375": {
							"post": [-0.0725, 0.25, -0.2175],
							"lerp_mode": "catmullrom"
						},
						"2.5417": {
							"post": [0, 0, 0],
							"lerp_mode": "catmullrom"
						},
						"2.625": {
							"post": [0.3125, -0.125, 1],
							"lerp_mode": "catmullrom"
						},
						"2.7083": {
							"post": [0.375, -0.1875, -0.5],
							"lerp_mode": "catmullrom"
						},
						"2.7917": {
							"post": [0.3125, -0.125, 0.5],
							"lerp_mode": "catmullrom"
						},
						"2.9167": {
							"post": [0, 0.25, 0],
							"lerp_mode": "catmullrom"
						},
						"3.0": {
							"post": [-0.25, 0.1875, -1],
							"lerp_mode": "catmullrom"
						},
						"3.0833": {
							"post": [-0.3125, -0.0625, 0.5],
							"lerp_mode": "catmullrom"
						},
						"3.1667": {
							"post": [-0.25, 0, -0.5],
							"lerp_mode": "catmullrom"
						},
						"3.2917": {
							"post": [0, 0, 0],
							"lerp_mode": "catmullrom"
						}
					}
				}
			}
		},
		"bolt": {
			"animation_length": 0.875,
			"bones": {
				"lefthand": {
					"rotation": {
						"0.0": [97.5062, -33.53405, -140.06529],
						"0.0833": [97.99668, -38.48847, -140.89873],
						"0.125": [97.73644, -36.01198, -140.46891],
						"0.1667": [97.83673, -37.00276, -140.63746],
						"0.25": [97.84, -37, -140.64],
						"0.375": [97.46659, -33.03558, -139.98966],
						"0.4167": [97.73969, -36.00923, -140.47138],
						"0.4583": [97.5062, -33.53405, -140.06529]
					},
					"position": {
						"0.0": [7.18, -12.28, -25.06],
						"0.0833": [7.18, -12.28, -20.06],
						"0.125": [7.18, -12.28, -20.31],
						"0.1667": [7.18, -12.28, -20.185],
						"0.2083": [7.18, -12.28, -20.2425],
						"0.25": [7.18, -12.28, -20.2425],
						"0.375": [7.18, -12.28, -25.06],
						"0.4167": [7.18, -12.28, -24.81],
						"0.4583": [7.18, -12.28, -24.935],
						"0.5": [7.18, -12.28, -25.06]
					},
					"scale": [1, 1.5, 1]
				},
				"righthand": {
					"rotation": [104.63921, 12.31529, -176.94329],
					"position": [-6.44, -13.2, -0.23],
					"scale": [1, 1.5, 1]
				},
				"constraint": {
					"rotation": [0.2, 0.2, 0.2],
					"position": [0.2, 0.2, 0.2]
				},
				"root": {
					"rotation": {
						"0.0": {
							"post": [0, 0, 0],
							"lerp_mode": "catmullrom"
						},
						"0.125": {
							"post": [-1.3125, -1.5, -1.5625],
							"lerp_mode": "catmullrom"
						},
						"0.2917": {
							"post": [0.5625, -0.25, 0.5],
							"lerp_mode": "catmullrom"
						},
						"0.4167": {
							"post": [-0.3125, -0.62, -0.5625],
							"lerp_mode": "catmullrom"
						},
						"0.5417": {
							"post": [0.25, 0.4425, 0.1875],
							"lerp_mode": "catmullrom"
						},
						"0.75": {
							"post": [0, 0.005, 0],
							"lerp_mode": "catmullrom"
						}
					},
					"position": {
						"0.0": {
							"post": [0, 0, 0],
							"lerp_mode": "catmullrom"
						},
						"0.125": {
							"post": [0, 0, 1.1875],
							"lerp_mode": "catmullrom"
						},
						"0.2083": {
							"post": [0, 0, 0.8125],
							"lerp_mode": "catmullrom"
						},
						"0.2917": {
							"post": [0, 0, 0.94],
							"lerp_mode": "catmullrom"
						},
						"0.375": {
							"post": [0, 0, 0.82],
							"lerp_mode": "catmullrom"
						},
						"0.4583": {
							"post": [0, 0, -0.3125],
							"lerp_mode": "catmullrom"
						},
						"0.5417": {
							"post": [0, 0, 0],
							"lerp_mode": "catmullrom"
						},
						"0.625": {
							"post": [0, 0, -0.1275],
							"lerp_mode": "catmullrom"
						},
						"0.7083": {
							"post": [0, 0, 0],
							"lerp_mode": "catmullrom"
						}
					}
				},
				"bolt": {
					"position": {
						"0.0": [0, 0, 0],
						"0.0833": [0, 0, 5],
						"0.125": [0, 0, 4.75],
						"0.1667": [0, 0, 4.875],
						"0.2083": [0, 0, 4.8175],
						"0.25": [0, 0, 4.82],
						"0.375": [0, 0, 0],
						"0.4167": [0, 0, 0.1875],
						"0.4583": [0, 0, -0.06],
						"0.5": [0, 0, 0]
					}
				},
				"camera": {
					"rotation": {
						"0.0": {
							"post": [0, 0, 0],
							"lerp_mode": "catmullrom"
						},
						"0.0833": {
							"post": [0.3125, -0.125, 1],
							"lerp_mode": "catmullrom"
						},
						"0.1667": {
							"post": [0.375, -0.1875, -0.5],
							"lerp_mode": "catmullrom"
						},
						"0.25": {
							"post": [0.3125, -0.125, 0.5],
							"lerp_mode": "catmullrom"
						},
						"0.375": {
							"post": [0, 0.25, 0],
							"lerp_mode": "catmullrom"
						},
						"0.4583": {
							"post": [-0.25, 0.1875, -1],
							"lerp_mode": "catmullrom"
						},
						"0.5417": {
							"post": [-0.3125, -0.0625, 0.5],
							"lerp_mode": "catmullrom"
						},
						"0.625": {
							"post": [-0.25, 0, -0.5],
							"lerp_mode": "catmullrom"
						},
						"0.75": {
							"post": [0, 0, 0],
							"lerp_mode": "catmullrom"
						}
					}
				}
			}
		},
		"shoot": {
			"loop": true,
			"animation_length": 0.625,
			"bones": {
				"root": {
					"rotation": {
						"0.0": [0, 0, 0],
						"0.0417": [1.23, 0, 0.73],
						"0.0833": [-2.52, 0, -1.23],
						"0.125": [-2.41, 0, -0.4],
						"0.1667": [-1.59, 0, 0.53],
						"0.2083": [-0.61, 0.01, 0.02],
						"0.25": [0.28, 0, -0.57],
						"0.2917": [0.48, -0.06, -0.31],
						"0.3333": [0.49, -0.15, 0.2],
						"0.375": [0.43, -0.2, 0.53],
						"0.4167": [0.29, -0.18, 0.43],
						"0.4583": [0.08, -0.12, 0.16],
						"0.5": [-0.07, -0.07, -0.05],
						"0.5417": [-0.13, -0.04, -0.1],
						"0.5833": [-0.13, -0.02, -0.09],
						"0.625": [0, 0, 0]
					},
					"position": {
						"0.0": [0, 0, 0],
						"0.0417": [0, -0.02, 2.23],
						"0.0833": [0, -0.07, 2.08],
						"0.125": [0, -0.14, 0.96],
						"0.1667": [0, -0.17, -0.12],
						"0.2083": [0, -0.11, -0.14],
						"0.25": [0, -0.02, 0.1],
						"0.2917": [0, -0.01, 0],
						"0.3333": [0, 0, -0.13],
						"0.375": [0, 0, 0]
					}
				},
				"camera": {
					"rotation": {
						"0.0": {
							"post": [0, 0, 0],
							"lerp_mode": "catmullrom"
						},
						"0.0417": {
							"post": [0, 0, 0.85],
							"lerp_mode": "catmullrom"
						},
						"0.0833": {
							"post": [0, 0, -0.65],
							"lerp_mode": "catmullrom"
						},
						"0.125": {
							"post": [0, 0, 0.58],
							"lerp_mode": "catmullrom"
						},
						"0.1667": {
							"post": [0, 0, 0.33],
							"lerp_mode": "catmullrom"
						},
						"0.2083": {
							"post": [0, 0, -0.47],
							"lerp_mode": "catmullrom"
						},
						"0.25": {
							"post": [0, 0, 0],
							"lerp_mode": "catmullrom"
						},
						"0.2917": {
							"post": [0, 0, 0.1775],
							"lerp_mode": "catmullrom"
						},
						"0.3333": {
							"post": [0, 0, -0.1025],
							"lerp_mode": "catmullrom"
						},
						"0.375": {
							"post": [0, 0, 0],
							"lerp_mode": "catmullrom"
						}
					}
				},
				"trigger": {
					"position": {
						"0.0": [0, 0, 0],
						"0.0417": [0, -0.01207, 0.56237],
						"0.125": [0, 0, 0]
					}
				}
			}
		},
		"draw": {
			"animation_length": 0.6667,
			"bones": {
				"lefthand": {
					"rotation": [97.5062, -33.53405, -140.06529],
					"position": [7.18, -12.28, -25.06],
					"scale": [1, 1.5, 1]
				},
				"righthand": {
					"rotation": [104.63921, 12.31529, -176.94329],
					"position": [-6.44, -13.2, -0.23],
					"scale": [1, 1.5, 1]
				},
				"constraint": {
					"rotation": [0.2, 0.2, 0.2],
					"position": [0.2, 0.2, 0.2]
				},
				"root": {
					"rotation": {
						"0.0": {
							"post": [24.24619, -29.99022, 1.81432],
							"lerp_mode": "catmullrom"
						},
						"0.125": {
							"post": [15.8897, -21.88634, 4.9414],
							"lerp_mode": "catmullrom"
						},
						"0.2083": {
							"post": [9.86858, -15.26919, 6.51721],
							"lerp_mode": "catmullrom"
						},
						"0.2917": {
							"post": [6.7725, -13.0925, 0.99],
							"lerp_mode": "catmullrom"
						},
						"0.375": {
							"post": [5.24151, -5.93493, -4.66546],
							"lerp_mode": "catmullrom"
						},
						"0.5417": {
							"post": [-0.07992, -0.03757, -0.09525],
							"lerp_mode": "catmullrom"
						},
						"0.6667": {
							"post": [0, 0, 0],
							"lerp_mode": "catmullrom"
						}
					},
					"position": {
						"0.0": {
							"post": [5, -11, 0],
							"lerp_mode": "catmullrom"
						},
						"0.125": {
							"post": [3.13, -7.99, -0.25],
							"lerp_mode": "catmullrom"
						},
						"0.2083": {
							"post": [1.87, -5.53, -0.44],
							"lerp_mode": "catmullrom"
						},
						"0.2917": {
							"post": [-0.15, -3.26, 0],
							"lerp_mode": "catmullrom"
						},
						"0.375": {
							"post": [-0.08, -1.69, 0.77],
							"lerp_mode": "catmullrom"
						},
						"0.5": {
							"post": [0, 0, 0],
							"lerp_mode": "catmullrom"
						},
						"0.6667": {
							"post": [0, 0, 0],
							"lerp_mode": "catmullrom"
						}
					}
				}
			}
		}
	}
}