{
	"format_version": "1.8.0",
	"animations": {
		"static_idle": {
			"loop": true,
			"bones": {
				"lefthand": {
					"rotation": [96.96416, -26.09352, -138.97739],
					"position": [7.68, -10.03, -18.06],
					"scale": [1, 1.5, 1]
				},
				"righthand": {
					"rotation": [93.54848, 4.83931, -177.55034],
					"position": [-6.94, -11.58, -2.48],
					"scale": [1, 1.5, 1]
				},
				"constraint": {
					"rotation": [0.2, 0.2, 0.2],
					"position": [0.2, 0.2, 0.2]
				}
			}
		},
		"inspect": {
			"loop": true,
			"animation_length": 4.8333,
			"bones": {
				"lefthand": {
					"rotation": {
						"0.0": [96.96416, -26.09352, -138.97739],
						"0.25": [89.46518, -21.9387, -122.28072],
						"0.8333": [88.45937, -21.89341, -119.58638],
						"1.3333": [89.46518, -21.9387, -122.28072],
						"1.8333": [82.59158, -20.71494, -103.52854],
						"2.125": [89.46518, -21.9387, -122.28072],
						"3.625": [89.46518, -21.9387, -122.28072],
						"3.8333": [89.85306, -24.21724, -122.41359],
						"4.0417": [96.96416, -26.09352, -138.97739]
					},
					"position": {
						"0.0": [7.68, -10.03, -18.06],
						"0.25": [7.68, -9.78, -18.06],
						"1.3333": [7.68, -9.78, -18.06],
						"1.8333": [7.68, -9.78, -14.06],
						"3.625": [7.68, -9.78, -14.06],
						"4.0417": [7.68, -10.03, -18.06]
					},
					"scale": [1, 1.5, 1]
				},
				"righthand": {
					"rotation": {
						"0.0": [93.54848, 4.83931, -177.55034],
						"1.7083": {
							"pre": [93.55, 4.84, -177.55],
							"post": [93.55, 4.84, -177.55],
							"lerp_mode": "catmullrom"
						},
						"1.8333": {
							"post": [118.84641, 9.22646, -175.1314],
							"lerp_mode": "catmullrom"
						},
						"2.0417": {
							"post": [118.84641, 9.22646, -175.1314],
							"lerp_mode": "catmullrom"
						},
						"2.1667": {
							"post": [136.34641, 9.22646, -175.1314],
							"lerp_mode": "catmullrom"
						},
						"2.2917": {
							"post": [150.84641, 9.22646, -175.1314],
							"lerp_mode": "catmullrom"
						},
						"3.125": {
							"post": [150.84641, 9.22646, -175.1314],
							"lerp_mode": "catmullrom"
						},
						"3.25": {
							"post": [136.34641, 9.22646, -175.1314],
							"lerp_mode": "catmullrom"
						},
						"3.375": {
							"post": [118.84641, 9.22646, -175.1314],
							"lerp_mode": "catmullrom"
						},
						"3.5833": {
							"post": [118.84641, 9.22646, -175.1314],
							"lerp_mode": "catmullrom"
						},
						"3.7083": {
							"post": [93.55, 4.84, -177.55],
							"lerp_mode": "catmullrom"
						}
					},
					"position": {
						"0.0": [-6.94, -11.58, -2.48],
						"1.7083": {
							"pre": [-6.94, -11.58, -2.48],
							"post": [-6.94, -11.58, -2.48],
							"lerp_mode": "catmullrom"
						},
						"1.8333": {
							"post": [-8.19, -10.58, -2.98],
							"lerp_mode": "catmullrom"
						},
						"2.0417": {
							"post": [-8.19, -10.58, -2.98],
							"lerp_mode": "catmullrom"
						},
						"2.1667": {
							"post": [-8.19, -9.58, -2.98],
							"lerp_mode": "catmullrom"
						},
						"2.2917": {
							"post": [-8.19, -9.08, -0.98],
							"lerp_mode": "catmullrom"
						},
						"3.125": {
							"post": [-8.19, -9.08, -0.98],
							"lerp_mode": "catmullrom"
						},
						"3.25": {
							"post": [-8.19, -9.58, -2.98],
							"lerp_mode": "catmullrom"
						},
						"3.375": {
							"post": [-8.19, -10.58, -2.98],
							"lerp_mode": "catmullrom"
						},
						"3.5833": {
							"post": [-8.19, -10.58, -2.98],
							"lerp_mode": "catmullrom"
						},
						"3.7083": {
							"post": [-6.94, -11.58, -2.48],
							"lerp_mode": "catmullrom"
						}
					},
					"scale": [1, 1.5, 1]
				},
				"constraint": {
					"rotation": [0.2, 0.2, 0.2],
					"position": [0.2, 0.2, 0.2]
				},
				"root": {
					"rotation": {
						"0.0": {
							"post": [0, 0, 0],
							"lerp_mode": "catmullrom"
						},
						"0.3333": {
							"post": [0, -17.5, -22.5],
							"lerp_mode": "catmullrom"
						},
						"0.625": {
							"post": [0, -17.5, -22.5],
							"lerp_mode": "catmullrom"
						},
						"1.0": {
							"post": [1, -18.10269, -22.5],
							"lerp_mode": "catmullrom"
						},
						"1.3333": {
							"post": [0, -18.5, -22.5],
							"lerp_mode": "catmullrom"
						},
						"1.75": {
							"post": [-2.5918, 0.25738, 15.32709],
							"lerp_mode": "catmullrom"
						},
						"2.0417": {
							"post": [-7.42985, 12.21475, 39.37586],
							"lerp_mode": "catmullrom"
						},
						"2.2917": {
							"post": [-10.54473, 14.38062, 43.80248],
							"lerp_mode": "catmullrom"
						},
						"2.4583": {
							"post": [-10.13482, 14.50199, 44.07741],
							"lerp_mode": "catmullrom"
						},
						"2.8333": {
							"post": [-8.57788, 12.27031, 41.28646],
							"lerp_mode": "catmullrom"
						},
						"3.0833": {
							"post": [-7.42985, 12.21475, 39.37586],
							"lerp_mode": "catmullrom"
						},
						"3.375": {
							"post": [-6.46389, 9.64982, 43.0766],
							"lerp_mode": "catmullrom"
						},
						"3.75": {
							"post": [-4.8674, 9.73556, 39.70376],
							"lerp_mode": "catmullrom"
						},
						"4.125": {
							"post": [0, 0, -6],
							"lerp_mode": "catmullrom"
						},
						"4.7917": {
							"post": [0, 0, 0],
							"lerp_mode": "catmullrom"
						}
					},
					"position": {
						"0.0": {
							"post": [0, 0, 0],
							"lerp_mode": "catmullrom"
						},
						"0.1667": {
							"post": [0, 1.25, 0],
							"lerp_mode": "catmullrom"
						},
						"0.4583": {
							"post": [0, 1, 0],
							"lerp_mode": "catmullrom"
						},
						"0.75": {
							"post": [0, 0.815, 0],
							"lerp_mode": "catmullrom"
						},
						"1.1667": {
							"post": [0, 0.9375, 0],
							"lerp_mode": "catmullrom"
						},
						"1.5833": {
							"post": [0, 0.19, 0],
							"lerp_mode": "catmullrom"
						},
						"1.9583": {
							"post": [1, 0.9375, 0],
							"lerp_mode": "catmullrom"
						},
						"2.3333": {
							"post": [1.08, 0.87, 0.25],
							"lerp_mode": "catmullrom"
						},
						"2.5417": {
							"post": [1.0575, 0.815, 0],
							"lerp_mode": "catmullrom"
						},
						"2.75": {
							"post": [1.0925, 0.88, -0.02],
							"lerp_mode": "catmullrom"
						},
						"3.0": {
							"post": [1, 0.9375, 0],
							"lerp_mode": "catmullrom"
						},
						"3.3333": {
							"post": [1.06, 0.655, 0],
							"lerp_mode": "catmullrom"
						},
						"3.6667": {
							"post": [1, 0.6875, 0],
							"lerp_mode": "catmullrom"
						},
						"4.0": {
							"post": [0, -0.5, 0],
							"lerp_mode": "catmullrom"
						},
						"4.3333": {
							"post": [0, -0.25, 0],
							"lerp_mode": "catmullrom"
						},
						"4.6667": {
							"post": [0, 0, 0],
							"lerp_mode": "catmullrom"
						}
					}
				},
				"bolt": {
					"position": {
						"2.1667": {
							"pre": [0, 0, 0],
							"post": [0, 0, 0],
							"lerp_mode": "catmullrom"
						},
						"2.2917": {
							"post": [0, 0, 1.75],
							"lerp_mode": "catmullrom"
						},
						"2.4583": {
							"post": [0, 0, 1.75],
							"lerp_mode": "catmullrom"
						},
						"3.125": {
							"post": [0, 0, 1.75],
							"lerp_mode": "catmullrom"
						},
						"3.25": {
							"post": [0, 0, 0],
							"lerp_mode": "catmullrom"
						}
					}
				},
				"rotate": {
					"rotation": {
						"2.0417": [0, 0, 0],
						"2.1667": [0, 0, 45],
						"3.25": [0, 0, 45],
						"3.375": [0, 0, 0]
					}
				},
				"camera": {
					"rotation": {
						"0.0": {
							"post": [0, 0, 0],
							"lerp_mode": "catmullrom"
						},
						"0.375": {
							"post": [-0.8125, -1.75, -1],
							"lerp_mode": "catmullrom"
						},
						"0.75": {
							"post": [0.4375, 0, -1],
							"lerp_mode": "catmullrom"
						},
						"1.25": {
							"post": [0, 0, -1],
							"lerp_mode": "catmullrom"
						},
						"1.4583": {
							"post": [0.125, -0.125, 0],
							"lerp_mode": "catmullrom"
						},
						"1.6667": {
							"post": [0, 0.125, 0.5],
							"lerp_mode": "catmullrom"
						},
						"1.9583": {
							"post": [-0.375, 0, 1.75],
							"lerp_mode": "catmullrom"
						},
						"2.125": {
							"post": [-0.1, 0.63, 1.83],
							"lerp_mode": "catmullrom"
						},
						"2.2917": {
							"post": [0.1875, 1.25, 1],
							"lerp_mode": "catmullrom"
						},
						"2.4583": {
							"post": [-0.0625, 1.125, 2],
							"lerp_mode": "catmullrom"
						},
						"2.625": {
							"post": [-0.02, 0.37, 1.53],
							"lerp_mode": "catmullrom"
						},
						"2.75": {
							"post": [0, -0.125, 1.75],
							"lerp_mode": "catmullrom"
						},
						"3.125": {
							"post": [-0.3125, 0, 1.75],
							"lerp_mode": "catmullrom"
						},
						"3.25": {
							"post": [0.08, 0.09, 0.88],
							"lerp_mode": "catmullrom"
						},
						"3.3333": {
							"post": [0.3125, 0, 0.875],
							"lerp_mode": "catmullrom"
						},
						"3.4583": {
							"post": [0.27, -0.25, -0.81],
							"lerp_mode": "catmullrom"
						},
						"3.5833": {
							"post": [0.2, -0.55, -0.15],
							"lerp_mode": "catmullrom"
						},
						"3.875": {
							"post": [0, -1.1875, 0.25],
							"lerp_mode": "catmullrom"
						},
						"4.125": {
							"post": [0.02, -0.7, 0.98],
							"lerp_mode": "catmullrom"
						},
						"4.5": {
							"post": [0, 0, 0],
							"lerp_mode": "catmullrom"
						}
					}
				}
			},
			"sound_effects": {
				"0.0417": {
					"effect": "tacz:m700/m700_inspect_up"
				},
				"1.4583": {
					"effect": "tacz:m700/m700_inspect_rotate"
				},
				"1.875": {
					"effect": "tacz:m700/m700_bolt_in"
				},
				"3.125": {
					"effect": "tacz:m700/m700_bolt_out"
				},
				"3.75": {
					"effect": "tacz:m700/m700_inspect_end"
				}
			}
		},
		"inspect_empty": {
			"loop": true,
			"animation_length": 4.8333,
			"bones": {
				"lefthand": {
					"rotation": {
						"0.0": [96.96416, -26.09352, -138.97739],
						"0.25": [89.46518, -21.9387, -122.28072],
						"0.8333": [88.45937, -21.89341, -119.58638],
						"1.3333": [89.46518, -21.9387, -122.28072],
						"1.8333": [82.59158, -20.71494, -103.52854],
						"2.125": [89.46518, -21.9387, -122.28072],
						"3.625": [89.46518, -21.9387, -122.28072],
						"3.8333": [89.85306, -24.21724, -122.41359],
						"4.0417": [96.96416, -26.09352, -138.97739]
					},
					"position": {
						"0.0": [7.68, -10.03, -18.06],
						"0.25": [7.68, -9.78, -18.06],
						"1.3333": [7.68, -9.78, -18.06],
						"1.8333": [7.68, -9.78, -14.06],
						"3.625": [7.68, -9.78, -14.06],
						"4.0417": [7.68, -10.03, -18.06]
					},
					"scale": [1, 1.5, 1]
				},
				"righthand": {
					"rotation": {
						"0.0": [93.54848, 4.83931, -177.55034],
						"1.7083": {
							"pre": [93.55, 4.84, -177.55],
							"post": [93.55, 4.84, -177.55],
							"lerp_mode": "catmullrom"
						},
						"1.8333": {
							"post": [118.84641, 9.22646, -175.1314],
							"lerp_mode": "catmullrom"
						},
						"2.0417": {
							"post": [118.84641, 9.22646, -175.1314],
							"lerp_mode": "catmullrom"
						},
						"2.1667": {
							"post": [136.34641, 9.22646, -175.1314],
							"lerp_mode": "catmullrom"
						},
						"2.2917": {
							"post": [150.84641, 9.22646, -175.1314],
							"lerp_mode": "catmullrom"
						},
						"3.125": {
							"post": [150.84641, 9.22646, -175.1314],
							"lerp_mode": "catmullrom"
						},
						"3.25": {
							"post": [136.34641, 9.22646, -175.1314],
							"lerp_mode": "catmullrom"
						},
						"3.375": {
							"post": [118.84641, 9.22646, -175.1314],
							"lerp_mode": "catmullrom"
						},
						"3.5833": {
							"post": [118.84641, 9.22646, -175.1314],
							"lerp_mode": "catmullrom"
						},
						"3.7083": {
							"post": [93.55, 4.84, -177.55],
							"lerp_mode": "catmullrom"
						}
					},
					"position": {
						"0.0": [-6.94, -11.58, -2.48],
						"1.7083": {
							"pre": [-6.94, -11.58, -2.48],
							"post": [-6.94, -11.58, -2.48],
							"lerp_mode": "catmullrom"
						},
						"1.8333": {
							"post": [-8.19, -10.58, -2.98],
							"lerp_mode": "catmullrom"
						},
						"2.0417": {
							"post": [-8.19, -10.58, -2.98],
							"lerp_mode": "catmullrom"
						},
						"2.1667": {
							"post": [-8.19, -9.58, -2.98],
							"lerp_mode": "catmullrom"
						},
						"2.2917": {
							"post": [-8.19, -9.08, -0.98],
							"lerp_mode": "catmullrom"
						},
						"3.125": {
							"post": [-8.19, -9.08, -0.98],
							"lerp_mode": "catmullrom"
						},
						"3.25": {
							"post": [-8.19, -9.58, -2.98],
							"lerp_mode": "catmullrom"
						},
						"3.375": {
							"post": [-8.19, -10.58, -2.98],
							"lerp_mode": "catmullrom"
						},
						"3.5833": {
							"post": [-8.19, -10.58, -2.98],
							"lerp_mode": "catmullrom"
						},
						"3.7083": {
							"post": [-6.94, -11.58, -2.48],
							"lerp_mode": "catmullrom"
						}
					},
					"scale": [1, 1.5, 1]
				},
				"constraint": {
					"rotation": [0.2, 0.2, 0.2],
					"position": [0.2, 0.2, 0.2]
				},
				"root": {
					"rotation": {
						"0.0": {
							"post": [0, 0, 0],
							"lerp_mode": "catmullrom"
						},
						"0.3333": {
							"post": [0, -17.5, -22.5],
							"lerp_mode": "catmullrom"
						},
						"0.625": {
							"post": [0, -17.5, -22.5],
							"lerp_mode": "catmullrom"
						},
						"1.0": {
							"post": [1, -18.10269, -22.5],
							"lerp_mode": "catmullrom"
						},
						"1.3333": {
							"post": [0, -18.5, -22.5],
							"lerp_mode": "catmullrom"
						},
						"1.75": {
							"post": [-2.5918, 0.25738, 15.32709],
							"lerp_mode": "catmullrom"
						},
						"2.0417": {
							"post": [-7.42985, 12.21475, 39.37586],
							"lerp_mode": "catmullrom"
						},
						"2.2917": {
							"post": [-10.54473, 14.38062, 43.80248],
							"lerp_mode": "catmullrom"
						},
						"2.4583": {
							"post": [-10.13482, 14.50199, 44.07741],
							"lerp_mode": "catmullrom"
						},
						"2.8333": {
							"post": [-8.57788, 12.27031, 41.28646],
							"lerp_mode": "catmullrom"
						},
						"3.0833": {
							"post": [-7.42985, 12.21475, 39.37586],
							"lerp_mode": "catmullrom"
						},
						"3.375": {
							"post": [-6.46389, 9.64982, 43.0766],
							"lerp_mode": "catmullrom"
						},
						"3.75": {
							"post": [-4.8674, 9.73556, 39.70376],
							"lerp_mode": "catmullrom"
						},
						"4.125": {
							"post": [0, 0, -6],
							"lerp_mode": "catmullrom"
						},
						"4.7917": {
							"post": [0, 0, 0],
							"lerp_mode": "catmullrom"
						}
					},
					"position": {
						"0.0": {
							"post": [0, 0, 0],
							"lerp_mode": "catmullrom"
						},
						"0.1667": {
							"post": [0, 1.25, 0],
							"lerp_mode": "catmullrom"
						},
						"0.4583": {
							"post": [0, 1, 0],
							"lerp_mode": "catmullrom"
						},
						"0.75": {
							"post": [0, 0.815, 0],
							"lerp_mode": "catmullrom"
						},
						"1.1667": {
							"post": [0, 0.9375, 0],
							"lerp_mode": "catmullrom"
						},
						"1.5833": {
							"post": [0, 0.19, 0],
							"lerp_mode": "catmullrom"
						},
						"1.9583": {
							"post": [1, 0.9375, 0],
							"lerp_mode": "catmullrom"
						},
						"2.3333": {
							"post": [1.08, 0.87, 0.25],
							"lerp_mode": "catmullrom"
						},
						"2.5417": {
							"post": [1.0575, 0.815, 0],
							"lerp_mode": "catmullrom"
						},
						"2.75": {
							"post": [1.0925, 0.88, -0.02],
							"lerp_mode": "catmullrom"
						},
						"3.0": {
							"post": [1, 0.9375, 0],
							"lerp_mode": "catmullrom"
						},
						"3.3333": {
							"post": [1.06, 0.655, 0],
							"lerp_mode": "catmullrom"
						},
						"3.6667": {
							"post": [1, 0.6875, 0],
							"lerp_mode": "catmullrom"
						},
						"4.0": {
							"post": [0, -0.5, 0],
							"lerp_mode": "catmullrom"
						},
						"4.3333": {
							"post": [0, -0.25, 0],
							"lerp_mode": "catmullrom"
						},
						"4.6667": {
							"post": [0, 0, 0],
							"lerp_mode": "catmullrom"
						}
					}
				},
				"bolt": {
					"position": {
						"2.1667": {
							"pre": [0, 0, 0],
							"post": [0, 0, 0],
							"lerp_mode": "catmullrom"
						},
						"2.2917": {
							"post": [0, 0, 1.75],
							"lerp_mode": "catmullrom"
						},
						"2.4583": {
							"post": [0, 0, 1.75],
							"lerp_mode": "catmullrom"
						},
						"3.125": {
							"post": [0, 0, 1.75],
							"lerp_mode": "catmullrom"
						},
						"3.25": {
							"post": [0, 0, 0],
							"lerp_mode": "catmullrom"
						}
					}
				},
				"rotate": {
					"rotation": {
						"2.0417": [0, 0, 0],
						"2.1667": [0, 0, 45],
						"3.25": [0, 0, 45],
						"3.375": [0, 0, 0]
					}
				},
				"camera": {
					"rotation": {
						"0.0": {
							"post": [0, 0, 0],
							"lerp_mode": "catmullrom"
						},
						"0.375": {
							"post": [-0.8125, -1.75, -1],
							"lerp_mode": "catmullrom"
						},
						"0.75": {
							"post": [0.4375, 0, -1],
							"lerp_mode": "catmullrom"
						},
						"1.25": {
							"post": [0, 0, -1],
							"lerp_mode": "catmullrom"
						},
						"1.4583": {
							"post": [0.125, -0.125, 0],
							"lerp_mode": "catmullrom"
						},
						"1.6667": {
							"post": [0, 0.125, 0.5],
							"lerp_mode": "catmullrom"
						},
						"1.9583": {
							"post": [-0.375, 0, 1.75],
							"lerp_mode": "catmullrom"
						},
						"2.125": {
							"post": [-0.1, 0.63, 1.83],
							"lerp_mode": "catmullrom"
						},
						"2.2917": {
							"post": [0.1875, 1.25, 1],
							"lerp_mode": "catmullrom"
						},
						"2.4583": {
							"post": [-0.0625, 1.125, 2],
							"lerp_mode": "catmullrom"
						},
						"2.625": {
							"post": [-0.02, 0.37, 1.53],
							"lerp_mode": "catmullrom"
						},
						"2.75": {
							"post": [0, -0.125, 1.75],
							"lerp_mode": "catmullrom"
						},
						"3.125": {
							"post": [-0.3125, 0, 1.75],
							"lerp_mode": "catmullrom"
						},
						"3.25": {
							"post": [0.08, 0.09, 0.88],
							"lerp_mode": "catmullrom"
						},
						"3.3333": {
							"post": [0.3125, 0, 0.875],
							"lerp_mode": "catmullrom"
						},
						"3.4583": {
							"post": [0.27, -0.25, -0.81],
							"lerp_mode": "catmullrom"
						},
						"3.5833": {
							"post": [0.2, -0.55, -0.15],
							"lerp_mode": "catmullrom"
						},
						"3.875": {
							"post": [0, -1.1875, 0.25],
							"lerp_mode": "catmullrom"
						},
						"4.125": {
							"post": [0.02, -0.7, 0.98],
							"lerp_mode": "catmullrom"
						},
						"4.5": {
							"post": [0, 0, 0],
							"lerp_mode": "catmullrom"
						}
					}
				}
			},
			"sound_effects": {
				"0.0417": {
					"effect": "tacz:m700/m700_inspect_up"
				},
				"1.4583": {
					"effect": "tacz:m700/m700_inspect_rotate"
				},
				"1.875": {
					"effect": "tacz:m700/m700_bolt_in"
				},
				"3.125": {
					"effect": "tacz:m700/m700_bolt_out"
				},
				"3.75": {
					"effect": "tacz:m700/m700_inspect_end"
				}
			}
		},
		"reload_tactical": {
			"animation_length": 2.125,
			"bones": {
				"lefthand": {
					"rotation": {
						"0.0": [96.96416, -26.09352, -138.97739],
						"0.125": {
							"pre": [92.99698, -29.0761, -128.58105],
							"post": [92.99698, -29.0761, -128.58105],
							"lerp_mode": "catmullrom"
						},
						"0.2083": {
							"post": [93.24541, -26.76215, -130.63395],
							"lerp_mode": "catmullrom"
						},
						"0.3333": [116.50957, -5.00226, -203.54075],
						"0.4167": [116.51, -5, -203.54],
						"0.5": [111.50152, -1.61902, -210.24348],
						"0.6667": [116.48455, 5.14295, -223.65045],
						"0.9167": [113.5225, -13.53155, -185.19142],
						"1.1667": [113.78525, -15.82158, -186.22821],
						"1.25": [113.5225, -13.53155, -185.19142],
						"1.3333": [115.37238, -9.3837, -194.47831],
						"1.4167": [115.72341, -8.30539, -196.76099],
						"1.5": [106.93585, -12.80914, -170.90666],
						"1.625": {
							"pre": [93.24541, -26.76215, -130.63395],
							"post": [93.24541, -26.76215, -130.63395],
							"lerp_mode": "catmullrom"
						},
						"1.75": [95.02514, -29.50528, -134.15289],
						"1.8333": [96.96416, -26.09352, -138.97739]
					},
					"position": {
						"0.0": [7.68, -10.03, -18.06],
						"0.0833": [8.55, -11.28, -14.43],
						"0.2083": {
							"pre": [9.68, -12.03, -8.31],
							"post": [9.68, -12.03, -8.31],
							"lerp_mode": "catmullrom"
						},
						"0.3333": [7.18, -12.03, -7.56],
						"0.9167": [7.18, -11.4675, -7.56],
						"1.1667": [7.305, -11.47, -7.56],
						"1.25": [7.18, -11.4675, -7.56],
						"1.4167": [7.18, -11.4675, -7.56],
						"1.5417": {
							"pre": [8.665, -12.0225, -7.33],
							"post": [8.665, -12.0225, -7.33],
							"lerp_mode": "catmullrom"
						},
						"1.625": {
							"post": [9.18, -12.03, -8.31],
							"lerp_mode": "catmullrom"
						},
						"1.75": [8.27, -10.78, -14.1275],
						"1.8333": [7.68, -10.03, -18.06]
					},
					"scale": {
						"0.0": {
							"post": [1, 1.5, 1],
							"lerp_mode": "catmullrom"
						}
					}
				},
				"righthand": {
					"rotation": {
						"0.0": [93.54848, 4.83931, -177.55034],
						"0.2083": [93.54848, 4.83931, -177.55034],
						"0.3333": [101.04848, 4.83931, -177.55034],
						"1.4167": [101.04848, 4.83931, -177.55034],
						"1.5833": [93.54848, 4.83931, -177.55034]
					},
					"position": {
						"0.0": [-6.94, -11.58, -2.48],
						"0.2083": [-6.94, -11.58, -2.48],
						"1.5833": [-6.94, -11.58, -2.48]
					},
					"scale": [1, 1.5, 1]
				},
				"constraint": {
					"rotation": [0.2, 0.2, 0.2],
					"position": [0.2, 0.2, 0.2]
				},
				"root": {
					"rotation": {
						"0.0": {
							"post": [0, 0, 0],
							"lerp_mode": "catmullrom"
						},
						"0.2083": {
							"post": [-12.81345, -3.73171, -17.10967],
							"lerp_mode": "catmullrom"
						},
						"0.3333": {
							"post": [-13.44, -2.605, -17.11],
							"lerp_mode": "catmullrom"
						},
						"0.4583": {
							"post": [-10.6275, -3.73, -16.2975],
							"lerp_mode": "catmullrom"
						},
						"0.5833": {
							"post": [-11.44, -4.4175, -18.86],
							"lerp_mode": "catmullrom"
						},
						"0.7083": {
							"post": [-9.4773, -4.49158, -19.20555],
							"lerp_mode": "catmullrom"
						},
						"0.8333": {
							"post": [-9.44, -4.4175, -18.86],
							"lerp_mode": "catmullrom"
						},
						"0.9167": {
							"post": [-9.61413, -2.99066, -16.41059],
							"lerp_mode": "catmullrom"
						},
						"1.0": {
							"post": [-9.65568, -3.91978, -15.89372],
							"lerp_mode": "catmullrom"
						},
						"1.0833": {
							"post": [-9.22569, -4.1119, -16.59989],
							"lerp_mode": "catmullrom"
						},
						"1.2083": {
							"post": [-9.51477, -4.25284, -17.87082],
							"lerp_mode": "catmullrom"
						},
						"1.3333": {
							"post": [-7.01477, -4.25284, -17.87082],
							"lerp_mode": "catmullrom"
						},
						"1.4583": {
							"post": [-6.01477, -4.25284, -17.87082],
							"lerp_mode": "catmullrom"
						},
						"1.625": {
							"post": [-6.76477, -4.25284, -17.87082],
							"lerp_mode": "catmullrom"
						},
						"1.75": {
							"post": [-4.01328, -0.69415, -3.72642],
							"lerp_mode": "catmullrom"
						},
						"1.8333": {
							"post": [-2, 1, 0],
							"lerp_mode": "catmullrom"
						},
						"1.9167": {
							"post": [0.89696, 0.74598, 0.2683],
							"lerp_mode": "catmullrom"
						},
						"2.0417": {
							"post": [0, 0, 0],
							"lerp_mode": "catmullrom"
						}
					},
					"position": {
						"0.0": {
							"post": [0, 0, 0],
							"lerp_mode": "catmullrom"
						},
						"0.2083": {
							"post": [-1, 2, -1],
							"lerp_mode": "catmullrom"
						},
						"0.375": {
							"post": [-0.8125, 1.5, -0.75],
							"lerp_mode": "catmullrom"
						},
						"0.4583": {
							"post": [-0.89, 1.4025, -0.86],
							"lerp_mode": "catmullrom"
						},
						"0.5417": {
							"post": [-1, 1.75, -1],
							"lerp_mode": "catmullrom"
						},
						"0.6667": {
							"post": [-1, 1.875, -1],
							"lerp_mode": "catmullrom"
						},
						"0.7917": {
							"post": [-0.9375, 1.75, -1],
							"lerp_mode": "catmullrom"
						},
						"0.875": {
							"post": [-0.92875, 1.65, -1],
							"lerp_mode": "catmullrom"
						},
						"0.9583": {
							"post": [-1, 1.5675, -1],
							"lerp_mode": "catmullrom"
						},
						"1.0417": {
							"post": [-1.01, 1.5375, -1],
							"lerp_mode": "catmullrom"
						},
						"1.1667": {
							"post": [-1, 1.6325, -1],
							"lerp_mode": "catmullrom"
						},
						"1.375": {
							"post": [-1, 1.38, -1],
							"lerp_mode": "catmullrom"
						},
						"1.5417": [-1, 1.505, -1],
						"1.625": [-1, 1.505, -1],
						"1.7083": {
							"pre": [-0.5575, 0.7525, -0.62],
							"post": [-0.5575, 0.7525, -0.62],
							"lerp_mode": "catmullrom"
						},
						"1.8333": {
							"post": [0, 0, 0],
							"lerp_mode": "catmullrom"
						},
						"1.9583": {
							"post": [0.06125, -0.05562, 0.03],
							"lerp_mode": "catmullrom"
						},
						"2.0417": {
							"post": [0, 0, 0],
							"lerp_mode": "catmullrom"
						}
					}
				},
				"mag_and_lefthand": {
					"rotation": {
						"0.4167": [0, 0, 0],
						"0.6667": [-72.5, 0, 0],
						"0.875": [-72.5, 0, 0],
						"0.9167": [-51.79505, -25.01686, -25.31665],
						"1.2083": [-11.73577, -0.0584, -3.69484],
						"1.2917": [-11.73577, -0.0584, -3.69484],
						"1.3333": [0, 0, 0]
					},
					"position": {
						"0.4167": [0, 0, 0],
						"0.5417": [0, -11, 0],
						"0.6667": {
							"pre": [0, -30, -15],
							"post": [0, -30, -15],
							"lerp_mode": "catmullrom"
						},
						"0.875": [0, -30, -15],
						"0.9167": [18, -27, -9],
						"1.0833": [4.67, -12.67, -2.25],
						"1.2083": [0.3575, -1.67, -0.9],
						"1.2917": [0.3575, -1.67, -0.9],
						"1.3333": [0, 0, 0]
					}
				},
				"mag_release": {
					"position": {
						"0.375": [0, 0, 0],
						"0.4167": [0.0625, 0, 0],
						"0.5833": [0, 0, 0],
						"1.1667": [0, 0, 0],
						"1.2083": [0.0625, 0, 0],
						"1.2917": [0, 0, 0]
					}
				},
				"camera": {
					"rotation": {
						"0.0": {
							"post": [0, 0, 0],
							"lerp_mode": "catmullrom"
						},
						"0.1667": {
							"post": [0.8125, 0.3125, -1.125],
							"lerp_mode": "catmullrom"
						},
						"0.2917": {
							"post": [-0.3125, -0.0625, 0.5],
							"lerp_mode": "catmullrom"
						},
						"0.4583": {
							"post": [-0.1875, 0.125, 0],
							"lerp_mode": "catmullrom"
						},
						"0.5833": {
							"post": [0, -0.0625, 0.75],
							"lerp_mode": "catmullrom"
						},
						"0.75": {
							"post": [0.5625, 0, -0.25],
							"lerp_mode": "catmullrom"
						},
						"0.9583": {
							"post": [-0.125, 0.0625, 0.375],
							"lerp_mode": "catmullrom"
						},
						"1.2083": {
							"post": [0, -0.0625, 0],
							"lerp_mode": "catmullrom"
						},
						"1.4167": {
							"post": [-0.875, 0, 0.6875],
							"lerp_mode": "catmullrom"
						},
						"1.5833": {
							"post": [0.25, 0.25, -0.4375],
							"lerp_mode": "catmullrom"
						},
						"1.75": {
							"post": [-0.25, -0.0625, 0.1875],
							"lerp_mode": "catmullrom"
						},
						"1.9167": {
							"post": [0.0625, 0.0625, -0.0625],
							"lerp_mode": "catmullrom"
						},
						"2.0833": {
							"post": [0, 0, 0],
							"lerp_mode": "catmullrom"
						}
					}
				}
			},
			"sound_effects": {
				"0.0417": {
					"effect": "tacz:m700/m700_reload_raise"
				},
				"0.4167": {
					"effect": "tacz:m700/m700_reload_magout"
				},
				"1.1667": {
					"effect": "tacz:m700/m700_reload_magin"
				},
				"1.6667": {
					"effect": "tacz:m700/m700_reload_end"
				}
			}
		},
		"reload_empty": {
			"animation_length": 3.625,
			"bones": {
				"lefthand": {
					"rotation": {
						"0.0": [96.96416, -26.09352, -138.97739],
						"0.125": {
							"pre": [92.99698, -29.0761, -128.58105],
							"post": [92.99698, -29.0761, -128.58105],
							"lerp_mode": "catmullrom"
						},
						"0.2083": {
							"post": [93.24541, -26.76215, -130.63395],
							"lerp_mode": "catmullrom"
						},
						"0.9167": [113.5225, -13.53155, -185.19142],
						"1.1667": [113.78525, -15.82158, -186.22821],
						"1.25": [113.5225, -13.53155, -185.19142],
						"1.3333": [115.37238, -9.3837, -194.47831],
						"1.4167": [115.72341, -8.30539, -196.76099],
						"1.5": [106.93585, -12.80914, -170.90666],
						"1.625": {
							"pre": [93.24541, -26.76215, -130.63395],
							"post": [93.24541, -26.76215, -130.63395],
							"lerp_mode": "catmullrom"
						},
						"1.75": [95.02514, -29.50528, -134.15289],
						"1.8333": [96.96416, -26.09352, -138.97739],
						"2.0833": [96.96416, -26.09352, -138.97739],
						"2.2083": [104.83489, -22.75159, -157.86254],
						"2.4583": [105.83489, -22.75159, -157.86254],
						"2.7083": [102.1591, -23.41554, -154.68221],
						"3.0417": [104.83489, -22.75159, -157.86254],
						"3.1667": [96.96416, -26.09352, -138.97739]
					},
					"position": {
						"0.0": [7.68, -10.03, -18.06],
						"0.0833": [8.55, -18.28, -13.43],
						"0.2083": {
							"pre": [9.68, -26.53, -5.31],
							"post": [9.68, -26.53, -5.31],
							"lerp_mode": "catmullrom"
						},
						"0.9167": [7.18, -11.4675, -7.56],
						"1.1667": [7.305, -11.47, -7.56],
						"1.25": [7.18, -11.4675, -7.56],
						"1.4167": [7.18, -11.4675, -7.56],
						"1.5417": {
							"pre": [8.665, -12.0225, -7.33],
							"post": [8.665, -12.0225, -7.33],
							"lerp_mode": "catmullrom"
						},
						"1.625": {
							"post": [9.18, -12.03, -8.31],
							"lerp_mode": "catmullrom"
						},
						"1.75": [8.27, -10.78, -14.1275],
						"1.8333": [7.68, -10.03, -18.06],
						"2.0833": [7.68, -10.03, -18.06],
						"2.2083": [7.67749, -9.53001, -18.05919],
						"3.0417": [7.67749, -9.53001, -18.05919],
						"3.1667": [7.68, -10.03, -18.06]
					},
					"scale": {
						"0.0": {
							"post": [1, 1.5, 1],
							"lerp_mode": "catmullrom"
						},
						"2.0833": [1, 1.5, 1]
					}
				},
				"righthand": {
					"rotation": {
						"0.0": [93.54848, 4.83931, -177.55034],
						"0.2083": [93.54848, 4.83931, -177.55034],
						"0.3333": [101.04848, 4.83931, -177.55034],
						"1.4167": [101.04848, 4.83931, -177.55034],
						"1.5833": [93.54848, 4.83931, -177.55034],
						"2.0833": {
							"pre": [93.54848, 4.83931, -177.55034],
							"post": [93.54848, 4.83931, -177.55034],
							"lerp_mode": "catmullrom"
						},
						"2.2083": {
							"post": [100.59196, -0.05616, -146.96711],
							"lerp_mode": "catmullrom"
						},
						"2.3333": {
							"post": [100.35834, 2.22521, -150.13519],
							"lerp_mode": "catmullrom"
						},
						"2.4167": {
							"post": [100.35834, 2.22521, -150.13519],
							"lerp_mode": "catmullrom"
						},
						"2.4583": {
							"post": [104.14911, 5.23075, -149.69899],
							"lerp_mode": "catmullrom"
						},
						"2.5": {
							"post": [107.85834, 2.22521, -150.13519],
							"lerp_mode": "catmullrom"
						},
						"2.5417": {
							"post": [98.96315, 1.26775, -147.78302],
							"lerp_mode": "catmullrom"
						},
						"2.5833": {
							"post": [107.9793, 0.68598, -145.37633],
							"lerp_mode": "catmullrom"
						},
						"2.625": {
							"post": [165.35531, 0.64962, -145.22591],
							"lerp_mode": "catmullrom"
						},
						"2.6667": {
							"post": [222.9793, 0.68598, -145.37633],
							"lerp_mode": "catmullrom"
						},
						"2.7083": {
							"post": [224.01558, 2.77404, -147.54263],
							"lerp_mode": "catmullrom"
						},
						"2.75": {
							"post": [217.9793, 0.68598, -145.37633],
							"lerp_mode": "catmullrom"
						},
						"2.8333": {
							"post": [221.0757, -2.45941, -147.8699],
							"lerp_mode": "catmullrom"
						},
						"2.9167": {
							"post": [217.98, 0.69, -145.38],
							"lerp_mode": "catmullrom"
						},
						"3.0417": {
							"post": [163.105, 0.69, -145.38],
							"lerp_mode": "catmullrom"
						},
						"3.0833": {
							"post": [151.71217, -0.25148, -146.83759],
							"lerp_mode": "catmullrom"
						},
						"3.125": {
							"post": [145.605, 0.69, -145.38],
							"lerp_mode": "catmullrom"
						},
						"3.1667": {
							"post": [146.76474, 7.35137, -135.04427],
							"lerp_mode": "catmullrom"
						},
						"3.2083": {
							"post": [149.01535, 15.75369, -122.05862],
							"lerp_mode": "catmullrom"
						},
						"3.25": {
							"post": [152.50574, 16.42443, -118.47569],
							"lerp_mode": "catmullrom"
						},
						"3.2917": {
							"post": [147.91682, 13.13734, -126.45909],
							"lerp_mode": "catmullrom"
						},
						"3.3333": {
							"post": [131.9033, 17.46258, -136.75353],
							"lerp_mode": "catmullrom"
						},
						"3.375": {
							"post": [121.31061, 15.18561, -148.00501],
							"lerp_mode": "catmullrom"
						},
						"3.4583": {
							"post": [93.54848, 4.83931, -177.55034],
							"lerp_mode": "catmullrom"
						}
					},
					"position": {
						"0.0": [-6.94, -11.58, -2.48],
						"0.2083": [-6.94, -11.58, -2.48],
						"1.5833": [-6.94, -11.58, -2.48],
						"2.0833": {
							"pre": [-6.94, -11.58, -2.48],
							"post": [-6.94, -11.58, -2.48],
							"lerp_mode": "catmullrom"
						},
						"2.1667": {
							"post": [-8.75083, -10.73793, -2.58868],
							"lerp_mode": "catmullrom"
						},
						"2.2917": {
							"post": [-8.54272, -10.87962, -2.58361],
							"lerp_mode": "catmullrom"
						},
						"2.4167": {
							"post": [-8.54272, -10.87962, -2.58361],
							"lerp_mode": "catmullrom"
						},
						"2.5": {
							"post": [-9.27182, -9.04567, -2.98322],
							"lerp_mode": "catmullrom"
						},
						"2.5833": {
							"post": [-9.27, -9.425, -2.98],
							"lerp_mode": "catmullrom"
						},
						"2.6667": {
							"post": [-9.27, -8.68, 0.27],
							"lerp_mode": "catmullrom"
						},
						"2.75": {
							"post": [-9.27, -8.68, 0.02],
							"lerp_mode": "catmullrom"
						},
						"2.9167": {
							"post": [-9.27, -8.68, 0.02],
							"lerp_mode": "catmullrom"
						},
						"3.0417": {
							"post": [-9.27, -8.68, -2.98],
							"lerp_mode": "catmullrom"
						},
						"3.125": {
							"post": [-9.27, -8.68, -2.98],
							"lerp_mode": "catmullrom"
						},
						"3.2083": {
							"post": [-8.02, -9.93, -2.98],
							"lerp_mode": "catmullrom"
						},
						"3.2917": {
							"post": [-8.02, -9.68, -2.98],
							"lerp_mode": "catmullrom"
						},
						"3.375": {
							"post": [-8.26, -11.01, -2.63],
							"lerp_mode": "catmullrom"
						},
						"3.4583": {
							"post": [-6.94, -11.58, -2.48],
							"lerp_mode": "catmullrom"
						}
					},
					"scale": {
						"0.0": [1, 1.5, 1],
						"2.0833": [1, 1.5, 1]
					}
				},
				"constraint": {
					"rotation": {
						"0.0": [0.2, 0.2, 0.2],
						"2.0833": [0.2, 0.2, 0.2]
					},
					"position": {
						"0.0": [0.2, 0.2, 0.2],
						"2.0833": [0.2, 0.2, 0.2]
					}
				},
				"root": {
					"rotation": {
						"0.0": {
							"post": [0, 0, 0],
							"lerp_mode": "catmullrom"
						},
						"0.2083": {
							"post": [-12.81345, -3.73171, -17.10967],
							"lerp_mode": "catmullrom"
						},
						"0.3333": {
							"post": [-13.44, -2.605, -17.11],
							"lerp_mode": "catmullrom"
						},
						"0.4583": {
							"post": [-10.6275, -3.73, -16.2975],
							"lerp_mode": "catmullrom"
						},
						"0.5833": {
							"post": [-11.44, -4.4175, -18.86],
							"lerp_mode": "catmullrom"
						},
						"0.7083": {
							"post": [-9.4773, -4.49158, -19.20555],
							"lerp_mode": "catmullrom"
						},
						"0.8333": {
							"post": [-9.44, -4.4175, -18.86],
							"lerp_mode": "catmullrom"
						},
						"0.9167": {
							"post": [-9.61413, -2.99066, -16.41059],
							"lerp_mode": "catmullrom"
						},
						"1.0": {
							"post": [-9.65568, -3.91978, -15.89372],
							"lerp_mode": "catmullrom"
						},
						"1.0833": {
							"post": [-9.22569, -4.1119, -16.59989],
							"lerp_mode": "catmullrom"
						},
						"1.2083": {
							"post": [-9.51477, -4.25284, -17.87082],
							"lerp_mode": "catmullrom"
						},
						"1.3333": {
							"post": [-7.01477, -4.25284, -17.87082],
							"lerp_mode": "catmullrom"
						},
						"1.4583": {
							"post": [-6.01477, -4.25284, -17.87082],
							"lerp_mode": "catmullrom"
						},
						"1.625": {
							"post": [-6.76477, -4.25284, -17.87082],
							"lerp_mode": "catmullrom"
						},
						"1.75": {
							"post": [-4.01328, -0.69415, -3.72642],
							"lerp_mode": "catmullrom"
						},
						"1.8333": {
							"post": [-2, 1, 0],
							"lerp_mode": "catmullrom"
						},
						"1.9167": {
							"post": [0.89696, 0.74598, 0.2683],
							"lerp_mode": "catmullrom"
						},
						"2.0417": {
							"post": [0, 0, 0],
							"lerp_mode": "catmullrom"
						},
						"2.0833": {
							"post": [0, 0, 0],
							"lerp_mode": "catmullrom"
						},
						"2.25": {
							"post": [0.10393, -0.60722, 0.12844],
							"lerp_mode": "catmullrom"
						},
						"2.375": {
							"post": [0, -0.8125, -2.5],
							"lerp_mode": "catmullrom"
						},
						"2.4583": {
							"post": [-1.14184, 0.13523, 6.64842],
							"lerp_mode": "catmullrom"
						},
						"2.5417": {
							"post": [-1.9375, 0.9375, 17.5],
							"lerp_mode": "catmullrom"
						},
						"2.625": {
							"post": [-0.63476, 0.07491, 13.83459],
							"lerp_mode": "catmullrom"
						},
						"2.7083": {
							"post": [0.6875, -0.75, 12.5],
							"lerp_mode": "catmullrom"
						},
						"2.8333": {
							"post": [1.50822, -0.56762, 11.42813],
							"lerp_mode": "catmullrom"
						},
						"3.0417": {
							"post": [0, 0, 10],
							"lerp_mode": "catmullrom"
						},
						"3.0833": {
							"post": [1.16837, 0.1601, 10.97986],
							"lerp_mode": "catmullrom"
						},
						"3.1667": {
							"post": [0.875, 0.375, 12.5],
							"lerp_mode": "catmullrom"
						},
						"3.25": {
							"post": [0.58951, 0.31674, 7.13802],
							"lerp_mode": "catmullrom"
						},
						"3.3333": {
							"post": [0.3125, 0.1875, 3.1875],
							"lerp_mode": "catmullrom"
						},
						"3.4583": {
							"post": [0, 0, 0],
							"lerp_mode": "catmullrom"
						}
					},
					"position": {
						"0.0": {
							"post": [0, 0, 0],
							"lerp_mode": "catmullrom"
						},
						"0.2083": {
							"post": [-1, 2, -1],
							"lerp_mode": "catmullrom"
						},
						"0.375": {
							"post": [-0.8125, 1.5, -0.75],
							"lerp_mode": "catmullrom"
						},
						"0.4583": {
							"post": [-0.89, 1.4025, -0.86],
							"lerp_mode": "catmullrom"
						},
						"0.5417": {
							"post": [-1, 1.75, -1],
							"lerp_mode": "catmullrom"
						},
						"0.6667": {
							"post": [-1, 1.875, -1],
							"lerp_mode": "catmullrom"
						},
						"0.7917": {
							"post": [-0.9375, 1.75, -1],
							"lerp_mode": "catmullrom"
						},
						"0.875": {
							"post": [-0.92875, 1.65, -1],
							"lerp_mode": "catmullrom"
						},
						"0.9583": {
							"post": [-1, 1.5675, -1],
							"lerp_mode": "catmullrom"
						},
						"1.0417": {
							"post": [-1.01, 1.5375, -1],
							"lerp_mode": "catmullrom"
						},
						"1.1667": {
							"post": [-1, 1.6325, -1],
							"lerp_mode": "catmullrom"
						},
						"1.375": {
							"post": [-1, 1.38, -1],
							"lerp_mode": "catmullrom"
						},
						"1.5417": [-1, 1.505, -1],
						"1.625": [-1, 1.505, -1],
						"1.7083": {
							"pre": [-0.5575, 0.7525, -0.62],
							"post": [-0.5575, 0.7525, -0.62],
							"lerp_mode": "catmullrom"
						},
						"1.8333": {
							"post": [0, 0, 0],
							"lerp_mode": "catmullrom"
						},
						"1.9583": {
							"post": [0.06125, -0.05562, 0.03],
							"lerp_mode": "catmullrom"
						},
						"2.0417": {
							"post": [0, 0, 0],
							"lerp_mode": "catmullrom"
						},
						"2.0833": {
							"post": [0, 0, 0],
							"lerp_mode": "catmullrom"
						},
						"2.1667": {
							"post": [-0.0175, 0.08, 0.1125],
							"lerp_mode": "catmullrom"
						},
						"2.25": {
							"post": [-0.125, 0.125, 0.0625],
							"lerp_mode": "catmullrom"
						},
						"2.375": {
							"post": [-0.1025, 0.02, -0.08],
							"lerp_mode": "catmullrom"
						},
						"2.5": {
							"post": [0.05, 0.005, -0.25],
							"lerp_mode": "catmullrom"
						},
						"2.5833": {
							"post": [0.125, -0.1825, -0.25],
							"lerp_mode": "catmullrom"
						},
						"2.7083": {
							"post": [-0.0625, -0.1175, 0.5],
							"lerp_mode": "catmullrom"
						},
						"2.7917": {
							"post": [-0.06, -0.1125, 0.36],
							"lerp_mode": "catmullrom"
						},
						"2.9167": {
							"post": [0, 0.005, 0],
							"lerp_mode": "catmullrom"
						},
						"3.0417": {
							"post": [0.1225, -0.0875, 0.0575],
							"lerp_mode": "catmullrom"
						},
						"3.125": {
							"post": [0.0625, -0.24, 0.1875],
							"lerp_mode": "catmullrom"
						},
						"3.25": {
							"post": [-0.1875, -0.11, -0.07812],
							"lerp_mode": "catmullrom"
						},
						"3.3333": {
							"post": [-0.1725, 0.0525, -0.01],
							"lerp_mode": "catmullrom"
						},
						"3.4167": {
							"post": [0, 0.06188, 0.07813],
							"lerp_mode": "catmullrom"
						},
						"3.5417": {
							"post": [0, 0, 0],
							"lerp_mode": "catmullrom"
						}
					}
				},
				"mag_and_lefthand": {
					"rotation": {
						"0.4167": [0, 0, 0],
						"0.6667": [-72.5, 0, 0],
						"0.875": [-72.5, 0, 0],
						"0.9167": {
							"pre": [-72.5, 0, 0],
							"post": [-51.79505, -25.01686, -25.31665]
						},
						"1.2083": [-11.73577, -0.0584, -3.69484],
						"1.2917": [-11.73577, -0.0584, -3.69484],
						"1.3333": [0, 0, 0]
					},
					"position": {
						"0.4167": [0, 0, 0],
						"0.5833": [0, -11, 0],
						"0.6667": {
							"pre": [0, -30, -15],
							"post": [0, -30, -15],
							"lerp_mode": "catmullrom"
						},
						"0.875": [0, -30, -15],
						"0.9167": {
							"pre": [0, -30, -15],
							"post": [18, -27, -9]
						},
						"1.0833": [4.67, -12.67, -2.25],
						"1.2083": [0.3575, -1.67, -0.9],
						"1.2917": [0.3575, -1.67, -0.9],
						"1.3333": [0, 0, 0]
					}
				},
				"bolt": {
					"position": {
						"2.5833": {
							"pre": [0, 0, 0],
							"post": [0, 0, 0],
							"lerp_mode": "catmullrom"
						},
						"2.6667": {
							"post": [0, 0, 3],
							"lerp_mode": "catmullrom"
						},
						"2.75": {
							"post": [0, 0, 2.75],
							"lerp_mode": "catmullrom"
						},
						"2.9167": {
							"post": [0, 0, 2.74],
							"lerp_mode": "catmullrom"
						},
						"3.0": {
							"post": [0, 0, 0.1875],
							"lerp_mode": "catmullrom"
						},
						"3.0833": {
							"post": [0, 0, 0],
							"lerp_mode": "catmullrom"
						}
					}
				},
				"rotate": {
					"rotation": {
						"2.4167": {
							"pre": [0, 0, 0],
							"post": [0, 0, 0],
							"lerp_mode": "catmullrom"
						},
						"2.5": {
							"post": [0, 0, 52.5],
							"lerp_mode": "catmullrom"
						},
						"2.5833": {
							"post": [0, 0, 48.5],
							"lerp_mode": "catmullrom"
						},
						"3.125": {
							"post": [0, 0, 48.44],
							"lerp_mode": "catmullrom"
						},
						"3.2083": {
							"post": [0, 0, -12.5],
							"lerp_mode": "catmullrom"
						},
						"3.2917": {
							"post": [0, 0, 0],
							"lerp_mode": "catmullrom"
						}
					}
				},
				"group2": {
					"rotation": {
						"2.6667": [0, 0, 0],
						"2.7083": [24.93958, 40.73439, 32.76588],
						"2.7917": [89.93958, 40.73439, 32.76588],
						"2.9583": [220.31145, 3.31074, 0.10838]
					},
					"position": {
						"2.6667": [0, 0, 0],
						"2.7083": [-4.16296, -4.32808, 0],
						"2.7917": [-6.08333, -10.64028, 0],
						"2.9583": [-3.28563, -20.67622, 0]
					}
				},
				"tip": {
					"scale": 0
				},
				"mag_release": {
					"position": {
						"0.375": [0, 0, 0],
						"0.4167": [0.0625, 0, 0],
						"0.5833": [0, 0, 0],
						"1.1667": [0, 0, 0],
						"1.2083": [0.0625, 0, 0],
						"1.2917": [0, 0, 0]
					}
				},
				"camera": {
					"rotation": {
						"0.0": {
							"post": [0, 0, 0],
							"lerp_mode": "catmullrom"
						},
						"0.1667": {
							"post": [0.8125, 0.3125, -1.125],
							"lerp_mode": "catmullrom"
						},
						"0.2917": {
							"post": [-0.3125, -0.0625, 0.5],
							"lerp_mode": "catmullrom"
						},
						"0.4583": {
							"post": [-0.1875, 0.125, 0],
							"lerp_mode": "catmullrom"
						},
						"0.5833": {
							"post": [0, -0.0625, 0.75],
							"lerp_mode": "catmullrom"
						},
						"0.75": {
							"post": [0.5625, 0, -0.25],
							"lerp_mode": "catmullrom"
						},
						"0.9583": {
							"post": [-0.125, 0.0625, 0.375],
							"lerp_mode": "catmullrom"
						},
						"1.2083": {
							"post": [0, -0.0625, 0],
							"lerp_mode": "catmullrom"
						},
						"1.4167": {
							"post": [-0.875, 0, 0.6875],
							"lerp_mode": "catmullrom"
						},
						"1.5833": {
							"post": [0.25, 0.25, -0.4375],
							"lerp_mode": "catmullrom"
						},
						"1.75": {
							"post": [-0.25, -0.0625, 0.1875],
							"lerp_mode": "catmullrom"
						},
						"1.9167": {
							"post": [0.0625, 0.0625, -0.0625],
							"lerp_mode": "catmullrom"
						},
						"2.0833": {
							"post": [0, 0, 0],
							"lerp_mode": "catmullrom"
						},
						"2.2083": {
							"post": [-0.375, 0.1875, 0],
							"lerp_mode": "catmullrom"
						},
						"2.375": {
							"post": [0.25, -0.125, 0],
							"lerp_mode": "catmullrom"
						},
						"2.625": {
							"post": [-0.5625, 0, 0.625],
							"lerp_mode": "catmullrom"
						},
						"2.7917": {
							"post": [0.4375, 0, -0.3125],
							"lerp_mode": "catmullrom"
						},
						"3.0": {
							"post": [0, -0.125, 0],
							"lerp_mode": "catmullrom"
						},
						"3.1667": {
							"post": [0.3125, 0.0625, 0.4375],
							"lerp_mode": "catmullrom"
						},
						"3.3333": {
							"post": [-0.125, 0, -0.25],
							"lerp_mode": "catmullrom"
						},
						"3.5417": {
							"post": [0, 0, 0],
							"lerp_mode": "catmullrom"
						}
					}
				}
			},
			"sound_effects": {
				"0.0417": {
					"effect": "tacz:m700/m700_reload_raise"
				},
				"0.4167": {
					"effect": "tacz:m700/m700_reload_magout"
				},
				"1.1667": {
					"effect": "tacz:m700/m700_reload_magin"
				},
				"1.6667": {
					"effect": "tacz:m700/m700_reload_end"
				},
				"2.5": {
					"effect": "tacz:m700/m700_bolt_in"
				},
				"2.8333": {
					"effect": "tacz:m700/m700_bolt_out"
				},
				"3.0": {
					"effect": "tacz:m700/m700_shell_drop"
				}
			}
		},
		"bolt": {
			"animation_length": 1.5417,
			"bones": {
				"lefthand": {
					"rotation": {
						"0.0": [96.96416, -26.09352, -138.97739],
						"0.125": [104.83489, -22.75159, -157.86254],
						"0.375": [105.83489, -22.75159, -157.86254],
						"0.625": [102.1591, -23.41554, -154.68221],
						"0.9583": [104.83489, -22.75159, -157.86254],
						"1.0833": [96.96416, -26.09352, -138.97739]
					},
					"position": {
						"0.0": [7.68, -10.03, -18.06],
						"0.125": [7.67749, -9.53001, -18.05919],
						"0.9583": [7.67749, -9.53001, -18.05919],
						"1.0833": [7.68, -10.03, -18.06]
					},
					"scale": [1, 1.5, 1]
				},
				"righthand": {
					"rotation": {
						"0.0": {
							"post": [93.54848, 4.83931, -177.55034],
							"lerp_mode": "catmullrom"
						},
						"0.125": {
							"post": [100.59196, -0.05616, -146.96711],
							"lerp_mode": "catmullrom"
						},
						"0.25": {
							"post": [100.35834, 2.22521, -150.13519],
							"lerp_mode": "catmullrom"
						},
						"0.3333": {
							"post": [100.35834, 2.22521, -150.13519],
							"lerp_mode": "catmullrom"
						},
						"0.375": {
							"post": [104.14911, 5.23075, -149.69899],
							"lerp_mode": "catmullrom"
						},
						"0.4167": {
							"post": [107.85834, 2.22521, -150.13519],
							"lerp_mode": "catmullrom"
						},
						"0.4583": {
							"post": [98.96315, 1.26775, -147.78302],
							"lerp_mode": "catmullrom"
						},
						"0.5": {
							"post": [107.9793, 0.68598, -145.37633],
							"lerp_mode": "catmullrom"
						},
						"0.5417": {
							"post": [165.35531, 0.64962, -145.22591],
							"lerp_mode": "catmullrom"
						},
						"0.5833": {
							"post": [222.9793, 0.68598, -145.37633],
							"lerp_mode": "catmullrom"
						},
						"0.625": {
							"post": [224.01558, 2.77404, -147.54263],
							"lerp_mode": "catmullrom"
						},
						"0.6667": {
							"post": [217.9793, 0.68598, -145.37633],
							"lerp_mode": "catmullrom"
						},
						"0.75": {
							"post": [221.0757, -2.45941, -147.8699],
							"lerp_mode": "catmullrom"
						},
						"0.8333": {
							"post": [217.98, 0.69, -145.38],
							"lerp_mode": "catmullrom"
						},
						"0.9583": {
							"post": [163.105, 0.69, -145.38],
							"lerp_mode": "catmullrom"
						},
						"1.0": {
							"post": [151.71217, -0.25148, -146.83759],
							"lerp_mode": "catmullrom"
						},
						"1.0417": {
							"post": [145.605, 0.69, -145.38],
							"lerp_mode": "catmullrom"
						},
						"1.0833": {
							"post": [146.76474, 7.35137, -135.04427],
							"lerp_mode": "catmullrom"
						},
						"1.125": {
							"post": [149.01535, 15.75369, -122.05862],
							"lerp_mode": "catmullrom"
						},
						"1.1667": {
							"post": [152.50574, 16.42443, -118.47569],
							"lerp_mode": "catmullrom"
						},
						"1.2083": {
							"post": [147.91682, 13.13734, -126.45909],
							"lerp_mode": "catmullrom"
						},
						"1.25": {
							"post": [131.9033, 17.46258, -136.75353],
							"lerp_mode": "catmullrom"
						},
						"1.2917": {
							"post": [121.31061, 15.18561, -148.00501],
							"lerp_mode": "catmullrom"
						},
						"1.375": {
							"post": [93.54848, 4.83931, -177.55034],
							"lerp_mode": "catmullrom"
						}
					},
					"position": {
						"0.0": {
							"post": [-6.94, -11.58, -2.48],
							"lerp_mode": "catmullrom"
						},
						"0.0833": {
							"post": [-8.75083, -10.73793, -2.58868],
							"lerp_mode": "catmullrom"
						},
						"0.2083": {
							"post": [-8.54272, -10.87962, -2.58361],
							"lerp_mode": "catmullrom"
						},
						"0.3333": {
							"post": [-8.54272, -10.87962, -2.58361],
							"lerp_mode": "catmullrom"
						},
						"0.4167": {
							"post": [-9.27182, -9.04567, -2.98322],
							"lerp_mode": "catmullrom"
						},
						"0.5": {
							"post": [-9.27, -9.425, -2.98],
							"lerp_mode": "catmullrom"
						},
						"0.5833": {
							"post": [-9.27, -8.68, 0.27],
							"lerp_mode": "catmullrom"
						},
						"0.6667": {
							"post": [-9.27, -8.68, 0.02],
							"lerp_mode": "catmullrom"
						},
						"0.8333": {
							"post": [-9.27, -8.68, 0.02],
							"lerp_mode": "catmullrom"
						},
						"0.9583": {
							"post": [-9.27, -8.68, -2.98],
							"lerp_mode": "catmullrom"
						},
						"1.0417": {
							"post": [-9.27, -8.68, -2.98],
							"lerp_mode": "catmullrom"
						},
						"1.125": {
							"post": [-8.02, -9.93, -2.98],
							"lerp_mode": "catmullrom"
						},
						"1.2083": {
							"post": [-8.02, -9.68, -2.98],
							"lerp_mode": "catmullrom"
						},
						"1.2917": {
							"post": [-8.26, -11.01, -2.63],
							"lerp_mode": "catmullrom"
						},
						"1.375": {
							"post": [-6.94, -11.58, -2.48],
							"lerp_mode": "catmullrom"
						}
					},
					"scale": [1, 1.5, 1]
				},
				"constraint": {
					"rotation": [0.2, 0.2, 0.2],
					"position": [0.2, 0.2, 0.2]
				},
				"root": {
					"rotation": {
						"0.0": {
							"post": [0, 0, 0],
							"lerp_mode": "catmullrom"
						},
						"0.1667": {
							"post": [0.10393, -0.60722, 0.12844],
							"lerp_mode": "catmullrom"
						},
						"0.2917": {
							"post": [0, -0.8125, -2.5],
							"lerp_mode": "catmullrom"
						},
						"0.375": {
							"post": [-1.14184, 0.13523, 6.64842],
							"lerp_mode": "catmullrom"
						},
						"0.4583": {
							"post": [-1.9375, 0.9375, 17.5],
							"lerp_mode": "catmullrom"
						},
						"0.5417": {
							"post": [-0.63476, 0.07491, 13.83459],
							"lerp_mode": "catmullrom"
						},
						"0.625": {
							"post": [0.6875, -0.75, 12.5],
							"lerp_mode": "catmullrom"
						},
						"0.75": {
							"post": [1.50822, -0.56762, 11.42813],
							"lerp_mode": "catmullrom"
						},
						"0.9583": {
							"post": [0, 0, 10],
							"lerp_mode": "catmullrom"
						},
						"1.0": {
							"post": [1.16837, 0.1601, 10.97986],
							"lerp_mode": "catmullrom"
						},
						"1.0833": {
							"post": [0.875, 0.375, 12.5],
							"lerp_mode": "catmullrom"
						},
						"1.1667": {
							"post": [0.58951, 0.31674, 7.13802],
							"lerp_mode": "catmullrom"
						},
						"1.25": {
							"post": [0.3125, 0.1875, 3.1875],
							"lerp_mode": "catmullrom"
						},
						"1.375": {
							"post": [0, 0, 0],
							"lerp_mode": "catmullrom"
						}
					},
					"position": {
						"0.0": {
							"post": [0, 0, 0],
							"lerp_mode": "catmullrom"
						},
						"0.0833": {
							"post": [-0.0175, 0.08, 0.1125],
							"lerp_mode": "catmullrom"
						},
						"0.1667": {
							"post": [-0.125, 0.125, 0.0625],
							"lerp_mode": "catmullrom"
						},
						"0.2917": {
							"post": [-0.1025, 0.02, -0.08],
							"lerp_mode": "catmullrom"
						},
						"0.4167": {
							"post": [0.05, 0.005, -0.25],
							"lerp_mode": "catmullrom"
						},
						"0.5": {
							"post": [0.125, -0.1825, -0.25],
							"lerp_mode": "catmullrom"
						},
						"0.625": {
							"post": [-0.0625, -0.1175, 0.5],
							"lerp_mode": "catmullrom"
						},
						"0.7083": {
							"post": [-0.06, -0.1125, 0.36],
							"lerp_mode": "catmullrom"
						},
						"0.8333": {
							"post": [0, 0.005, 0],
							"lerp_mode": "catmullrom"
						},
						"0.9583": {
							"post": [0.1225, -0.0875, 0.0575],
							"lerp_mode": "catmullrom"
						},
						"1.0417": {
							"post": [0.0625, -0.24, 0.1875],
							"lerp_mode": "catmullrom"
						},
						"1.1667": {
							"post": [-0.1875, -0.11, -0.07812],
							"lerp_mode": "catmullrom"
						},
						"1.25": {
							"post": [-0.1725, 0.0525, -0.01],
							"lerp_mode": "catmullrom"
						},
						"1.3333": {
							"post": [0, 0.06188, 0.07813],
							"lerp_mode": "catmullrom"
						},
						"1.4583": {
							"post": [0, 0, 0],
							"lerp_mode": "catmullrom"
						}
					}
				},
				"bolt": {
					"position": {
						"0.5": {
							"pre": [0, 0, 0],
							"post": [0, 0, 0],
							"lerp_mode": "catmullrom"
						},
						"0.5833": {
							"post": [0, 0, 3],
							"lerp_mode": "catmullrom"
						},
						"0.6667": {
							"post": [0, 0, 2.75],
							"lerp_mode": "catmullrom"
						},
						"0.8333": {
							"post": [0, 0, 2.74],
							"lerp_mode": "catmullrom"
						},
						"0.9167": {
							"post": [0, 0, 0.1875],
							"lerp_mode": "catmullrom"
						},
						"1.0": {
							"post": [0, 0, 0],
							"lerp_mode": "catmullrom"
						}
					}
				},
				"rotate": {
					"rotation": {
						"0.3333": {
							"pre": [0, 0, 0],
							"post": [0, 0, 0],
							"lerp_mode": "catmullrom"
						},
						"0.4167": {
							"post": [0, 0, 52.5],
							"lerp_mode": "catmullrom"
						},
						"0.5": {
							"post": [0, 0, 48.5],
							"lerp_mode": "catmullrom"
						},
						"1.0417": {
							"post": [0, 0, 48.44],
							"lerp_mode": "catmullrom"
						},
						"1.125": {
							"post": [0, 0, -12.5],
							"lerp_mode": "catmullrom"
						},
						"1.2083": {
							"post": [0, 0, 0],
							"lerp_mode": "catmullrom"
						}
					}
				},
				"group2": {
					"rotation": {
						"0.5833": [0, 0, 0],
						"0.625": [24.93958, 40.73439, 32.76588],
						"0.7083": [89.93958, 40.73439, 32.76588],
						"0.875": [220.31145, 3.31074, 0.10838]
					},
					"position": {
						"0.5833": [0, 0, 0],
						"0.625": [-4.16296, -4.32808, 0],
						"0.7083": [-6.08333, -10.64028, 0],
						"0.875": [-3.28563, -20.67622, 0]
					}
				},
				"tip": {
					"scale": 0
				},
				"camera": {
					"rotation": {
						"0.0": {
							"post": [0, 0, 0],
							"lerp_mode": "catmullrom"
						},
						"0.125": {
							"post": [-0.375, 0.1875, 0],
							"lerp_mode": "catmullrom"
						},
						"0.2917": {
							"post": [0.25, -0.125, 0],
							"lerp_mode": "catmullrom"
						},
						"0.5417": {
							"post": [-0.5625, 0, 0.625],
							"lerp_mode": "catmullrom"
						},
						"0.7083": {
							"post": [0.4375, 0, -0.3125],
							"lerp_mode": "catmullrom"
						},
						"0.9167": {
							"post": [0, -0.125, 0],
							"lerp_mode": "catmullrom"
						},
						"1.0833": {
							"post": [0.3125, 0.0625, 0.4375],
							"lerp_mode": "catmullrom"
						},
						"1.25": {
							"post": [-0.125, 0, -0.25],
							"lerp_mode": "catmullrom"
						},
						"1.4583": {
							"post": [0, 0, 0],
							"lerp_mode": "catmullrom"
						}
					}
				}
			},
			"sound_effects": {
				"0.4167": {
					"effect": "tacz:m700/m700_bolt_in"
				},
				"0.75": {
					"effect": "tacz:m700/m700_bolt_out"
				},
				"0.9167": {
					"effect": "tacz:m700/m700_shell_drop"
				}
			}
		},
		"shoot": {
			"loop": true,
			"animation_length": 0.625,
			"bones": {
				"root": {
					"rotation": {
						"0.0": [0, 0, 0],
						"0.0417": [1.23, 0, 0.73],
						"0.0833": [-2.52, 0, -1.23],
						"0.125": [-2.41, 0, -0.4],
						"0.1667": [-1.59, 0, 0.53],
						"0.2083": [-0.61, 0.01, 0.02],
						"0.25": [0.28, 0, -0.57],
						"0.2917": [0.48, -0.06, -0.31],
						"0.3333": [0.49, -0.15, 0.2],
						"0.375": [0.43, -0.2, 0.53],
						"0.4167": [0.29, -0.18, 0.43],
						"0.4583": [0.08, -0.12, 0.16],
						"0.5": [-0.07, -0.07, -0.05],
						"0.5417": [-0.13, -0.04, -0.1],
						"0.5833": [-0.13, -0.02, -0.09],
						"0.625": [0, 0, 0]
					},
					"position": {
						"0.0": [0, 0, 0],
						"0.0417": [0, -0.02, 2.23],
						"0.0833": [0, -0.07, 2.08],
						"0.125": [0, -0.14, 0.96],
						"0.1667": [0, -0.17, -0.12],
						"0.2083": [0, -0.11, -0.14],
						"0.25": [0, -0.02, 0.1],
						"0.2917": [0, -0.01, 0],
						"0.3333": [0, 0, -0.13],
						"0.375": [0, 0, 0]
					}
				},
				"trigger": {
					"rotation": {
						"0.0": [0, 0, 0],
						"0.0417": [25, 0, 0],
						"0.1667": [0, 0, 0]
					}
				},
				"camera": {
					"rotation": {
						"0.0": [0, 0, 0],
						"0.0417": [0, 0, 0.6],
						"0.0833": [0, 0, -0.4],
						"0.125": [0, 0, 0.33],
						"0.1667": [0, 0, 0.08],
						"0.2083": [0, 0, -0.22],
						"0.25": [0, 0, 0],
						"0.2917": [0, 0, -0.01],
						"0.3333": [0, 0, -0.04],
						"0.375": [0, 0, 0]
					}
				}
			}
		}
	}
}