{
  "ammo": "tacz:308",
  "ammo_amount": 20,
  "extended_mag_ammo_amount": [
    25,
    30,
    35
  ],
  "bolt": "closed_bolt",
  "rpm": 600,
  "bullet": {
    "life": 0.75,
    "bullet_amount": 1,
    "damage": 14,
    "tracer_count_interval": 0,
    "extra_damage": {
      "armor_ignore": 0.5,
      "head_shot_multiplier": 1.5,
      "damage_adjust": [
        {"distance": 1, "damage": 14},
        {"distance": 35, "damage": 12},
        {"distance": 85, "damage": 10},
        {"distance": "infinite", "damage": 8}
      ]
    },
    "speed": 265,
    "gravity": 0.098,
    "knockback": 0,
    "friction": 0.015,
    "ignite": false,
    "pierce": 1
  },
  "reload": {
    "type": "magazine",
    "feed": {
      "empty": 1.86,
      "tactical": 1.3
    },
    "cooldown": {
      "empty": 2.3,
      "tactical": 2
    }
  },
  "draw_time": 0.47,
  "put_away_time": 0.53,
  "aim_time": 0.2,
  "sprint_time": 0.17,
  "fire_mode": [
    "semi",
    "auto"
  ],
  "recoil": {
    "pitch": [
      {"time": 0, "value": [1, 1]},
      {"time": 0.2, "value": [1, 1]},
      {"time": 0.6, "value": [-0.135, -0.135]},
      {"time": 0.75, "value": [0, 0]}
    ],
    "yaw": [
      {"time": 0, "value": [-0.4, 0.3]},
      {"time": 0.2, "value": [-0.4, 0.3]},
      {"time": 0.6, "value": [0, 0]}
    ]
  },
  "inaccuracy": {
    "stand": 4.75,
    "move": 5,
    "sneak": 4.25,
    "lie": 3.75,
    "aim": 0.1
  },
  // 近战相关
  "melee": {
    // 枪械距离参数，用来延升近战攻击范围
    // 会与刺刀等配件的距离做加和
    "distance": 1,
    // 使用时的冷却时间
    "cooldown": 0.6,
    // 默认近战数据，会被配件的数据替换掉
    "default": {
      // 动画类型：没有枪托的为 melee_push，有枪托的为 melee_stock
      "animation_type": "melee_stock",
      // 刺刀距离参数，枪械里还有个刺刀攻击距离参数，两者做加和
      "distance": 1,
      // 刺刀范围角度
      "range_angle": 30,
      // 伤害值
      "damage": 2,
      // 击退效果
      "knockback": 0.5,
      // 前摇时长，单位：秒
      "prep": 0.1
    }
  },
  "allow_attachment_types": [
    "scope",
    "stock",
    "grip",
    "muzzle",
    "extended_mag"
  ],
  "exclusive_attachments": {
  }
}