{
  "ammo": "maxstuff:12g_db",
  "ammo_amount": 10,
  "extended_mag_ammo_amount": [
    12,
    13,
    20
  ],
  "bolt": "closed_bolt",
  "rpm": 650,
  "bullet": {
    "life": 0.6,
    "bullet_amount": 7,
    "damage": 30,
    "tracer_count_interval": 0,
    "extra_damage": {
      "armor_ignore": 0.0,
      "head_shot_multiplier": 1.33,
      "damage_adjust": [
        {"distance": 1.5, "damage": 45},
        {"distance": 15, "damage": 40},
        {"distance": 30, "damage": 35},
        {"distance": "infinite", "damage": 15}
      ]
    },
    "speed": 265,
    "gravity": 0.098,
    "knockback": 0,
    "friction": 0.015,
    "ignite": true,
    "ignite_entity_time": 10,
    "pierce": 1
  },
  "reload": {
    "type": "magazine",
    "feed": {
      "empty": 1.87,
      "tactical": 1.40
    },
    "cooldown": {
      "empty": 2.2,
      "tactical": 1.87
    }
  },
  "draw_time": 0.3,
  "put_away_time": 0.43,
  "aim_time": 0.2,
  "sprint_time": 0.2,
  "fire_mode": [
    "semi"
  ],
  "burst_data": {
    "continuous_shoot": false,
    "count": 3,
    "bpm": 900,
    "min_interval": 0.3
  },
  "recoil": {
    "pitch": [
      {"time": 0, "value": [1.35, 1.35]},
      {"time": 0.125, "value": [1.35, 1.35]},
      {"time": 0.4, "value": [-0.55, -0.55]},
      {"time": 0.55, "value": [0, 0]}
    ],
    "yaw": [
      {"time": 0, "value": [-0.5, 0.5]},
      {"time": 0.1, "value": [-0.5, 0.5]},
      {"time": 0.2, "value": [0.15, 0.15]},
      {"time": 0.4, "value": [0, 0]}
    ]
  },
  "inaccuracy": {
    "stand": 4.5,
    "move": 4.75,
    "sneak": 4,
    "lie": 4,
    "aim": 4
  },
  // 近战相关
  "melee": {
    // 枪械距离参数，用来延升近战攻击范围
    // 会与刺刀等配件的距离做加和
    "distance": 1,
    // 使用时的冷却时间
    "cooldown": 0.6,
    // 默认近战数据，会被配件的数据替换掉
    "default": {
      // 动画类型：没有枪托的为 melee_push，有枪托的为 melee_stock
      "animation_type": "melee_stock",
      // 刺刀距离参数，枪械里还有个刺刀攻击距离参数，两者做加和
      "distance": 0,
      // 刺刀范围角度
      "range_angle": 30,
      // 伤害值
      "damage": 2,
      // 击退效果
      "knockback": 0.5,
      // 前摇时长，单位：秒
      "prep": 0.1
    }
  },
  "allow_attachment_types": [
    "scope",
    "stock",
    "grip",
    "muzzle",
    "extended_mag"
  ],
  "exclusive_attachments": {
  }
}