{
  "ammo": "ea:545x39",
  "ammo_amount": 30,
  "extended_mag_ammo_amount": [
    35,
    40,
    60
  ],
  "bolt": "closed_bolt",
  "rpm": 700,
  "bullet": {
    "life": 0.8,
    "bullet_amount": 1,
    "damage": 6.5,
    "tracer_count_interval": 0,
    "extra_damage": {
      "armor_ignore": 0.25,
      "head_shot_multiplier": 1.5,
      "damage_adjust": [
        {"distance": 30, "damage": 6.5},
        {"distance": 55, "damage": 6},
        {"distance": 60, "damage": 4.5},
        {"distance": 110, "damage": 3},
        {"distance": "infinite", "damage": 3}
      ]
    },
    "speed": 220,
    "gravity": 0.0285,
    "knockback": 0,
    "friction": 0.01,
    "ignite": false,
    "ignite_entity_time": 2,
    "pierce": 1
  },
  "reload": {
    "type": "magazine",
    "feed": {
      "empty": 2.25,
      "tactical": 1.55
    },
    "cooldown": {
      "empty": 2.6,
      "tactical": 2.0
    }
  },
  "draw_time": 0.2,
  "put_away_time": 0.4,
  "aim_time": 0.12,
  "sprint_time": 0.15,
  "fire_mode": [
    "auto",
    "semi"
  ],
  "burst_data": {
    "continuous_shoot": true,
    "count": 3,
    "bpm": 900,
    "min_interval": 0.3
  },
  "recoil": {
    "pitch": [
      {"time": 0, "value": [0.5, 0.5]},
      {"time": 0.25, "value": [0.5, 0.5]},
      {"time": 0.45, "value": [-0.175, -0.175]},
      {"time": 0.6, "value": [0, 0]}
    ],
    "yaw": [
      {"time": 0, "value": [-0.3, -0.2]},
      {"time": 0.25, "value": [-0.3, -0.2]},
      {"time": 0.45, "value": [0, 0]}
    ]
  },
  "hurt_bob_tweak_multiplier": 0.05,
  "inaccuracy": {
    "stand": 5,
    "move": 5.75,
    "sneak": 3.5,
    "lie": 2.5,
    "aim": 0.15
  },
  "melee": {
    "distance": 1,
    "cooldown": 0.7,
    "default": {
      "animation_type": "melee_push",
      "distance": 1,
      "range_angle": 40,
      "cooldown": 0,
      "damage": 1,
      "knockback": 0.5,
      "prep": 0.1
    }
  },
  "allow_attachment_types": [
    "scope",
    "stock",
    "grip",
    "extended_mag"
  ]
}
