{
  "ammo": "tacz:50bmg",
  "ammo_amount": 10,
  "extended_mag_ammo_amount": [
    12,
    14,
    20
  ],
  "bolt": "closed_bolt",
  "rpm": 400,
  "bullet": {
    "life": 1.1,
    "bullet_amount": 1,
    "damage": 62,
    "tracer_count_interval": 0,
    "extra_damage": {
      "armor_ignore": 0.75,
      "head_shot_multiplier": 2.5,
      "damage_adjust": [
        {"distance": 75, "damage": 62},
        {"distance": 150, "damage": 56},
        {"distance": "infinite", "damage": 43}
      ]
    },
    "explosion": {
      "explode": true,
      "damage": 50,
      "radius": 6,
      "knockback": true,
      "delay": 30
    },
    "speed": 400,
    "gravity": 0.098,
    "knockback": 0,
    "friction": 0.03,
    "ignite": false,
    "pierce": 5
  },
  "reload": {
    "type": "magazine",
    "feed": {
      "empty": 4.30,
      "tactical": 3.28
    },
    "cooldown": {
      "empty": 5.25,
      "tactical": 4.35
    }
  },
  "draw_time": 1.03,
  "put_away_time": 0.87,
  "aim_time": 0.25,
  "sprint_time": 0.15,
  "fire_mode": [
    "auto",
    "semi"
  ],
  "recoil": {
    "pitch": [
      {"time": 0, "value": [4.5, 4.5]},
      {"time": 0.32, "value": [4.5, 4.5]},
      {"time": 0.57, "value": [-0.5, -0.5]},
      {"time": 0.82, "value": [0.25, 0.25]},
      {"time": 1.17, "value": [0, 0]},
      {"time": 1.47, "value": [0, 0]}
    ],
    "yaw": [
      {"time": 0, "value": [-0.9, -0.75]},
      {"time": 0.32, "value": [-0.9, -0.75]},
      {"time": 0.57, "value": [0, 0]}
    ]
  },
  "inaccuracy": {
    "stand": 9,
    "move": 12.5,
    "sneak": 7.5,
    "lie": 6,
    "aim": 0.05
  },
  // 近战相关
  "melee": {
    // 枪械距离参数，用来延升近战攻击范围
    // 会与刺刀等配件的距离做加和
    "distance": 1,
    // 使用时的冷却时间
    "cooldown": 1.2,
    // 默认近战数据，会被配件的数据替换掉
    "default": {
      // 动画类型：没有枪托的为 melee_push，有枪托的为 melee_stock
      "animation_type": "melee_stock",
      // 刺刀距离参数，枪械里还有个刺刀攻击距离参数，两者做加和
      "distance": 0,
      // 刺刀范围角度
      "range_angle": 30,
      // 伤害值
      "damage": 2,
      // 击退效果
      "knockback": 0.85,
      // 前摇时长，单位：秒
      "prep": 0.1
    }
  },
  "allow_attachment_types": [
    "scope",
    "muzzle",
    "extended_mag"
  ]
}