{
  "ammo": "tacz:9mm",
  "rpm": 600,
  "bullet": {
    "life": 0.65,
    "bullet_amount": 1,
    "damage": 6.5,
    "tracer_count_interval": 0,
    "extra_damage": {
      "armor_ignore": 0.15,
      "head_shot_multiplier": 1.25,
      "damage_adjust": [
        {"distance": 0.5, "damage": 7},
        {"distance": 24, "damage": 6.5},
        {"distance": 50, "damage": 5.5},
        {"distance": "infinite", "damage": 4}
      ]
    },
    "speed": 180,
    "gravity": 0.098,
    "knockback": 0,
    "friction": 0.025,
    "ignite": false,
    "pierce": 1
  },
  "ammo_amount": 15,
  "extended_mag_ammo_amount": [
    17,
    20,
    25
  ],
  "bolt": "open_bolt",
  "reload": {
    "type": "magazine",
    "feed": {
      "empty": 2.6,
      "tactical": 2.4784
    },
    "cooldown": {
      "empty": 2.7,
      "tactical": 2.5
    }
  },
  "draw_time": 0.6667,
  "put_away_time": 0.43,
  "aim_time": 0.15,
  "sprint_time": 0.2,
  "fire_mode": [
    "auto"
  ],
  "allow_attachment_types": [
    "extended_mag"
  ],
  "recoil": {
    "pitch": [
      {"time": 0, "value": [1.35, 1.4]},
      {"time": 0.45, "value": [0.7, 0.75]},
      {"time": 0.5, "value": [-0.12, 0.12]},
      {"time": 1.0, "value": [-0.02, 0.02]},
      {"time": 1.5, "value": [-0.02, 0.02]},
      {"time": 2.0, "value": [-0.01, 0.01]},
      {"time": 2.5, "value": [-0.01, 0.01]},
      {"time": 3.0, "value": [0, 0]}
    ],
    "yaw": [
      {"time": 0, "value": [-0.5, 0.6]},
      {"time": 0.15, "value": [-0.3, 0.35]},
      {"time": 0.5, "value": [-0.25, 0.25]},
      {"time": 1.0, "value": [-0.02, 0.02]},
      {"time": 1.5, "value": [-0.02, 0.02]},
      {"time": 2.0, "value": [-0.01, 0.01]},
      {"time": 2.5, "value": [-0.01, 0.01]},
      {"time": 3.0, "value": [0, 0]}
    ]
  },
  "melee": {
    "distance": 1,
    "cooldown": 0.6,
    "default": {
      "animation_type": "melee_push",
      "distance": 0,
      "range_angle": 40,
      "cooldown": 0,
      "damage": 1,
      "knockback": 0.4,
      "prep": 0.1
    }
  }
}